feature,model_vars,defalut,default
bank_txn_category_global_cnt,model_vars_category,-1000000,-999999.99999
bank_txn_category_global_credit_cnt,model_vars_category,-1000000,-999999.99999
bank_txn_category_global_debit_cnt,model_vars_category,-1000000,-999999.99999
bank_txn_category_global_amt,model_vars_category,-1000000,-999999.99999
bank_txn_category_global_credit_amt,model_vars_category,-1000000,-999999.99999
bank_txn_category_global_debit_amt,model_vars_category,-1000000,-999999.99999
bank_txn_category_global_cnt_7d,model_vars_category,-1000000,-999999.99999
bank_txn_category_global_credit_cnt_7d,model_vars_category,-1000000,-999999.99999
bank_txn_category_global_debit_cnt_7d,model_vars_category,-1000000,-999999.99999
bank_txn_category_global_amt_7d,model_vars_category,-1000000,-999999.99999
bank_txn_category_global_credit_amt_7d,model_vars_category,-1000000,-999999.99999
bank_txn_category_global_debit_amt_7d,model_vars_category,-1000000,-999999.99999
bank_txn_category_non_sacc_loans_cnt_7d,model_vars_category,-1000000,-999999.99999
bank_txn_category_dining_out_cnt_7d,model_vars_category,-1000000,-999999.99999
bank_txn_category_retail_cnt_7d,model_vars_category,-1000000,-999999.99999
bank_txn_category_subscription_tv_cnt_7d,model_vars_category,-1000000,-999999.99999
bank_txn_category_internal_transfer_cnt_7d,model_vars_category,-1000000,-999999.99999
bank_txn_category_external_transfers_cnt_7d,model_vars_category,-1000000,-999999.99999
bank_txn_category_all_other_credits_cnt_7d,model_vars_category,-1000000,-999999.99999
bank_txn_category_travel_cnt_7d,model_vars_category,-1000000,-999999.99999
bank_txn_category_automotive_cnt_7d,model_vars_category,-1000000,-999999.99999
bank_txn_category_groceries_cnt_7d,model_vars_category,-1000000,-999999.99999
bank_txn_category_sacc_loans_cnt_7d,model_vars_category,-1000000,-999999.99999
bank_txn_category_education_cnt_7d,model_vars_category,-1000000,-999999.99999
bank_txn_category_telecommunications_cnt_7d,model_vars_category,-1000000,-999999.99999
bank_txn_category_health_cnt_7d,model_vars_category,-1000000,-999999.99999
bank_txn_category_department_stores_cnt_7d,model_vars_category,-1000000,-999999.99999
bank_txn_category_pet_care_cnt_7d,model_vars_category,-1000000,-999999.99999
bank_txn_category_home_improvement_cnt_7d,model_vars_category,-1000000,-999999.99999
bank_txn_category_gyms_and_other_memberships_cnt_7d,model_vars_category,-1000000,-999999.99999
bank_txn_category_overdrawn_cnt_7d,model_vars_category,-1000000,-999999.99999
bank_txn_category_information_cnt_7d,model_vars_category,-1000000,-999999.99999
bank_txn_category_debt_collection_cnt_7d,model_vars_category,-1000000,-999999.99999
bank_txn_category_utilities_cnt_7d,model_vars_category,-1000000,-999999.99999
bank_txn_category_entertainment_cnt_7d,model_vars_category,-1000000,-999999.99999
bank_txn_category_transport_cnt_7d,model_vars_category,-1000000,-999999.99999
bank_txn_category_donations_cnt_7d,model_vars_category,-1000000,-999999.99999
bank_txn_category_rent_cnt_7d,model_vars_category,-1000000,-999999.99999
bank_txn_category_fees_cnt_7d,model_vars_category,-1000000,-999999.99999
bank_txn_category_debt_consolidation_cnt_7d,model_vars_category,-1000000,-999999.99999
bank_txn_category_gambling_cnt_7d,model_vars_category,-1000000,-999999.99999
bank_txn_category_insurance_cnt_7d,model_vars_category,-1000000,-999999.99999
bank_txn_category_centrelink_cnt_7d,model_vars_category,-1000000,-999999.99999
bank_txn_category_dishonours_cnt_7d,model_vars_category,-1000000,-999999.99999
bank_txn_category_credit_card_repayments_cnt_7d,model_vars_category,-1000000,-999999.99999
bank_txn_category_personal_care_cnt_7d,model_vars_category,-1000000,-999999.99999
bank_txn_category_wages_cnt_7d,model_vars_category,-1000000,-999999.99999
bank_txn_category_all_other_credits_credit_cnt_7d,model_vars_category,-1000000,-999999.99999
bank_txn_category_all_other_credits_debit_cnt_7d,model_vars_category,-1000000,-999999.99999
bank_txn_category_automotive_credit_cnt_7d,model_vars_category,-1000000,-999999.99999
bank_txn_category_automotive_debit_cnt_7d,model_vars_category,-1000000,-999999.99999
bank_txn_category_pet_care_credit_cnt_7d,model_vars_category,-1000000,-999999.99999
bank_txn_category_pet_care_debit_cnt_7d,model_vars_category,-1000000,-999999.99999
bank_txn_category_home_improvement_credit_cnt_7d,model_vars_category,-1000000,-999999.99999
bank_txn_category_home_improvement_debit_cnt_7d,model_vars_category,-1000000,-999999.99999
bank_txn_category_sacc_loans_credit_cnt_7d,model_vars_category,-1000000,-999999.99999
bank_txn_category_sacc_loans_debit_cnt_7d,model_vars_category,-1000000,-999999.99999
bank_txn_category_department_stores_credit_cnt_7d,model_vars_category,-1000000,-999999.99999
bank_txn_category_department_stores_debit_cnt_7d,model_vars_category,-1000000,-999999.99999
bank_txn_category_gyms_and_other_memberships_credit_cnt_7d,model_vars_category,-1000000,-999999.99999
bank_txn_category_gyms_and_other_memberships_debit_cnt_7d,model_vars_category,-1000000,-999999.99999
bank_txn_category_overdrawn_credit_cnt_7d,model_vars_category,-1000000,-999999.99999
bank_txn_category_overdrawn_debit_cnt_7d,model_vars_category,-1000000,-999999.99999
bank_txn_category_information_credit_cnt_7d,model_vars_category,-1000000,-999999.99999
bank_txn_category_information_debit_cnt_7d,model_vars_category,-1000000,-999999.99999
bank_txn_category_retail_credit_cnt_7d,model_vars_category,-1000000,-999999.99999
bank_txn_category_retail_debit_cnt_7d,model_vars_category,-1000000,-999999.99999
bank_txn_category_debt_collection_credit_cnt_7d,model_vars_category,-1000000,-999999.99999
bank_txn_category_debt_collection_debit_cnt_7d,model_vars_category,-1000000,-999999.99999
bank_txn_category_utilities_credit_cnt_7d,model_vars_category,-1000000,-999999.99999
bank_txn_category_utilities_debit_cnt_7d,model_vars_category,-1000000,-999999.99999
bank_txn_category_subscription_tv_credit_cnt_7d,model_vars_category,-1000000,-999999.99999
bank_txn_category_subscription_tv_debit_cnt_7d,model_vars_category,-1000000,-999999.99999
bank_txn_category_entertainment_credit_cnt_7d,model_vars_category,-1000000,-999999.99999
bank_txn_category_entertainment_debit_cnt_7d,model_vars_category,-1000000,-999999.99999
bank_txn_category_transport_credit_cnt_7d,model_vars_category,-1000000,-999999.99999
bank_txn_category_transport_debit_cnt_7d,model_vars_category,-1000000,-999999.99999
bank_txn_category_donations_credit_cnt_7d,model_vars_category,-1000000,-999999.99999
bank_txn_category_donations_debit_cnt_7d,model_vars_category,-1000000,-999999.99999
bank_txn_category_rent_credit_cnt_7d,model_vars_category,-1000000,-999999.99999
bank_txn_category_rent_debit_cnt_7d,model_vars_category,-1000000,-999999.99999
bank_txn_category_non_sacc_loans_credit_cnt_7d,model_vars_category,-1000000,-999999.99999
bank_txn_category_non_sacc_loans_debit_cnt_7d,model_vars_category,-1000000,-999999.99999
bank_txn_category_external_transfers_credit_cnt_7d,model_vars_category,-1000000,-999999.99999
bank_txn_category_external_transfers_debit_cnt_7d,model_vars_category,-1000000,-999999.99999
bank_txn_category_fees_credit_cnt_7d,model_vars_category,-1000000,-999999.99999
bank_txn_category_fees_debit_cnt_7d,model_vars_category,-1000000,-999999.99999
bank_txn_category_debt_consolidation_credit_cnt_7d,model_vars_category,-1000000,-999999.99999
bank_txn_category_debt_consolidation_debit_cnt_7d,model_vars_category,-1000000,-999999.99999
bank_txn_category_gambling_credit_cnt_7d,model_vars_category,-1000000,-999999.99999
bank_txn_category_gambling_debit_cnt_7d,model_vars_category,-1000000,-999999.99999
bank_txn_category_internal_transfer_credit_cnt_7d,model_vars_category,-1000000,-999999.99999
bank_txn_category_internal_transfer_debit_cnt_7d,model_vars_category,-1000000,-999999.99999
bank_txn_category_insurance_credit_cnt_7d,model_vars_category,-1000000,-999999.99999
bank_txn_category_insurance_debit_cnt_7d,model_vars_category,-1000000,-999999.99999
bank_txn_category_travel_credit_cnt_7d,model_vars_category,-1000000,-999999.99999
bank_txn_category_travel_debit_cnt_7d,model_vars_category,-1000000,-999999.99999
bank_txn_category_centrelink_credit_cnt_7d,model_vars_category,-1000000,-999999.99999
bank_txn_category_centrelink_debit_cnt_7d,model_vars_category,-1000000,-999999.99999
bank_txn_category_dishonours_credit_cnt_7d,model_vars_category,-1000000,-999999.99999
bank_txn_category_dishonours_debit_cnt_7d,model_vars_category,-1000000,-999999.99999
bank_txn_category_credit_card_repayments_credit_cnt_7d,model_vars_category,-1000000,-999999.99999
bank_txn_category_credit_card_repayments_debit_cnt_7d,model_vars_category,-1000000,-999999.99999
bank_txn_category_groceries_credit_cnt_7d,model_vars_category,-1000000,-999999.99999
bank_txn_category_groceries_debit_cnt_7d,model_vars_category,-1000000,-999999.99999
bank_txn_category_personal_care_credit_cnt_7d,model_vars_category,-1000000,-999999.99999
bank_txn_category_personal_care_debit_cnt_7d,model_vars_category,-1000000,-999999.99999
bank_txn_category_health_credit_cnt_7d,model_vars_category,-1000000,-999999.99999
bank_txn_category_health_debit_cnt_7d,model_vars_category,-1000000,-999999.99999
bank_txn_category_wages_credit_cnt_7d,model_vars_category,-1000000,-999999.99999
bank_txn_category_wages_debit_cnt_7d,model_vars_category,-1000000,-999999.99999
bank_txn_category_telecommunications_credit_cnt_7d,model_vars_category,-1000000,-999999.99999
bank_txn_category_telecommunications_debit_cnt_7d,model_vars_category,-1000000,-999999.99999
bank_txn_category_dining_out_credit_cnt_7d,model_vars_category,-1000000,-999999.99999
bank_txn_category_dining_out_debit_cnt_7d,model_vars_category,-1000000,-999999.99999
bank_txn_category_education_credit_cnt_7d,model_vars_category,-1000000,-999999.99999
bank_txn_category_education_debit_cnt_7d,model_vars_category,-1000000,-999999.99999
bank_txn_category_non_sacc_loans_amt_7d,model_vars_category,-1000000,-999999.99999
bank_txn_category_dining_out_amt_7d,model_vars_category,-1000000,-999999.99999
bank_txn_category_retail_amt_7d,model_vars_category,-1000000,-999999.99999
bank_txn_category_subscription_tv_amt_7d,model_vars_category,-1000000,-999999.99999
bank_txn_category_internal_transfer_amt_7d,model_vars_category,-1000000,-999999.99999
bank_txn_category_external_transfers_amt_7d,model_vars_category,-1000000,-999999.99999
bank_txn_category_all_other_credits_amt_7d,model_vars_category,-1000000,-999999.99999
bank_txn_category_travel_amt_7d,model_vars_category,-1000000,-999999.99999
bank_txn_category_automotive_amt_7d,model_vars_category,-1000000,-999999.99999
bank_txn_category_groceries_amt_7d,model_vars_category,-1000000,-999999.99999
bank_txn_category_sacc_loans_amt_7d,model_vars_category,-1000000,-999999.99999
bank_txn_category_education_amt_7d,model_vars_category,-1000000,-999999.99999
bank_txn_category_telecommunications_amt_7d,model_vars_category,-1000000,-999999.99999
bank_txn_category_health_amt_7d,model_vars_category,-1000000,-999999.99999
bank_txn_category_department_stores_amt_7d,model_vars_category,-1000000,-999999.99999
bank_txn_category_pet_care_amt_7d,model_vars_category,-1000000,-999999.99999
bank_txn_category_home_improvement_amt_7d,model_vars_category,-1000000,-999999.99999
bank_txn_category_gyms_and_other_memberships_amt_7d,model_vars_category,-1000000,-999999.99999
bank_txn_category_overdrawn_amt_7d,model_vars_category,-1000000,-999999.99999
bank_txn_category_information_amt_7d,model_vars_category,-1000000,-999999.99999
bank_txn_category_debt_collection_amt_7d,model_vars_category,-1000000,-999999.99999
bank_txn_category_utilities_amt_7d,model_vars_category,-1000000,-999999.99999
bank_txn_category_entertainment_amt_7d,model_vars_category,-1000000,-999999.99999
bank_txn_category_transport_amt_7d,model_vars_category,-1000000,-999999.99999
bank_txn_category_donations_amt_7d,model_vars_category,-1000000,-999999.99999
bank_txn_category_rent_amt_7d,model_vars_category,-1000000,-999999.99999
bank_txn_category_fees_amt_7d,model_vars_category,-1000000,-999999.99999
bank_txn_category_debt_consolidation_amt_7d,model_vars_category,-1000000,-999999.99999
bank_txn_category_gambling_amt_7d,model_vars_category,-1000000,-999999.99999
bank_txn_category_insurance_amt_7d,model_vars_category,-1000000,-999999.99999
bank_txn_category_centrelink_amt_7d,model_vars_category,-1000000,-999999.99999
bank_txn_category_dishonours_amt_7d,model_vars_category,-1000000,-999999.99999
bank_txn_category_credit_card_repayments_amt_7d,model_vars_category,-1000000,-999999.99999
bank_txn_category_personal_care_amt_7d,model_vars_category,-1000000,-999999.99999
bank_txn_category_wages_amt_7d,model_vars_category,-1000000,-999999.99999
bank_txn_category_all_other_credits_credit_amt_7d,model_vars_category,-1000000,-999999.99999
bank_txn_category_external_transfers_credit_amt_7d,model_vars_category,-1000000,-999999.99999
bank_txn_category_internal_transfer_credit_amt_7d,model_vars_category,-1000000,-999999.99999
bank_txn_category_health_credit_amt_7d,model_vars_category,-1000000,-999999.99999
bank_txn_category_automotive_credit_amt_7d,model_vars_category,-1000000,-999999.99999
bank_txn_category_pet_care_credit_amt_7d,model_vars_category,-1000000,-999999.99999
bank_txn_category_home_improvement_credit_amt_7d,model_vars_category,-1000000,-999999.99999
bank_txn_category_sacc_loans_credit_amt_7d,model_vars_category,-1000000,-999999.99999
bank_txn_category_department_stores_credit_amt_7d,model_vars_category,-1000000,-999999.99999
bank_txn_category_gyms_and_other_memberships_credit_amt_7d,model_vars_category,-1000000,-999999.99999
bank_txn_category_overdrawn_credit_amt_7d,model_vars_category,-1000000,-999999.99999
bank_txn_category_information_credit_amt_7d,model_vars_category,-1000000,-999999.99999
bank_txn_category_retail_credit_amt_7d,model_vars_category,-1000000,-999999.99999
bank_txn_category_debt_collection_credit_amt_7d,model_vars_category,-1000000,-999999.99999
bank_txn_category_utilities_credit_amt_7d,model_vars_category,-1000000,-999999.99999
bank_txn_category_subscription_tv_credit_amt_7d,model_vars_category,-1000000,-999999.99999
bank_txn_category_entertainment_credit_amt_7d,model_vars_category,-1000000,-999999.99999
bank_txn_category_transport_credit_amt_7d,model_vars_category,-1000000,-999999.99999
bank_txn_category_donations_credit_amt_7d,model_vars_category,-1000000,-999999.99999
bank_txn_category_rent_credit_amt_7d,model_vars_category,-1000000,-999999.99999
bank_txn_category_non_sacc_loans_credit_amt_7d,model_vars_category,-1000000,-999999.99999
bank_txn_category_fees_credit_amt_7d,model_vars_category,-1000000,-999999.99999
bank_txn_category_debt_consolidation_credit_amt_7d,model_vars_category,-1000000,-999999.99999
bank_txn_category_gambling_credit_amt_7d,model_vars_category,-1000000,-999999.99999
bank_txn_category_insurance_credit_amt_7d,model_vars_category,-1000000,-999999.99999
bank_txn_category_travel_credit_amt_7d,model_vars_category,-1000000,-999999.99999
bank_txn_category_centrelink_credit_amt_7d,model_vars_category,-1000000,-999999.99999
bank_txn_category_dishonours_credit_amt_7d,model_vars_category,-1000000,-999999.99999
bank_txn_category_credit_card_repayments_credit_amt_7d,model_vars_category,-1000000,-999999.99999
bank_txn_category_groceries_credit_amt_7d,model_vars_category,-1000000,-999999.99999
bank_txn_category_personal_care_credit_amt_7d,model_vars_category,-1000000,-999999.99999
bank_txn_category_wages_credit_amt_7d,model_vars_category,-1000000,-999999.99999
bank_txn_category_telecommunications_credit_amt_7d,model_vars_category,-1000000,-999999.99999
bank_txn_category_dining_out_credit_amt_7d,model_vars_category,-1000000,-999999.99999
bank_txn_category_education_credit_amt_7d,model_vars_category,-1000000,-999999.99999
bank_txn_category_non_sacc_loans_debit_amt_7d,model_vars_category,-1000000,-999999.99999
bank_txn_category_dining_out_debit_amt_7d,model_vars_category,-1000000,-999999.99999
bank_txn_category_retail_debit_amt_7d,model_vars_category,-1000000,-999999.99999
bank_txn_category_subscription_tv_debit_amt_7d,model_vars_category,-1000000,-999999.99999
bank_txn_category_internal_transfer_debit_amt_7d,model_vars_category,-1000000,-999999.99999
bank_txn_category_external_transfers_debit_amt_7d,model_vars_category,-1000000,-999999.99999
bank_txn_category_travel_debit_amt_7d,model_vars_category,-1000000,-999999.99999
bank_txn_category_automotive_debit_amt_7d,model_vars_category,-1000000,-999999.99999
bank_txn_category_groceries_debit_amt_7d,model_vars_category,-1000000,-999999.99999
bank_txn_category_sacc_loans_debit_amt_7d,model_vars_category,-1000000,-999999.99999
bank_txn_category_education_debit_amt_7d,model_vars_category,-1000000,-999999.99999
bank_txn_category_telecommunications_debit_amt_7d,model_vars_category,-1000000,-999999.99999
bank_txn_category_department_stores_debit_amt_7d,model_vars_category,-1000000,-999999.99999
bank_txn_category_all_other_credits_debit_amt_7d,model_vars_category,-1000000,-999999.99999
bank_txn_category_pet_care_debit_amt_7d,model_vars_category,-1000000,-999999.99999
bank_txn_category_home_improvement_debit_amt_7d,model_vars_category,-1000000,-999999.99999
bank_txn_category_gyms_and_other_memberships_debit_amt_7d,model_vars_category,-1000000,-999999.99999
bank_txn_category_overdrawn_debit_amt_7d,model_vars_category,-1000000,-999999.99999
bank_txn_category_information_debit_amt_7d,model_vars_category,-1000000,-999999.99999
bank_txn_category_debt_collection_debit_amt_7d,model_vars_category,-1000000,-999999.99999
bank_txn_category_utilities_debit_amt_7d,model_vars_category,-1000000,-999999.99999
bank_txn_category_entertainment_debit_amt_7d,model_vars_category,-1000000,-999999.99999
bank_txn_category_transport_debit_amt_7d,model_vars_category,-1000000,-999999.99999
bank_txn_category_donations_debit_amt_7d,model_vars_category,-1000000,-999999.99999
bank_txn_category_rent_debit_amt_7d,model_vars_category,-1000000,-999999.99999
bank_txn_category_fees_debit_amt_7d,model_vars_category,-1000000,-999999.99999
bank_txn_category_debt_consolidation_debit_amt_7d,model_vars_category,-1000000,-999999.99999
bank_txn_category_gambling_debit_amt_7d,model_vars_category,-1000000,-999999.99999
bank_txn_category_insurance_debit_amt_7d,model_vars_category,-1000000,-999999.99999
bank_txn_category_centrelink_debit_amt_7d,model_vars_category,-1000000,-999999.99999
bank_txn_category_dishonours_debit_amt_7d,model_vars_category,-1000000,-999999.99999
bank_txn_category_credit_card_repayments_debit_amt_7d,model_vars_category,-1000000,-999999.99999
bank_txn_category_personal_care_debit_amt_7d,model_vars_category,-1000000,-999999.99999
bank_txn_category_health_debit_amt_7d,model_vars_category,-1000000,-999999.99999
bank_txn_category_wages_debit_amt_7d,model_vars_category,-1000000,-999999.99999
bank_txn_category_global_cnt_14d,model_vars_category,-1000000,-999999.99999
bank_txn_category_global_credit_cnt_14d,model_vars_category,-1000000,-999999.99999
bank_txn_category_global_debit_cnt_14d,model_vars_category,-1000000,-999999.99999
bank_txn_category_global_amt_14d,model_vars_category,-1000000,-999999.99999
bank_txn_category_global_credit_amt_14d,model_vars_category,-1000000,-999999.99999
bank_txn_category_global_debit_amt_14d,model_vars_category,-1000000,-999999.99999
bank_txn_category_insurance_cnt_14d,model_vars_category,-1000000,-999999.99999
bank_txn_category_all_other_credits_cnt_14d,model_vars_category,-1000000,-999999.99999
bank_txn_category_non_sacc_loans_cnt_14d,model_vars_category,-1000000,-999999.99999
bank_txn_category_dining_out_cnt_14d,model_vars_category,-1000000,-999999.99999
bank_txn_category_retail_cnt_14d,model_vars_category,-1000000,-999999.99999
bank_txn_category_subscription_tv_cnt_14d,model_vars_category,-1000000,-999999.99999
bank_txn_category_internal_transfer_cnt_14d,model_vars_category,-1000000,-999999.99999
bank_txn_category_external_transfers_cnt_14d,model_vars_category,-1000000,-999999.99999
bank_txn_category_travel_cnt_14d,model_vars_category,-1000000,-999999.99999
bank_txn_category_groceries_cnt_14d,model_vars_category,-1000000,-999999.99999
bank_txn_category_centrelink_cnt_14d,model_vars_category,-1000000,-999999.99999
bank_txn_category_automotive_cnt_14d,model_vars_category,-1000000,-999999.99999
bank_txn_category_personal_care_cnt_14d,model_vars_category,-1000000,-999999.99999
bank_txn_category_education_cnt_14d,model_vars_category,-1000000,-999999.99999
bank_txn_category_sacc_loans_cnt_14d,model_vars_category,-1000000,-999999.99999
bank_txn_category_telecommunications_cnt_14d,model_vars_category,-1000000,-999999.99999
bank_txn_category_health_cnt_14d,model_vars_category,-1000000,-999999.99999
bank_txn_category_department_stores_cnt_14d,model_vars_category,-1000000,-999999.99999
bank_txn_category_pet_care_cnt_14d,model_vars_category,-1000000,-999999.99999
bank_txn_category_home_improvement_cnt_14d,model_vars_category,-1000000,-999999.99999
bank_txn_category_gyms_and_other_memberships_cnt_14d,model_vars_category,-1000000,-999999.99999
bank_txn_category_overdrawn_cnt_14d,model_vars_category,-1000000,-999999.99999
bank_txn_category_information_cnt_14d,model_vars_category,-1000000,-999999.99999
bank_txn_category_debt_collection_cnt_14d,model_vars_category,-1000000,-999999.99999
bank_txn_category_utilities_cnt_14d,model_vars_category,-1000000,-999999.99999
bank_txn_category_entertainment_cnt_14d,model_vars_category,-1000000,-999999.99999
bank_txn_category_transport_cnt_14d,model_vars_category,-1000000,-999999.99999
bank_txn_category_donations_cnt_14d,model_vars_category,-1000000,-999999.99999
bank_txn_category_rent_cnt_14d,model_vars_category,-1000000,-999999.99999
bank_txn_category_fees_cnt_14d,model_vars_category,-1000000,-999999.99999
bank_txn_category_debt_consolidation_cnt_14d,model_vars_category,-1000000,-999999.99999
bank_txn_category_gambling_cnt_14d,model_vars_category,-1000000,-999999.99999
bank_txn_category_dishonours_cnt_14d,model_vars_category,-1000000,-999999.99999
bank_txn_category_credit_card_repayments_cnt_14d,model_vars_category,-1000000,-999999.99999
bank_txn_category_wages_cnt_14d,model_vars_category,-1000000,-999999.99999
bank_txn_category_all_other_credits_credit_cnt_14d,model_vars_category,-1000000,-999999.99999
bank_txn_category_all_other_credits_debit_cnt_14d,model_vars_category,-1000000,-999999.99999
bank_txn_category_automotive_credit_cnt_14d,model_vars_category,-1000000,-999999.99999
bank_txn_category_automotive_debit_cnt_14d,model_vars_category,-1000000,-999999.99999
bank_txn_category_pet_care_credit_cnt_14d,model_vars_category,-1000000,-999999.99999
bank_txn_category_pet_care_debit_cnt_14d,model_vars_category,-1000000,-999999.99999
bank_txn_category_home_improvement_credit_cnt_14d,model_vars_category,-1000000,-999999.99999
bank_txn_category_home_improvement_debit_cnt_14d,model_vars_category,-1000000,-999999.99999
bank_txn_category_sacc_loans_credit_cnt_14d,model_vars_category,-1000000,-999999.99999
bank_txn_category_sacc_loans_debit_cnt_14d,model_vars_category,-1000000,-999999.99999
bank_txn_category_department_stores_credit_cnt_14d,model_vars_category,-1000000,-999999.99999
bank_txn_category_department_stores_debit_cnt_14d,model_vars_category,-1000000,-999999.99999
bank_txn_category_gyms_and_other_memberships_credit_cnt_14d,model_vars_category,-1000000,-999999.99999
bank_txn_category_gyms_and_other_memberships_debit_cnt_14d,model_vars_category,-1000000,-999999.99999
bank_txn_category_overdrawn_credit_cnt_14d,model_vars_category,-1000000,-999999.99999
bank_txn_category_overdrawn_debit_cnt_14d,model_vars_category,-1000000,-999999.99999
bank_txn_category_information_credit_cnt_14d,model_vars_category,-1000000,-999999.99999
bank_txn_category_information_debit_cnt_14d,model_vars_category,-1000000,-999999.99999
bank_txn_category_retail_credit_cnt_14d,model_vars_category,-1000000,-999999.99999
bank_txn_category_retail_debit_cnt_14d,model_vars_category,-1000000,-999999.99999
bank_txn_category_debt_collection_credit_cnt_14d,model_vars_category,-1000000,-999999.99999
bank_txn_category_debt_collection_debit_cnt_14d,model_vars_category,-1000000,-999999.99999
bank_txn_category_utilities_credit_cnt_14d,model_vars_category,-1000000,-999999.99999
bank_txn_category_utilities_debit_cnt_14d,model_vars_category,-1000000,-999999.99999
bank_txn_category_subscription_tv_credit_cnt_14d,model_vars_category,-1000000,-999999.99999
bank_txn_category_subscription_tv_debit_cnt_14d,model_vars_category,-1000000,-999999.99999
bank_txn_category_entertainment_credit_cnt_14d,model_vars_category,-1000000,-999999.99999
bank_txn_category_entertainment_debit_cnt_14d,model_vars_category,-1000000,-999999.99999
bank_txn_category_transport_credit_cnt_14d,model_vars_category,-1000000,-999999.99999
bank_txn_category_transport_debit_cnt_14d,model_vars_category,-1000000,-999999.99999
bank_txn_category_donations_credit_cnt_14d,model_vars_category,-1000000,-999999.99999
bank_txn_category_donations_debit_cnt_14d,model_vars_category,-1000000,-999999.99999
bank_txn_category_rent_credit_cnt_14d,model_vars_category,-1000000,-999999.99999
bank_txn_category_rent_debit_cnt_14d,model_vars_category,-1000000,-999999.99999
bank_txn_category_non_sacc_loans_credit_cnt_14d,model_vars_category,-1000000,-999999.99999
bank_txn_category_non_sacc_loans_debit_cnt_14d,model_vars_category,-1000000,-999999.99999
bank_txn_category_external_transfers_credit_cnt_14d,model_vars_category,-1000000,-999999.99999
bank_txn_category_external_transfers_debit_cnt_14d,model_vars_category,-1000000,-999999.99999
bank_txn_category_fees_credit_cnt_14d,model_vars_category,-1000000,-999999.99999
bank_txn_category_fees_debit_cnt_14d,model_vars_category,-1000000,-999999.99999
bank_txn_category_debt_consolidation_credit_cnt_14d,model_vars_category,-1000000,-999999.99999
bank_txn_category_debt_consolidation_debit_cnt_14d,model_vars_category,-1000000,-999999.99999
bank_txn_category_gambling_credit_cnt_14d,model_vars_category,-1000000,-999999.99999
bank_txn_category_gambling_debit_cnt_14d,model_vars_category,-1000000,-999999.99999
bank_txn_category_internal_transfer_credit_cnt_14d,model_vars_category,-1000000,-999999.99999
bank_txn_category_internal_transfer_debit_cnt_14d,model_vars_category,-1000000,-999999.99999
bank_txn_category_insurance_credit_cnt_14d,model_vars_category,-1000000,-999999.99999
bank_txn_category_insurance_debit_cnt_14d,model_vars_category,-1000000,-999999.99999
bank_txn_category_travel_credit_cnt_14d,model_vars_category,-1000000,-999999.99999
bank_txn_category_travel_debit_cnt_14d,model_vars_category,-1000000,-999999.99999
bank_txn_category_centrelink_credit_cnt_14d,model_vars_category,-1000000,-999999.99999
bank_txn_category_centrelink_debit_cnt_14d,model_vars_category,-1000000,-999999.99999
bank_txn_category_dishonours_credit_cnt_14d,model_vars_category,-1000000,-999999.99999
bank_txn_category_dishonours_debit_cnt_14d,model_vars_category,-1000000,-999999.99999
bank_txn_category_credit_card_repayments_credit_cnt_14d,model_vars_category,-1000000,-999999.99999
bank_txn_category_credit_card_repayments_debit_cnt_14d,model_vars_category,-1000000,-999999.99999
bank_txn_category_groceries_credit_cnt_14d,model_vars_category,-1000000,-999999.99999
bank_txn_category_groceries_debit_cnt_14d,model_vars_category,-1000000,-999999.99999
bank_txn_category_personal_care_credit_cnt_14d,model_vars_category,-1000000,-999999.99999
bank_txn_category_personal_care_debit_cnt_14d,model_vars_category,-1000000,-999999.99999
bank_txn_category_health_credit_cnt_14d,model_vars_category,-1000000,-999999.99999
bank_txn_category_health_debit_cnt_14d,model_vars_category,-1000000,-999999.99999
bank_txn_category_wages_credit_cnt_14d,model_vars_category,-1000000,-999999.99999
bank_txn_category_wages_debit_cnt_14d,model_vars_category,-1000000,-999999.99999
bank_txn_category_telecommunications_credit_cnt_14d,model_vars_category,-1000000,-999999.99999
bank_txn_category_telecommunications_debit_cnt_14d,model_vars_category,-1000000,-999999.99999
bank_txn_category_dining_out_credit_cnt_14d,model_vars_category,-1000000,-999999.99999
bank_txn_category_dining_out_debit_cnt_14d,model_vars_category,-1000000,-999999.99999
bank_txn_category_education_credit_cnt_14d,model_vars_category,-1000000,-999999.99999
bank_txn_category_education_debit_cnt_14d,model_vars_category,-1000000,-999999.99999
bank_txn_category_insurance_amt_14d,model_vars_category,-1000000,-999999.99999
bank_txn_category_all_other_credits_amt_14d,model_vars_category,-1000000,-999999.99999
bank_txn_category_non_sacc_loans_amt_14d,model_vars_category,-1000000,-999999.99999
bank_txn_category_dining_out_amt_14d,model_vars_category,-1000000,-999999.99999
bank_txn_category_retail_amt_14d,model_vars_category,-1000000,-999999.99999
bank_txn_category_subscription_tv_amt_14d,model_vars_category,-1000000,-999999.99999
bank_txn_category_internal_transfer_amt_14d,model_vars_category,-1000000,-999999.99999
bank_txn_category_external_transfers_amt_14d,model_vars_category,-1000000,-999999.99999
bank_txn_category_travel_amt_14d,model_vars_category,-1000000,-999999.99999
bank_txn_category_groceries_amt_14d,model_vars_category,-1000000,-999999.99999
bank_txn_category_centrelink_amt_14d,model_vars_category,-1000000,-999999.99999
bank_txn_category_automotive_amt_14d,model_vars_category,-1000000,-999999.99999
bank_txn_category_personal_care_amt_14d,model_vars_category,-1000000,-999999.99999
bank_txn_category_education_amt_14d,model_vars_category,-1000000,-999999.99999
bank_txn_category_sacc_loans_amt_14d,model_vars_category,-1000000,-999999.99999
bank_txn_category_telecommunications_amt_14d,model_vars_category,-1000000,-999999.99999
bank_txn_category_health_amt_14d,model_vars_category,-1000000,-999999.99999
bank_txn_category_department_stores_amt_14d,model_vars_category,-1000000,-999999.99999
bank_txn_category_pet_care_amt_14d,model_vars_category,-1000000,-999999.99999
bank_txn_category_home_improvement_amt_14d,model_vars_category,-1000000,-999999.99999
bank_txn_category_gyms_and_other_memberships_amt_14d,model_vars_category,-1000000,-999999.99999
bank_txn_category_overdrawn_amt_14d,model_vars_category,-1000000,-999999.99999
bank_txn_category_information_amt_14d,model_vars_category,-1000000,-999999.99999
bank_txn_category_debt_collection_amt_14d,model_vars_category,-1000000,-999999.99999
bank_txn_category_utilities_amt_14d,model_vars_category,-1000000,-999999.99999
bank_txn_category_entertainment_amt_14d,model_vars_category,-1000000,-999999.99999
bank_txn_category_transport_amt_14d,model_vars_category,-1000000,-999999.99999
bank_txn_category_donations_amt_14d,model_vars_category,-1000000,-999999.99999
bank_txn_category_rent_amt_14d,model_vars_category,-1000000,-999999.99999
bank_txn_category_fees_amt_14d,model_vars_category,-1000000,-999999.99999
bank_txn_category_debt_consolidation_amt_14d,model_vars_category,-1000000,-999999.99999
bank_txn_category_gambling_amt_14d,model_vars_category,-1000000,-999999.99999
bank_txn_category_dishonours_amt_14d,model_vars_category,-1000000,-999999.99999
bank_txn_category_credit_card_repayments_amt_14d,model_vars_category,-1000000,-999999.99999
bank_txn_category_wages_amt_14d,model_vars_category,-1000000,-999999.99999
bank_txn_category_all_other_credits_credit_amt_14d,model_vars_category,-1000000,-999999.99999
bank_txn_category_external_transfers_credit_amt_14d,model_vars_category,-1000000,-999999.99999
bank_txn_category_centrelink_credit_amt_14d,model_vars_category,-1000000,-999999.99999
bank_txn_category_internal_transfer_credit_amt_14d,model_vars_category,-1000000,-999999.99999
bank_txn_category_health_credit_amt_14d,model_vars_category,-1000000,-999999.99999
bank_txn_category_automotive_credit_amt_14d,model_vars_category,-1000000,-999999.99999
bank_txn_category_pet_care_credit_amt_14d,model_vars_category,-1000000,-999999.99999
bank_txn_category_home_improvement_credit_amt_14d,model_vars_category,-1000000,-999999.99999
bank_txn_category_sacc_loans_credit_amt_14d,model_vars_category,-1000000,-999999.99999
bank_txn_category_department_stores_credit_amt_14d,model_vars_category,-1000000,-999999.99999
bank_txn_category_gyms_and_other_memberships_credit_amt_14d,model_vars_category,-1000000,-999999.99999
bank_txn_category_overdrawn_credit_amt_14d,model_vars_category,-1000000,-999999.99999
bank_txn_category_information_credit_amt_14d,model_vars_category,-1000000,-999999.99999
bank_txn_category_retail_credit_amt_14d,model_vars_category,-1000000,-999999.99999
bank_txn_category_debt_collection_credit_amt_14d,model_vars_category,-1000000,-999999.99999
bank_txn_category_utilities_credit_amt_14d,model_vars_category,-1000000,-999999.99999
bank_txn_category_subscription_tv_credit_amt_14d,model_vars_category,-1000000,-999999.99999
bank_txn_category_entertainment_credit_amt_14d,model_vars_category,-1000000,-999999.99999
bank_txn_category_transport_credit_amt_14d,model_vars_category,-1000000,-999999.99999
bank_txn_category_donations_credit_amt_14d,model_vars_category,-1000000,-999999.99999
bank_txn_category_rent_credit_amt_14d,model_vars_category,-1000000,-999999.99999
bank_txn_category_non_sacc_loans_credit_amt_14d,model_vars_category,-1000000,-999999.99999
bank_txn_category_fees_credit_amt_14d,model_vars_category,-1000000,-999999.99999
bank_txn_category_debt_consolidation_credit_amt_14d,model_vars_category,-1000000,-999999.99999
bank_txn_category_gambling_credit_amt_14d,model_vars_category,-1000000,-999999.99999
bank_txn_category_insurance_credit_amt_14d,model_vars_category,-1000000,-999999.99999
bank_txn_category_travel_credit_amt_14d,model_vars_category,-1000000,-999999.99999
bank_txn_category_dishonours_credit_amt_14d,model_vars_category,-1000000,-999999.99999
bank_txn_category_credit_card_repayments_credit_amt_14d,model_vars_category,-1000000,-999999.99999
bank_txn_category_groceries_credit_amt_14d,model_vars_category,-1000000,-999999.99999
bank_txn_category_personal_care_credit_amt_14d,model_vars_category,-1000000,-999999.99999
bank_txn_category_wages_credit_amt_14d,model_vars_category,-1000000,-999999.99999
bank_txn_category_telecommunications_credit_amt_14d,model_vars_category,-1000000,-999999.99999
bank_txn_category_dining_out_credit_amt_14d,model_vars_category,-1000000,-999999.99999
bank_txn_category_education_credit_amt_14d,model_vars_category,-1000000,-999999.99999
bank_txn_category_insurance_debit_amt_14d,model_vars_category,-1000000,-999999.99999
bank_txn_category_non_sacc_loans_debit_amt_14d,model_vars_category,-1000000,-999999.99999
bank_txn_category_dining_out_debit_amt_14d,model_vars_category,-1000000,-999999.99999
bank_txn_category_retail_debit_amt_14d,model_vars_category,-1000000,-999999.99999
bank_txn_category_subscription_tv_debit_amt_14d,model_vars_category,-1000000,-999999.99999
bank_txn_category_internal_transfer_debit_amt_14d,model_vars_category,-1000000,-999999.99999
bank_txn_category_external_transfers_debit_amt_14d,model_vars_category,-1000000,-999999.99999
bank_txn_category_travel_debit_amt_14d,model_vars_category,-1000000,-999999.99999
bank_txn_category_groceries_debit_amt_14d,model_vars_category,-1000000,-999999.99999
bank_txn_category_automotive_debit_amt_14d,model_vars_category,-1000000,-999999.99999
bank_txn_category_personal_care_debit_amt_14d,model_vars_category,-1000000,-999999.99999
bank_txn_category_education_debit_amt_14d,model_vars_category,-1000000,-999999.99999
bank_txn_category_sacc_loans_debit_amt_14d,model_vars_category,-1000000,-999999.99999
bank_txn_category_telecommunications_debit_amt_14d,model_vars_category,-1000000,-999999.99999
bank_txn_category_department_stores_debit_amt_14d,model_vars_category,-1000000,-999999.99999
bank_txn_category_all_other_credits_debit_amt_14d,model_vars_category,-1000000,-999999.99999
bank_txn_category_pet_care_debit_amt_14d,model_vars_category,-1000000,-999999.99999
bank_txn_category_home_improvement_debit_amt_14d,model_vars_category,-1000000,-999999.99999
bank_txn_category_gyms_and_other_memberships_debit_amt_14d,model_vars_category,-1000000,-999999.99999
bank_txn_category_overdrawn_debit_amt_14d,model_vars_category,-1000000,-999999.99999
bank_txn_category_information_debit_amt_14d,model_vars_category,-1000000,-999999.99999
bank_txn_category_debt_collection_debit_amt_14d,model_vars_category,-1000000,-999999.99999
bank_txn_category_utilities_debit_amt_14d,model_vars_category,-1000000,-999999.99999
bank_txn_category_entertainment_debit_amt_14d,model_vars_category,-1000000,-999999.99999
bank_txn_category_transport_debit_amt_14d,model_vars_category,-1000000,-999999.99999
bank_txn_category_donations_debit_amt_14d,model_vars_category,-1000000,-999999.99999
bank_txn_category_rent_debit_amt_14d,model_vars_category,-1000000,-999999.99999
bank_txn_category_fees_debit_amt_14d,model_vars_category,-1000000,-999999.99999
bank_txn_category_debt_consolidation_debit_amt_14d,model_vars_category,-1000000,-999999.99999
bank_txn_category_gambling_debit_amt_14d,model_vars_category,-1000000,-999999.99999
bank_txn_category_centrelink_debit_amt_14d,model_vars_category,-1000000,-999999.99999
bank_txn_category_dishonours_debit_amt_14d,model_vars_category,-1000000,-999999.99999
bank_txn_category_credit_card_repayments_debit_amt_14d,model_vars_category,-1000000,-999999.99999
bank_txn_category_health_debit_amt_14d,model_vars_category,-1000000,-999999.99999
bank_txn_category_wages_debit_amt_14d,model_vars_category,-1000000,-999999.99999
bank_txn_category_global_cnt_28d,model_vars_category,-1000000,-999999.99999
bank_txn_category_global_credit_cnt_28d,model_vars_category,-1000000,-999999.99999
bank_txn_category_global_debit_cnt_28d,model_vars_category,-1000000,-999999.99999
bank_txn_category_global_amt_28d,model_vars_category,-1000000,-999999.99999
bank_txn_category_global_credit_amt_28d,model_vars_category,-1000000,-999999.99999
bank_txn_category_global_debit_amt_28d,model_vars_category,-1000000,-999999.99999
bank_txn_category_insurance_cnt_28d,model_vars_category,-1000000,-999999.99999
bank_txn_category_groceries_cnt_28d,model_vars_category,-1000000,-999999.99999
bank_txn_category_external_transfers_cnt_28d,model_vars_category,-1000000,-999999.99999
bank_txn_category_all_other_credits_cnt_28d,model_vars_category,-1000000,-999999.99999
bank_txn_category_sacc_loans_cnt_28d,model_vars_category,-1000000,-999999.99999
bank_txn_category_non_sacc_loans_cnt_28d,model_vars_category,-1000000,-999999.99999
bank_txn_category_dining_out_cnt_28d,model_vars_category,-1000000,-999999.99999
bank_txn_category_telecommunications_cnt_28d,model_vars_category,-1000000,-999999.99999
bank_txn_category_retail_cnt_28d,model_vars_category,-1000000,-999999.99999
bank_txn_category_subscription_tv_cnt_28d,model_vars_category,-1000000,-999999.99999
bank_txn_category_internal_transfer_cnt_28d,model_vars_category,-1000000,-999999.99999
bank_txn_category_travel_cnt_28d,model_vars_category,-1000000,-999999.99999
bank_txn_category_centrelink_cnt_28d,model_vars_category,-1000000,-999999.99999
bank_txn_category_automotive_cnt_28d,model_vars_category,-1000000,-999999.99999
bank_txn_category_personal_care_cnt_28d,model_vars_category,-1000000,-999999.99999
bank_txn_category_education_cnt_28d,model_vars_category,-1000000,-999999.99999
bank_txn_category_information_cnt_28d,model_vars_category,-1000000,-999999.99999
bank_txn_category_health_cnt_28d,model_vars_category,-1000000,-999999.99999
bank_txn_category_department_stores_cnt_28d,model_vars_category,-1000000,-999999.99999
bank_txn_category_pet_care_cnt_28d,model_vars_category,-1000000,-999999.99999
bank_txn_category_home_improvement_cnt_28d,model_vars_category,-1000000,-999999.99999
bank_txn_category_gyms_and_other_memberships_cnt_28d,model_vars_category,-1000000,-999999.99999
bank_txn_category_overdrawn_cnt_28d,model_vars_category,-1000000,-999999.99999
bank_txn_category_debt_collection_cnt_28d,model_vars_category,-1000000,-999999.99999
bank_txn_category_utilities_cnt_28d,model_vars_category,-1000000,-999999.99999
bank_txn_category_entertainment_cnt_28d,model_vars_category,-1000000,-999999.99999
bank_txn_category_transport_cnt_28d,model_vars_category,-1000000,-999999.99999
bank_txn_category_donations_cnt_28d,model_vars_category,-1000000,-999999.99999
bank_txn_category_rent_cnt_28d,model_vars_category,-1000000,-999999.99999
bank_txn_category_fees_cnt_28d,model_vars_category,-1000000,-999999.99999
bank_txn_category_debt_consolidation_cnt_28d,model_vars_category,-1000000,-999999.99999
bank_txn_category_gambling_cnt_28d,model_vars_category,-1000000,-999999.99999
bank_txn_category_dishonours_cnt_28d,model_vars_category,-1000000,-999999.99999
bank_txn_category_credit_card_repayments_cnt_28d,model_vars_category,-1000000,-999999.99999
bank_txn_category_wages_cnt_28d,model_vars_category,-1000000,-999999.99999
bank_txn_category_all_other_credits_credit_cnt_28d,model_vars_category,-1000000,-999999.99999
bank_txn_category_all_other_credits_debit_cnt_28d,model_vars_category,-1000000,-999999.99999
bank_txn_category_automotive_credit_cnt_28d,model_vars_category,-1000000,-999999.99999
bank_txn_category_automotive_debit_cnt_28d,model_vars_category,-1000000,-999999.99999
bank_txn_category_pet_care_credit_cnt_28d,model_vars_category,-1000000,-999999.99999
bank_txn_category_pet_care_debit_cnt_28d,model_vars_category,-1000000,-999999.99999
bank_txn_category_home_improvement_credit_cnt_28d,model_vars_category,-1000000,-999999.99999
bank_txn_category_home_improvement_debit_cnt_28d,model_vars_category,-1000000,-999999.99999
bank_txn_category_sacc_loans_credit_cnt_28d,model_vars_category,-1000000,-999999.99999
bank_txn_category_sacc_loans_debit_cnt_28d,model_vars_category,-1000000,-999999.99999
bank_txn_category_department_stores_credit_cnt_28d,model_vars_category,-1000000,-999999.99999
bank_txn_category_department_stores_debit_cnt_28d,model_vars_category,-1000000,-999999.99999
bank_txn_category_gyms_and_other_memberships_credit_cnt_28d,model_vars_category,-1000000,-999999.99999
bank_txn_category_gyms_and_other_memberships_debit_cnt_28d,model_vars_category,-1000000,-999999.99999
bank_txn_category_overdrawn_credit_cnt_28d,model_vars_category,-1000000,-999999.99999
bank_txn_category_overdrawn_debit_cnt_28d,model_vars_category,-1000000,-999999.99999
bank_txn_category_information_credit_cnt_28d,model_vars_category,-1000000,-999999.99999
bank_txn_category_information_debit_cnt_28d,model_vars_category,-1000000,-999999.99999
bank_txn_category_retail_credit_cnt_28d,model_vars_category,-1000000,-999999.99999
bank_txn_category_retail_debit_cnt_28d,model_vars_category,-1000000,-999999.99999
bank_txn_category_debt_collection_credit_cnt_28d,model_vars_category,-1000000,-999999.99999
bank_txn_category_debt_collection_debit_cnt_28d,model_vars_category,-1000000,-999999.99999
bank_txn_category_utilities_credit_cnt_28d,model_vars_category,-1000000,-999999.99999
bank_txn_category_utilities_debit_cnt_28d,model_vars_category,-1000000,-999999.99999
bank_txn_category_subscription_tv_credit_cnt_28d,model_vars_category,-1000000,-999999.99999
bank_txn_category_subscription_tv_debit_cnt_28d,model_vars_category,-1000000,-999999.99999
bank_txn_category_entertainment_credit_cnt_28d,model_vars_category,-1000000,-999999.99999
bank_txn_category_entertainment_debit_cnt_28d,model_vars_category,-1000000,-999999.99999
bank_txn_category_transport_credit_cnt_28d,model_vars_category,-1000000,-999999.99999
bank_txn_category_transport_debit_cnt_28d,model_vars_category,-1000000,-999999.99999
bank_txn_category_donations_credit_cnt_28d,model_vars_category,-1000000,-999999.99999
bank_txn_category_donations_debit_cnt_28d,model_vars_category,-1000000,-999999.99999
bank_txn_category_rent_credit_cnt_28d,model_vars_category,-1000000,-999999.99999
bank_txn_category_rent_debit_cnt_28d,model_vars_category,-1000000,-999999.99999
bank_txn_category_non_sacc_loans_credit_cnt_28d,model_vars_category,-1000000,-999999.99999
bank_txn_category_non_sacc_loans_debit_cnt_28d,model_vars_category,-1000000,-999999.99999
bank_txn_category_external_transfers_credit_cnt_28d,model_vars_category,-1000000,-999999.99999
bank_txn_category_external_transfers_debit_cnt_28d,model_vars_category,-1000000,-999999.99999
bank_txn_category_fees_credit_cnt_28d,model_vars_category,-1000000,-999999.99999
bank_txn_category_fees_debit_cnt_28d,model_vars_category,-1000000,-999999.99999
bank_txn_category_debt_consolidation_credit_cnt_28d,model_vars_category,-1000000,-999999.99999
bank_txn_category_debt_consolidation_debit_cnt_28d,model_vars_category,-1000000,-999999.99999
bank_txn_category_gambling_credit_cnt_28d,model_vars_category,-1000000,-999999.99999
bank_txn_category_gambling_debit_cnt_28d,model_vars_category,-1000000,-999999.99999
bank_txn_category_internal_transfer_credit_cnt_28d,model_vars_category,-1000000,-999999.99999
bank_txn_category_internal_transfer_debit_cnt_28d,model_vars_category,-1000000,-999999.99999
bank_txn_category_insurance_credit_cnt_28d,model_vars_category,-1000000,-999999.99999
bank_txn_category_insurance_debit_cnt_28d,model_vars_category,-1000000,-999999.99999
bank_txn_category_travel_credit_cnt_28d,model_vars_category,-1000000,-999999.99999
bank_txn_category_travel_debit_cnt_28d,model_vars_category,-1000000,-999999.99999
bank_txn_category_centrelink_credit_cnt_28d,model_vars_category,-1000000,-999999.99999
bank_txn_category_centrelink_debit_cnt_28d,model_vars_category,-1000000,-999999.99999
bank_txn_category_dishonours_credit_cnt_28d,model_vars_category,-1000000,-999999.99999
bank_txn_category_dishonours_debit_cnt_28d,model_vars_category,-1000000,-999999.99999
bank_txn_category_credit_card_repayments_credit_cnt_28d,model_vars_category,-1000000,-999999.99999
bank_txn_category_credit_card_repayments_debit_cnt_28d,model_vars_category,-1000000,-999999.99999
bank_txn_category_groceries_credit_cnt_28d,model_vars_category,-1000000,-999999.99999
bank_txn_category_groceries_debit_cnt_28d,model_vars_category,-1000000,-999999.99999
bank_txn_category_personal_care_credit_cnt_28d,model_vars_category,-1000000,-999999.99999
bank_txn_category_personal_care_debit_cnt_28d,model_vars_category,-1000000,-999999.99999
bank_txn_category_health_credit_cnt_28d,model_vars_category,-1000000,-999999.99999
bank_txn_category_health_debit_cnt_28d,model_vars_category,-1000000,-999999.99999
bank_txn_category_wages_credit_cnt_28d,model_vars_category,-1000000,-999999.99999
bank_txn_category_wages_debit_cnt_28d,model_vars_category,-1000000,-999999.99999
bank_txn_category_telecommunications_credit_cnt_28d,model_vars_category,-1000000,-999999.99999
bank_txn_category_telecommunications_debit_cnt_28d,model_vars_category,-1000000,-999999.99999
bank_txn_category_dining_out_credit_cnt_28d,model_vars_category,-1000000,-999999.99999
bank_txn_category_dining_out_debit_cnt_28d,model_vars_category,-1000000,-999999.99999
bank_txn_category_education_credit_cnt_28d,model_vars_category,-1000000,-999999.99999
bank_txn_category_education_debit_cnt_28d,model_vars_category,-1000000,-999999.99999
bank_txn_category_insurance_amt_28d,model_vars_category,-1000000,-999999.99999
bank_txn_category_groceries_amt_28d,model_vars_category,-1000000,-999999.99999
bank_txn_category_external_transfers_amt_28d,model_vars_category,-1000000,-999999.99999
bank_txn_category_all_other_credits_amt_28d,model_vars_category,-1000000,-999999.99999
bank_txn_category_sacc_loans_amt_28d,model_vars_category,-1000000,-999999.99999
bank_txn_category_non_sacc_loans_amt_28d,model_vars_category,-1000000,-999999.99999
bank_txn_category_dining_out_amt_28d,model_vars_category,-1000000,-999999.99999
bank_txn_category_telecommunications_amt_28d,model_vars_category,-1000000,-999999.99999
bank_txn_category_retail_amt_28d,model_vars_category,-1000000,-999999.99999
bank_txn_category_subscription_tv_amt_28d,model_vars_category,-1000000,-999999.99999
bank_txn_category_internal_transfer_amt_28d,model_vars_category,-1000000,-999999.99999
bank_txn_category_travel_amt_28d,model_vars_category,-1000000,-999999.99999
bank_txn_category_centrelink_amt_28d,model_vars_category,-1000000,-999999.99999
bank_txn_category_automotive_amt_28d,model_vars_category,-1000000,-999999.99999
bank_txn_category_personal_care_amt_28d,model_vars_category,-1000000,-999999.99999
bank_txn_category_education_amt_28d,model_vars_category,-1000000,-999999.99999
bank_txn_category_information_amt_28d,model_vars_category,-1000000,-999999.99999
bank_txn_category_health_amt_28d,model_vars_category,-1000000,-999999.99999
bank_txn_category_department_stores_amt_28d,model_vars_category,-1000000,-999999.99999
bank_txn_category_pet_care_amt_28d,model_vars_category,-1000000,-999999.99999
bank_txn_category_home_improvement_amt_28d,model_vars_category,-1000000,-999999.99999
bank_txn_category_gyms_and_other_memberships_amt_28d,model_vars_category,-1000000,-999999.99999
bank_txn_category_overdrawn_amt_28d,model_vars_category,-1000000,-999999.99999
bank_txn_category_debt_collection_amt_28d,model_vars_category,-1000000,-999999.99999
bank_txn_category_utilities_amt_28d,model_vars_category,-1000000,-999999.99999
bank_txn_category_entertainment_amt_28d,model_vars_category,-1000000,-999999.99999
bank_txn_category_transport_amt_28d,model_vars_category,-1000000,-999999.99999
bank_txn_category_donations_amt_28d,model_vars_category,-1000000,-999999.99999
bank_txn_category_rent_amt_28d,model_vars_category,-1000000,-999999.99999
bank_txn_category_fees_amt_28d,model_vars_category,-1000000,-999999.99999
bank_txn_category_debt_consolidation_amt_28d,model_vars_category,-1000000,-999999.99999
bank_txn_category_gambling_amt_28d,model_vars_category,-1000000,-999999.99999
bank_txn_category_dishonours_amt_28d,model_vars_category,-1000000,-999999.99999
bank_txn_category_credit_card_repayments_amt_28d,model_vars_category,-1000000,-999999.99999
bank_txn_category_wages_amt_28d,model_vars_category,-1000000,-999999.99999
bank_txn_category_external_transfers_credit_amt_28d,model_vars_category,-1000000,-999999.99999
bank_txn_category_all_other_credits_credit_amt_28d,model_vars_category,-1000000,-999999.99999
bank_txn_category_centrelink_credit_amt_28d,model_vars_category,-1000000,-999999.99999
bank_txn_category_internal_transfer_credit_amt_28d,model_vars_category,-1000000,-999999.99999
bank_txn_category_information_credit_amt_28d,model_vars_category,-1000000,-999999.99999
bank_txn_category_health_credit_amt_28d,model_vars_category,-1000000,-999999.99999
bank_txn_category_automotive_credit_amt_28d,model_vars_category,-1000000,-999999.99999
bank_txn_category_pet_care_credit_amt_28d,model_vars_category,-1000000,-999999.99999
bank_txn_category_home_improvement_credit_amt_28d,model_vars_category,-1000000,-999999.99999
bank_txn_category_sacc_loans_credit_amt_28d,model_vars_category,-1000000,-999999.99999
bank_txn_category_department_stores_credit_amt_28d,model_vars_category,-1000000,-999999.99999
bank_txn_category_gyms_and_other_memberships_credit_amt_28d,model_vars_category,-1000000,-999999.99999
bank_txn_category_overdrawn_credit_amt_28d,model_vars_category,-1000000,-999999.99999
bank_txn_category_retail_credit_amt_28d,model_vars_category,-1000000,-999999.99999
bank_txn_category_debt_collection_credit_amt_28d,model_vars_category,-1000000,-999999.99999
bank_txn_category_utilities_credit_amt_28d,model_vars_category,-1000000,-999999.99999
bank_txn_category_subscription_tv_credit_amt_28d,model_vars_category,-1000000,-999999.99999
bank_txn_category_entertainment_credit_amt_28d,model_vars_category,-1000000,-999999.99999
bank_txn_category_transport_credit_amt_28d,model_vars_category,-1000000,-999999.99999
bank_txn_category_donations_credit_amt_28d,model_vars_category,-1000000,-999999.99999
bank_txn_category_rent_credit_amt_28d,model_vars_category,-1000000,-999999.99999
bank_txn_category_non_sacc_loans_credit_amt_28d,model_vars_category,-1000000,-999999.99999
bank_txn_category_fees_credit_amt_28d,model_vars_category,-1000000,-999999.99999
bank_txn_category_debt_consolidation_credit_amt_28d,model_vars_category,-1000000,-999999.99999
bank_txn_category_gambling_credit_amt_28d,model_vars_category,-1000000,-999999.99999
bank_txn_category_insurance_credit_amt_28d,model_vars_category,-1000000,-999999.99999
bank_txn_category_travel_credit_amt_28d,model_vars_category,-1000000,-999999.99999
bank_txn_category_dishonours_credit_amt_28d,model_vars_category,-1000000,-999999.99999
bank_txn_category_credit_card_repayments_credit_amt_28d,model_vars_category,-1000000,-999999.99999
bank_txn_category_groceries_credit_amt_28d,model_vars_category,-1000000,-999999.99999
bank_txn_category_personal_care_credit_amt_28d,model_vars_category,-1000000,-999999.99999
bank_txn_category_wages_credit_amt_28d,model_vars_category,-1000000,-999999.99999
bank_txn_category_telecommunications_credit_amt_28d,model_vars_category,-1000000,-999999.99999
bank_txn_category_dining_out_credit_amt_28d,model_vars_category,-1000000,-999999.99999
bank_txn_category_education_credit_amt_28d,model_vars_category,-1000000,-999999.99999
bank_txn_category_insurance_debit_amt_28d,model_vars_category,-1000000,-999999.99999
bank_txn_category_groceries_debit_amt_28d,model_vars_category,-1000000,-999999.99999
bank_txn_category_external_transfers_debit_amt_28d,model_vars_category,-1000000,-999999.99999
bank_txn_category_sacc_loans_debit_amt_28d,model_vars_category,-1000000,-999999.99999
bank_txn_category_non_sacc_loans_debit_amt_28d,model_vars_category,-1000000,-999999.99999
bank_txn_category_dining_out_debit_amt_28d,model_vars_category,-1000000,-999999.99999
bank_txn_category_telecommunications_debit_amt_28d,model_vars_category,-1000000,-999999.99999
bank_txn_category_retail_debit_amt_28d,model_vars_category,-1000000,-999999.99999
bank_txn_category_subscription_tv_debit_amt_28d,model_vars_category,-1000000,-999999.99999
bank_txn_category_internal_transfer_debit_amt_28d,model_vars_category,-1000000,-999999.99999
bank_txn_category_travel_debit_amt_28d,model_vars_category,-1000000,-999999.99999
bank_txn_category_automotive_debit_amt_28d,model_vars_category,-1000000,-999999.99999
bank_txn_category_personal_care_debit_amt_28d,model_vars_category,-1000000,-999999.99999
bank_txn_category_education_debit_amt_28d,model_vars_category,-1000000,-999999.99999
bank_txn_category_department_stores_debit_amt_28d,model_vars_category,-1000000,-999999.99999
bank_txn_category_all_other_credits_debit_amt_28d,model_vars_category,-1000000,-999999.99999
bank_txn_category_pet_care_debit_amt_28d,model_vars_category,-1000000,-999999.99999
bank_txn_category_home_improvement_debit_amt_28d,model_vars_category,-1000000,-999999.99999
bank_txn_category_gyms_and_other_memberships_debit_amt_28d,model_vars_category,-1000000,-999999.99999
bank_txn_category_overdrawn_debit_amt_28d,model_vars_category,-1000000,-999999.99999
bank_txn_category_information_debit_amt_28d,model_vars_category,-1000000,-999999.99999
bank_txn_category_debt_collection_debit_amt_28d,model_vars_category,-1000000,-999999.99999
bank_txn_category_utilities_debit_amt_28d,model_vars_category,-1000000,-999999.99999
bank_txn_category_entertainment_debit_amt_28d,model_vars_category,-1000000,-999999.99999
bank_txn_category_transport_debit_amt_28d,model_vars_category,-1000000,-999999.99999
bank_txn_category_donations_debit_amt_28d,model_vars_category,-1000000,-999999.99999
bank_txn_category_rent_debit_amt_28d,model_vars_category,-1000000,-999999.99999
bank_txn_category_fees_debit_amt_28d,model_vars_category,-1000000,-999999.99999
bank_txn_category_debt_consolidation_debit_amt_28d,model_vars_category,-1000000,-999999.99999
bank_txn_category_gambling_debit_amt_28d,model_vars_category,-1000000,-999999.99999
bank_txn_category_centrelink_debit_amt_28d,model_vars_category,-1000000,-999999.99999
bank_txn_category_dishonours_debit_amt_28d,model_vars_category,-1000000,-999999.99999
bank_txn_category_credit_card_repayments_debit_amt_28d,model_vars_category,-1000000,-999999.99999
bank_txn_category_health_debit_amt_28d,model_vars_category,-1000000,-999999.99999
bank_txn_category_wages_debit_amt_28d,model_vars_category,-1000000,-999999.99999
bank_txn_category_global_cnt_56d,model_vars_category,-1000000,-999999.99999
bank_txn_category_global_credit_cnt_56d,model_vars_category,-1000000,-999999.99999
bank_txn_category_global_debit_cnt_56d,model_vars_category,-1000000,-999999.99999
bank_txn_category_global_amt_56d,model_vars_category,-1000000,-999999.99999
bank_txn_category_global_credit_amt_56d,model_vars_category,-1000000,-999999.99999
bank_txn_category_global_debit_amt_56d,model_vars_category,-1000000,-999999.99999
bank_txn_category_insurance_cnt_56d,model_vars_category,-1000000,-999999.99999
bank_txn_category_groceries_cnt_56d,model_vars_category,-1000000,-999999.99999
bank_txn_category_external_transfers_cnt_56d,model_vars_category,-1000000,-999999.99999
bank_txn_category_non_sacc_loans_cnt_56d,model_vars_category,-1000000,-999999.99999
bank_txn_category_dining_out_cnt_56d,model_vars_category,-1000000,-999999.99999
bank_txn_category_all_other_credits_cnt_56d,model_vars_category,-1000000,-999999.99999
bank_txn_category_sacc_loans_cnt_56d,model_vars_category,-1000000,-999999.99999
bank_txn_category_travel_cnt_56d,model_vars_category,-1000000,-999999.99999
bank_txn_category_internal_transfer_cnt_56d,model_vars_category,-1000000,-999999.99999
bank_txn_category_telecommunications_cnt_56d,model_vars_category,-1000000,-999999.99999
bank_txn_category_education_cnt_56d,model_vars_category,-1000000,-999999.99999
bank_txn_category_retail_cnt_56d,model_vars_category,-1000000,-999999.99999
bank_txn_category_information_cnt_56d,model_vars_category,-1000000,-999999.99999
bank_txn_category_subscription_tv_cnt_56d,model_vars_category,-1000000,-999999.99999
bank_txn_category_automotive_cnt_56d,model_vars_category,-1000000,-999999.99999
bank_txn_category_home_improvement_cnt_56d,model_vars_category,-1000000,-999999.99999
bank_txn_category_centrelink_cnt_56d,model_vars_category,-1000000,-999999.99999
bank_txn_category_personal_care_cnt_56d,model_vars_category,-1000000,-999999.99999
bank_txn_category_gyms_and_other_memberships_cnt_56d,model_vars_category,-1000000,-999999.99999
bank_txn_category_health_cnt_56d,model_vars_category,-1000000,-999999.99999
bank_txn_category_department_stores_cnt_56d,model_vars_category,-1000000,-999999.99999
bank_txn_category_pet_care_cnt_56d,model_vars_category,-1000000,-999999.99999
bank_txn_category_overdrawn_cnt_56d,model_vars_category,-1000000,-999999.99999
bank_txn_category_debt_collection_cnt_56d,model_vars_category,-1000000,-999999.99999
bank_txn_category_utilities_cnt_56d,model_vars_category,-1000000,-999999.99999
bank_txn_category_entertainment_cnt_56d,model_vars_category,-1000000,-999999.99999
bank_txn_category_transport_cnt_56d,model_vars_category,-1000000,-999999.99999
bank_txn_category_donations_cnt_56d,model_vars_category,-1000000,-999999.99999
bank_txn_category_rent_cnt_56d,model_vars_category,-1000000,-999999.99999
bank_txn_category_fees_cnt_56d,model_vars_category,-1000000,-999999.99999
bank_txn_category_debt_consolidation_cnt_56d,model_vars_category,-1000000,-999999.99999
bank_txn_category_gambling_cnt_56d,model_vars_category,-1000000,-999999.99999
bank_txn_category_dishonours_cnt_56d,model_vars_category,-1000000,-999999.99999
bank_txn_category_credit_card_repayments_cnt_56d,model_vars_category,-1000000,-999999.99999
bank_txn_category_wages_cnt_56d,model_vars_category,-1000000,-999999.99999
bank_txn_category_all_other_credits_credit_cnt_56d,model_vars_category,-1000000,-999999.99999
bank_txn_category_all_other_credits_debit_cnt_56d,model_vars_category,-1000000,-999999.99999
bank_txn_category_automotive_credit_cnt_56d,model_vars_category,-1000000,-999999.99999
bank_txn_category_automotive_debit_cnt_56d,model_vars_category,-1000000,-999999.99999
bank_txn_category_pet_care_credit_cnt_56d,model_vars_category,-1000000,-999999.99999
bank_txn_category_pet_care_debit_cnt_56d,model_vars_category,-1000000,-999999.99999
bank_txn_category_home_improvement_credit_cnt_56d,model_vars_category,-1000000,-999999.99999
bank_txn_category_home_improvement_debit_cnt_56d,model_vars_category,-1000000,-999999.99999
bank_txn_category_sacc_loans_credit_cnt_56d,model_vars_category,-1000000,-999999.99999
bank_txn_category_sacc_loans_debit_cnt_56d,model_vars_category,-1000000,-999999.99999
bank_txn_category_department_stores_credit_cnt_56d,model_vars_category,-1000000,-999999.99999
bank_txn_category_department_stores_debit_cnt_56d,model_vars_category,-1000000,-999999.99999
bank_txn_category_gyms_and_other_memberships_credit_cnt_56d,model_vars_category,-1000000,-999999.99999
bank_txn_category_gyms_and_other_memberships_debit_cnt_56d,model_vars_category,-1000000,-999999.99999
bank_txn_category_overdrawn_credit_cnt_56d,model_vars_category,-1000000,-999999.99999
bank_txn_category_overdrawn_debit_cnt_56d,model_vars_category,-1000000,-999999.99999
bank_txn_category_information_credit_cnt_56d,model_vars_category,-1000000,-999999.99999
bank_txn_category_information_debit_cnt_56d,model_vars_category,-1000000,-999999.99999
bank_txn_category_retail_credit_cnt_56d,model_vars_category,-1000000,-999999.99999
bank_txn_category_retail_debit_cnt_56d,model_vars_category,-1000000,-999999.99999
bank_txn_category_debt_collection_credit_cnt_56d,model_vars_category,-1000000,-999999.99999
bank_txn_category_debt_collection_debit_cnt_56d,model_vars_category,-1000000,-999999.99999
bank_txn_category_utilities_credit_cnt_56d,model_vars_category,-1000000,-999999.99999
bank_txn_category_utilities_debit_cnt_56d,model_vars_category,-1000000,-999999.99999
bank_txn_category_subscription_tv_credit_cnt_56d,model_vars_category,-1000000,-999999.99999
bank_txn_category_subscription_tv_debit_cnt_56d,model_vars_category,-1000000,-999999.99999
bank_txn_category_entertainment_credit_cnt_56d,model_vars_category,-1000000,-999999.99999
bank_txn_category_entertainment_debit_cnt_56d,model_vars_category,-1000000,-999999.99999
bank_txn_category_transport_credit_cnt_56d,model_vars_category,-1000000,-999999.99999
bank_txn_category_transport_debit_cnt_56d,model_vars_category,-1000000,-999999.99999
bank_txn_category_donations_credit_cnt_56d,model_vars_category,-1000000,-999999.99999
bank_txn_category_donations_debit_cnt_56d,model_vars_category,-1000000,-999999.99999
bank_txn_category_rent_credit_cnt_56d,model_vars_category,-1000000,-999999.99999
bank_txn_category_rent_debit_cnt_56d,model_vars_category,-1000000,-999999.99999
bank_txn_category_non_sacc_loans_credit_cnt_56d,model_vars_category,-1000000,-999999.99999
bank_txn_category_non_sacc_loans_debit_cnt_56d,model_vars_category,-1000000,-999999.99999
bank_txn_category_external_transfers_credit_cnt_56d,model_vars_category,-1000000,-999999.99999
bank_txn_category_external_transfers_debit_cnt_56d,model_vars_category,-1000000,-999999.99999
bank_txn_category_fees_credit_cnt_56d,model_vars_category,-1000000,-999999.99999
bank_txn_category_fees_debit_cnt_56d,model_vars_category,-1000000,-999999.99999
bank_txn_category_debt_consolidation_credit_cnt_56d,model_vars_category,-1000000,-999999.99999
bank_txn_category_debt_consolidation_debit_cnt_56d,model_vars_category,-1000000,-999999.99999
bank_txn_category_gambling_credit_cnt_56d,model_vars_category,-1000000,-999999.99999
bank_txn_category_gambling_debit_cnt_56d,model_vars_category,-1000000,-999999.99999
bank_txn_category_internal_transfer_credit_cnt_56d,model_vars_category,-1000000,-999999.99999
bank_txn_category_internal_transfer_debit_cnt_56d,model_vars_category,-1000000,-999999.99999
bank_txn_category_insurance_credit_cnt_56d,model_vars_category,-1000000,-999999.99999
bank_txn_category_insurance_debit_cnt_56d,model_vars_category,-1000000,-999999.99999
bank_txn_category_travel_credit_cnt_56d,model_vars_category,-1000000,-999999.99999
bank_txn_category_travel_debit_cnt_56d,model_vars_category,-1000000,-999999.99999
bank_txn_category_centrelink_credit_cnt_56d,model_vars_category,-1000000,-999999.99999
bank_txn_category_centrelink_debit_cnt_56d,model_vars_category,-1000000,-999999.99999
bank_txn_category_dishonours_credit_cnt_56d,model_vars_category,-1000000,-999999.99999
bank_txn_category_dishonours_debit_cnt_56d,model_vars_category,-1000000,-999999.99999
bank_txn_category_credit_card_repayments_credit_cnt_56d,model_vars_category,-1000000,-999999.99999
bank_txn_category_credit_card_repayments_debit_cnt_56d,model_vars_category,-1000000,-999999.99999
bank_txn_category_groceries_credit_cnt_56d,model_vars_category,-1000000,-999999.99999
bank_txn_category_groceries_debit_cnt_56d,model_vars_category,-1000000,-999999.99999
bank_txn_category_personal_care_credit_cnt_56d,model_vars_category,-1000000,-999999.99999
bank_txn_category_personal_care_debit_cnt_56d,model_vars_category,-1000000,-999999.99999
bank_txn_category_health_credit_cnt_56d,model_vars_category,-1000000,-999999.99999
bank_txn_category_health_debit_cnt_56d,model_vars_category,-1000000,-999999.99999
bank_txn_category_wages_credit_cnt_56d,model_vars_category,-1000000,-999999.99999
bank_txn_category_wages_debit_cnt_56d,model_vars_category,-1000000,-999999.99999
bank_txn_category_telecommunications_credit_cnt_56d,model_vars_category,-1000000,-999999.99999
bank_txn_category_telecommunications_debit_cnt_56d,model_vars_category,-1000000,-999999.99999
bank_txn_category_dining_out_credit_cnt_56d,model_vars_category,-1000000,-999999.99999
bank_txn_category_dining_out_debit_cnt_56d,model_vars_category,-1000000,-999999.99999
bank_txn_category_education_credit_cnt_56d,model_vars_category,-1000000,-999999.99999
bank_txn_category_education_debit_cnt_56d,model_vars_category,-1000000,-999999.99999
bank_txn_category_insurance_amt_56d,model_vars_category,-1000000,-999999.99999
bank_txn_category_groceries_amt_56d,model_vars_category,-1000000,-999999.99999
bank_txn_category_external_transfers_amt_56d,model_vars_category,-1000000,-999999.99999
bank_txn_category_non_sacc_loans_amt_56d,model_vars_category,-1000000,-999999.99999
bank_txn_category_dining_out_amt_56d,model_vars_category,-1000000,-999999.99999
bank_txn_category_all_other_credits_amt_56d,model_vars_category,-1000000,-999999.99999
bank_txn_category_sacc_loans_amt_56d,model_vars_category,-1000000,-999999.99999
bank_txn_category_travel_amt_56d,model_vars_category,-1000000,-999999.99999
bank_txn_category_internal_transfer_amt_56d,model_vars_category,-1000000,-999999.99999
bank_txn_category_telecommunications_amt_56d,model_vars_category,-1000000,-999999.99999
bank_txn_category_education_amt_56d,model_vars_category,-1000000,-999999.99999
bank_txn_category_retail_amt_56d,model_vars_category,-1000000,-999999.99999
bank_txn_category_information_amt_56d,model_vars_category,-1000000,-999999.99999
bank_txn_category_subscription_tv_amt_56d,model_vars_category,-1000000,-999999.99999
bank_txn_category_automotive_amt_56d,model_vars_category,-1000000,-999999.99999
bank_txn_category_home_improvement_amt_56d,model_vars_category,-1000000,-999999.99999
bank_txn_category_centrelink_amt_56d,model_vars_category,-1000000,-999999.99999
bank_txn_category_personal_care_amt_56d,model_vars_category,-1000000,-999999.99999
bank_txn_category_gyms_and_other_memberships_amt_56d,model_vars_category,-1000000,-999999.99999
bank_txn_category_health_amt_56d,model_vars_category,-1000000,-999999.99999
bank_txn_category_department_stores_amt_56d,model_vars_category,-1000000,-999999.99999
bank_txn_category_pet_care_amt_56d,model_vars_category,-1000000,-999999.99999
bank_txn_category_overdrawn_amt_56d,model_vars_category,-1000000,-999999.99999
bank_txn_category_debt_collection_amt_56d,model_vars_category,-1000000,-999999.99999
bank_txn_category_utilities_amt_56d,model_vars_category,-1000000,-999999.99999
bank_txn_category_entertainment_amt_56d,model_vars_category,-1000000,-999999.99999
bank_txn_category_transport_amt_56d,model_vars_category,-1000000,-999999.99999
bank_txn_category_donations_amt_56d,model_vars_category,-1000000,-999999.99999
bank_txn_category_rent_amt_56d,model_vars_category,-1000000,-999999.99999
bank_txn_category_fees_amt_56d,model_vars_category,-1000000,-999999.99999
bank_txn_category_debt_consolidation_amt_56d,model_vars_category,-1000000,-999999.99999
bank_txn_category_gambling_amt_56d,model_vars_category,-1000000,-999999.99999
bank_txn_category_dishonours_amt_56d,model_vars_category,-1000000,-999999.99999
bank_txn_category_credit_card_repayments_amt_56d,model_vars_category,-1000000,-999999.99999
bank_txn_category_wages_amt_56d,model_vars_category,-1000000,-999999.99999
bank_txn_category_external_transfers_credit_amt_56d,model_vars_category,-1000000,-999999.99999
bank_txn_category_all_other_credits_credit_amt_56d,model_vars_category,-1000000,-999999.99999
bank_txn_category_insurance_credit_amt_56d,model_vars_category,-1000000,-999999.99999
bank_txn_category_internal_transfer_credit_amt_56d,model_vars_category,-1000000,-999999.99999
bank_txn_category_information_credit_amt_56d,model_vars_category,-1000000,-999999.99999
bank_txn_category_home_improvement_credit_amt_56d,model_vars_category,-1000000,-999999.99999
bank_txn_category_centrelink_credit_amt_56d,model_vars_category,-1000000,-999999.99999
bank_txn_category_health_credit_amt_56d,model_vars_category,-1000000,-999999.99999
bank_txn_category_automotive_credit_amt_56d,model_vars_category,-1000000,-999999.99999
bank_txn_category_pet_care_credit_amt_56d,model_vars_category,-1000000,-999999.99999
bank_txn_category_sacc_loans_credit_amt_56d,model_vars_category,-1000000,-999999.99999
bank_txn_category_department_stores_credit_amt_56d,model_vars_category,-1000000,-999999.99999
bank_txn_category_gyms_and_other_memberships_credit_amt_56d,model_vars_category,-1000000,-999999.99999
bank_txn_category_overdrawn_credit_amt_56d,model_vars_category,-1000000,-999999.99999
bank_txn_category_retail_credit_amt_56d,model_vars_category,-1000000,-999999.99999
bank_txn_category_debt_collection_credit_amt_56d,model_vars_category,-1000000,-999999.99999
bank_txn_category_utilities_credit_amt_56d,model_vars_category,-1000000,-999999.99999
bank_txn_category_subscription_tv_credit_amt_56d,model_vars_category,-1000000,-999999.99999
bank_txn_category_entertainment_credit_amt_56d,model_vars_category,-1000000,-999999.99999
bank_txn_category_transport_credit_amt_56d,model_vars_category,-1000000,-999999.99999
bank_txn_category_donations_credit_amt_56d,model_vars_category,-1000000,-999999.99999
bank_txn_category_rent_credit_amt_56d,model_vars_category,-1000000,-999999.99999
bank_txn_category_non_sacc_loans_credit_amt_56d,model_vars_category,-1000000,-999999.99999
bank_txn_category_fees_credit_amt_56d,model_vars_category,-1000000,-999999.99999
bank_txn_category_debt_consolidation_credit_amt_56d,model_vars_category,-1000000,-999999.99999
bank_txn_category_gambling_credit_amt_56d,model_vars_category,-1000000,-999999.99999
bank_txn_category_travel_credit_amt_56d,model_vars_category,-1000000,-999999.99999
bank_txn_category_dishonours_credit_amt_56d,model_vars_category,-1000000,-999999.99999
bank_txn_category_credit_card_repayments_credit_amt_56d,model_vars_category,-1000000,-999999.99999
bank_txn_category_groceries_credit_amt_56d,model_vars_category,-1000000,-999999.99999
bank_txn_category_personal_care_credit_amt_56d,model_vars_category,-1000000,-999999.99999
bank_txn_category_wages_credit_amt_56d,model_vars_category,-1000000,-999999.99999
bank_txn_category_telecommunications_credit_amt_56d,model_vars_category,-1000000,-999999.99999
bank_txn_category_dining_out_credit_amt_56d,model_vars_category,-1000000,-999999.99999
bank_txn_category_education_credit_amt_56d,model_vars_category,-1000000,-999999.99999
bank_txn_category_insurance_debit_amt_56d,model_vars_category,-1000000,-999999.99999
bank_txn_category_groceries_debit_amt_56d,model_vars_category,-1000000,-999999.99999
bank_txn_category_external_transfers_debit_amt_56d,model_vars_category,-1000000,-999999.99999
bank_txn_category_non_sacc_loans_debit_amt_56d,model_vars_category,-1000000,-999999.99999
bank_txn_category_dining_out_debit_amt_56d,model_vars_category,-1000000,-999999.99999
bank_txn_category_sacc_loans_debit_amt_56d,model_vars_category,-1000000,-999999.99999
bank_txn_category_travel_debit_amt_56d,model_vars_category,-1000000,-999999.99999
bank_txn_category_telecommunications_debit_amt_56d,model_vars_category,-1000000,-999999.99999
bank_txn_category_education_debit_amt_56d,model_vars_category,-1000000,-999999.99999
bank_txn_category_retail_debit_amt_56d,model_vars_category,-1000000,-999999.99999
bank_txn_category_subscription_tv_debit_amt_56d,model_vars_category,-1000000,-999999.99999
bank_txn_category_internal_transfer_debit_amt_56d,model_vars_category,-1000000,-999999.99999
bank_txn_category_automotive_debit_amt_56d,model_vars_category,-1000000,-999999.99999
bank_txn_category_home_improvement_debit_amt_56d,model_vars_category,-1000000,-999999.99999
bank_txn_category_personal_care_debit_amt_56d,model_vars_category,-1000000,-999999.99999
bank_txn_category_gyms_and_other_memberships_debit_amt_56d,model_vars_category,-1000000,-999999.99999
bank_txn_category_department_stores_debit_amt_56d,model_vars_category,-1000000,-999999.99999
bank_txn_category_all_other_credits_debit_amt_56d,model_vars_category,-1000000,-999999.99999
bank_txn_category_pet_care_debit_amt_56d,model_vars_category,-1000000,-999999.99999
bank_txn_category_overdrawn_debit_amt_56d,model_vars_category,-1000000,-999999.99999
bank_txn_category_information_debit_amt_56d,model_vars_category,-1000000,-999999.99999
bank_txn_category_debt_collection_debit_amt_56d,model_vars_category,-1000000,-999999.99999
bank_txn_category_utilities_debit_amt_56d,model_vars_category,-1000000,-999999.99999
bank_txn_category_entertainment_debit_amt_56d,model_vars_category,-1000000,-999999.99999
bank_txn_category_transport_debit_amt_56d,model_vars_category,-1000000,-999999.99999
bank_txn_category_donations_debit_amt_56d,model_vars_category,-1000000,-999999.99999
bank_txn_category_rent_debit_amt_56d,model_vars_category,-1000000,-999999.99999
bank_txn_category_fees_debit_amt_56d,model_vars_category,-1000000,-999999.99999
bank_txn_category_debt_consolidation_debit_amt_56d,model_vars_category,-1000000,-999999.99999
bank_txn_category_gambling_debit_amt_56d,model_vars_category,-1000000,-999999.99999
bank_txn_category_centrelink_debit_amt_56d,model_vars_category,-1000000,-999999.99999
bank_txn_category_dishonours_debit_amt_56d,model_vars_category,-1000000,-999999.99999
bank_txn_category_credit_card_repayments_debit_amt_56d,model_vars_category,-1000000,-999999.99999
bank_txn_category_health_debit_amt_56d,model_vars_category,-1000000,-999999.99999
bank_txn_category_wages_debit_amt_56d,model_vars_category,-1000000,-999999.99999
bank_txn_category_global_cnt_84d,model_vars_category,-1000000,-999999.99999
bank_txn_category_global_credit_cnt_84d,model_vars_category,-1000000,-999999.99999
bank_txn_category_global_debit_cnt_84d,model_vars_category,-1000000,-999999.99999
bank_txn_category_global_amt_84d,model_vars_category,-1000000,-999999.99999
bank_txn_category_global_credit_amt_84d,model_vars_category,-1000000,-999999.99999
bank_txn_category_global_debit_amt_84d,model_vars_category,-1000000,-999999.99999
bank_txn_category_insurance_cnt_84d,model_vars_category,-1000000,-999999.99999
bank_txn_category_external_transfers_cnt_84d,model_vars_category,-1000000,-999999.99999
bank_txn_category_groceries_cnt_84d,model_vars_category,-1000000,-999999.99999
bank_txn_category_non_sacc_loans_cnt_84d,model_vars_category,-1000000,-999999.99999
bank_txn_category_dining_out_cnt_84d,model_vars_category,-1000000,-999999.99999
bank_txn_category_all_other_credits_cnt_84d,model_vars_category,-1000000,-999999.99999
bank_txn_category_sacc_loans_cnt_84d,model_vars_category,-1000000,-999999.99999
bank_txn_category_travel_cnt_84d,model_vars_category,-1000000,-999999.99999
bank_txn_category_internal_transfer_cnt_84d,model_vars_category,-1000000,-999999.99999
bank_txn_category_telecommunications_cnt_84d,model_vars_category,-1000000,-999999.99999
bank_txn_category_education_cnt_84d,model_vars_category,-1000000,-999999.99999
bank_txn_category_retail_cnt_84d,model_vars_category,-1000000,-999999.99999
bank_txn_category_information_cnt_84d,model_vars_category,-1000000,-999999.99999
bank_txn_category_subscription_tv_cnt_84d,model_vars_category,-1000000,-999999.99999
bank_txn_category_centrelink_cnt_84d,model_vars_category,-1000000,-999999.99999
bank_txn_category_automotive_cnt_84d,model_vars_category,-1000000,-999999.99999
bank_txn_category_home_improvement_cnt_84d,model_vars_category,-1000000,-999999.99999
bank_txn_category_personal_care_cnt_84d,model_vars_category,-1000000,-999999.99999
bank_txn_category_transport_cnt_84d,model_vars_category,-1000000,-999999.99999
bank_txn_category_entertainment_cnt_84d,model_vars_category,-1000000,-999999.99999
bank_txn_category_gyms_and_other_memberships_cnt_84d,model_vars_category,-1000000,-999999.99999
bank_txn_category_health_cnt_84d,model_vars_category,-1000000,-999999.99999
bank_txn_category_department_stores_cnt_84d,model_vars_category,-1000000,-999999.99999
bank_txn_category_pet_care_cnt_84d,model_vars_category,-1000000,-999999.99999
bank_txn_category_overdrawn_cnt_84d,model_vars_category,-1000000,-999999.99999
bank_txn_category_debt_collection_cnt_84d,model_vars_category,-1000000,-999999.99999
bank_txn_category_utilities_cnt_84d,model_vars_category,-1000000,-999999.99999
bank_txn_category_donations_cnt_84d,model_vars_category,-1000000,-999999.99999
bank_txn_category_rent_cnt_84d,model_vars_category,-1000000,-999999.99999
bank_txn_category_fees_cnt_84d,model_vars_category,-1000000,-999999.99999
bank_txn_category_debt_consolidation_cnt_84d,model_vars_category,-1000000,-999999.99999
bank_txn_category_gambling_cnt_84d,model_vars_category,-1000000,-999999.99999
bank_txn_category_dishonours_cnt_84d,model_vars_category,-1000000,-999999.99999
bank_txn_category_credit_card_repayments_cnt_84d,model_vars_category,-1000000,-999999.99999
bank_txn_category_wages_cnt_84d,model_vars_category,-1000000,-999999.99999
bank_txn_category_all_other_credits_credit_cnt_84d,model_vars_category,-1000000,-999999.99999
bank_txn_category_all_other_credits_debit_cnt_84d,model_vars_category,-1000000,-999999.99999
bank_txn_category_automotive_credit_cnt_84d,model_vars_category,-1000000,-999999.99999
bank_txn_category_automotive_debit_cnt_84d,model_vars_category,-1000000,-999999.99999
bank_txn_category_pet_care_credit_cnt_84d,model_vars_category,-1000000,-999999.99999
bank_txn_category_pet_care_debit_cnt_84d,model_vars_category,-1000000,-999999.99999
bank_txn_category_home_improvement_credit_cnt_84d,model_vars_category,-1000000,-999999.99999
bank_txn_category_home_improvement_debit_cnt_84d,model_vars_category,-1000000,-999999.99999
bank_txn_category_sacc_loans_credit_cnt_84d,model_vars_category,-1000000,-999999.99999
bank_txn_category_sacc_loans_debit_cnt_84d,model_vars_category,-1000000,-999999.99999
bank_txn_category_department_stores_credit_cnt_84d,model_vars_category,-1000000,-999999.99999
bank_txn_category_department_stores_debit_cnt_84d,model_vars_category,-1000000,-999999.99999
bank_txn_category_gyms_and_other_memberships_credit_cnt_84d,model_vars_category,-1000000,-999999.99999
bank_txn_category_gyms_and_other_memberships_debit_cnt_84d,model_vars_category,-1000000,-999999.99999
bank_txn_category_overdrawn_credit_cnt_84d,model_vars_category,-1000000,-999999.99999
bank_txn_category_overdrawn_debit_cnt_84d,model_vars_category,-1000000,-999999.99999
bank_txn_category_information_credit_cnt_84d,model_vars_category,-1000000,-999999.99999
bank_txn_category_information_debit_cnt_84d,model_vars_category,-1000000,-999999.99999
bank_txn_category_retail_credit_cnt_84d,model_vars_category,-1000000,-999999.99999
bank_txn_category_retail_debit_cnt_84d,model_vars_category,-1000000,-999999.99999
bank_txn_category_debt_collection_credit_cnt_84d,model_vars_category,-1000000,-999999.99999
bank_txn_category_debt_collection_debit_cnt_84d,model_vars_category,-1000000,-999999.99999
bank_txn_category_utilities_credit_cnt_84d,model_vars_category,-1000000,-999999.99999
bank_txn_category_utilities_debit_cnt_84d,model_vars_category,-1000000,-999999.99999
bank_txn_category_subscription_tv_credit_cnt_84d,model_vars_category,-1000000,-999999.99999
bank_txn_category_subscription_tv_debit_cnt_84d,model_vars_category,-1000000,-999999.99999
bank_txn_category_entertainment_credit_cnt_84d,model_vars_category,-1000000,-999999.99999
bank_txn_category_entertainment_debit_cnt_84d,model_vars_category,-1000000,-999999.99999
bank_txn_category_transport_credit_cnt_84d,model_vars_category,-1000000,-999999.99999
bank_txn_category_transport_debit_cnt_84d,model_vars_category,-1000000,-999999.99999
bank_txn_category_donations_credit_cnt_84d,model_vars_category,-1000000,-999999.99999
bank_txn_category_donations_debit_cnt_84d,model_vars_category,-1000000,-999999.99999
bank_txn_category_rent_credit_cnt_84d,model_vars_category,-1000000,-999999.99999
bank_txn_category_rent_debit_cnt_84d,model_vars_category,-1000000,-999999.99999
bank_txn_category_non_sacc_loans_credit_cnt_84d,model_vars_category,-1000000,-999999.99999
bank_txn_category_non_sacc_loans_debit_cnt_84d,model_vars_category,-1000000,-999999.99999
bank_txn_category_external_transfers_credit_cnt_84d,model_vars_category,-1000000,-999999.99999
bank_txn_category_external_transfers_debit_cnt_84d,model_vars_category,-1000000,-999999.99999
bank_txn_category_fees_credit_cnt_84d,model_vars_category,-1000000,-999999.99999
bank_txn_category_fees_debit_cnt_84d,model_vars_category,-1000000,-999999.99999
bank_txn_category_debt_consolidation_credit_cnt_84d,model_vars_category,-1000000,-999999.99999
bank_txn_category_debt_consolidation_debit_cnt_84d,model_vars_category,-1000000,-999999.99999
bank_txn_category_gambling_credit_cnt_84d,model_vars_category,-1000000,-999999.99999
bank_txn_category_gambling_debit_cnt_84d,model_vars_category,-1000000,-999999.99999
bank_txn_category_internal_transfer_credit_cnt_84d,model_vars_category,-1000000,-999999.99999
bank_txn_category_internal_transfer_debit_cnt_84d,model_vars_category,-1000000,-999999.99999
bank_txn_category_insurance_credit_cnt_84d,model_vars_category,-1000000,-999999.99999
bank_txn_category_insurance_debit_cnt_84d,model_vars_category,-1000000,-999999.99999
bank_txn_category_travel_credit_cnt_84d,model_vars_category,-1000000,-999999.99999
bank_txn_category_travel_debit_cnt_84d,model_vars_category,-1000000,-999999.99999
bank_txn_category_centrelink_credit_cnt_84d,model_vars_category,-1000000,-999999.99999
bank_txn_category_centrelink_debit_cnt_84d,model_vars_category,-1000000,-999999.99999
bank_txn_category_dishonours_credit_cnt_84d,model_vars_category,-1000000,-999999.99999
bank_txn_category_dishonours_debit_cnt_84d,model_vars_category,-1000000,-999999.99999
bank_txn_category_credit_card_repayments_credit_cnt_84d,model_vars_category,-1000000,-999999.99999
bank_txn_category_credit_card_repayments_debit_cnt_84d,model_vars_category,-1000000,-999999.99999
bank_txn_category_groceries_credit_cnt_84d,model_vars_category,-1000000,-999999.99999
bank_txn_category_groceries_debit_cnt_84d,model_vars_category,-1000000,-999999.99999
bank_txn_category_personal_care_credit_cnt_84d,model_vars_category,-1000000,-999999.99999
bank_txn_category_personal_care_debit_cnt_84d,model_vars_category,-1000000,-999999.99999
bank_txn_category_health_credit_cnt_84d,model_vars_category,-1000000,-999999.99999
bank_txn_category_health_debit_cnt_84d,model_vars_category,-1000000,-999999.99999
bank_txn_category_wages_credit_cnt_84d,model_vars_category,-1000000,-999999.99999
bank_txn_category_wages_debit_cnt_84d,model_vars_category,-1000000,-999999.99999
bank_txn_category_telecommunications_credit_cnt_84d,model_vars_category,-1000000,-999999.99999
bank_txn_category_telecommunications_debit_cnt_84d,model_vars_category,-1000000,-999999.99999
bank_txn_category_dining_out_credit_cnt_84d,model_vars_category,-1000000,-999999.99999
bank_txn_category_dining_out_debit_cnt_84d,model_vars_category,-1000000,-999999.99999
bank_txn_category_education_credit_cnt_84d,model_vars_category,-1000000,-999999.99999
bank_txn_category_education_debit_cnt_84d,model_vars_category,-1000000,-999999.99999
bank_txn_category_insurance_amt_84d,model_vars_category,-1000000,-999999.99999
bank_txn_category_external_transfers_amt_84d,model_vars_category,-1000000,-999999.99999
bank_txn_category_groceries_amt_84d,model_vars_category,-1000000,-999999.99999
bank_txn_category_non_sacc_loans_amt_84d,model_vars_category,-1000000,-999999.99999
bank_txn_category_dining_out_amt_84d,model_vars_category,-1000000,-999999.99999
bank_txn_category_all_other_credits_amt_84d,model_vars_category,-1000000,-999999.99999
bank_txn_category_sacc_loans_amt_84d,model_vars_category,-1000000,-999999.99999
bank_txn_category_travel_amt_84d,model_vars_category,-1000000,-999999.99999
bank_txn_category_internal_transfer_amt_84d,model_vars_category,-1000000,-999999.99999
bank_txn_category_telecommunications_amt_84d,model_vars_category,-1000000,-999999.99999
bank_txn_category_education_amt_84d,model_vars_category,-1000000,-999999.99999
bank_txn_category_retail_amt_84d,model_vars_category,-1000000,-999999.99999
bank_txn_category_information_amt_84d,model_vars_category,-1000000,-999999.99999
bank_txn_category_subscription_tv_amt_84d,model_vars_category,-1000000,-999999.99999
bank_txn_category_centrelink_amt_84d,model_vars_category,-1000000,-999999.99999
bank_txn_category_automotive_amt_84d,model_vars_category,-1000000,-999999.99999
bank_txn_category_home_improvement_amt_84d,model_vars_category,-1000000,-999999.99999
bank_txn_category_personal_care_amt_84d,model_vars_category,-1000000,-999999.99999
bank_txn_category_transport_amt_84d,model_vars_category,-1000000,-999999.99999
bank_txn_category_entertainment_amt_84d,model_vars_category,-1000000,-999999.99999
bank_txn_category_gyms_and_other_memberships_amt_84d,model_vars_category,-1000000,-999999.99999
bank_txn_category_health_amt_84d,model_vars_category,-1000000,-999999.99999
bank_txn_category_department_stores_amt_84d,model_vars_category,-1000000,-999999.99999
bank_txn_category_pet_care_amt_84d,model_vars_category,-1000000,-999999.99999
bank_txn_category_overdrawn_amt_84d,model_vars_category,-1000000,-999999.99999
bank_txn_category_debt_collection_amt_84d,model_vars_category,-1000000,-999999.99999
bank_txn_category_utilities_amt_84d,model_vars_category,-1000000,-999999.99999
bank_txn_category_donations_amt_84d,model_vars_category,-1000000,-999999.99999
bank_txn_category_rent_amt_84d,model_vars_category,-1000000,-999999.99999
bank_txn_category_fees_amt_84d,model_vars_category,-1000000,-999999.99999
bank_txn_category_debt_consolidation_amt_84d,model_vars_category,-1000000,-999999.99999
bank_txn_category_gambling_amt_84d,model_vars_category,-1000000,-999999.99999
bank_txn_category_dishonours_amt_84d,model_vars_category,-1000000,-999999.99999
bank_txn_category_credit_card_repayments_amt_84d,model_vars_category,-1000000,-999999.99999
bank_txn_category_wages_amt_84d,model_vars_category,-1000000,-999999.99999
bank_txn_category_external_transfers_credit_amt_84d,model_vars_category,-1000000,-999999.99999
bank_txn_category_all_other_credits_credit_amt_84d,model_vars_category,-1000000,-999999.99999
bank_txn_category_insurance_credit_amt_84d,model_vars_category,-1000000,-999999.99999
bank_txn_category_internal_transfer_credit_amt_84d,model_vars_category,-1000000,-999999.99999
bank_txn_category_information_credit_amt_84d,model_vars_category,-1000000,-999999.99999
bank_txn_category_centrelink_credit_amt_84d,model_vars_category,-1000000,-999999.99999
bank_txn_category_home_improvement_credit_amt_84d,model_vars_category,-1000000,-999999.99999
bank_txn_category_health_credit_amt_84d,model_vars_category,-1000000,-999999.99999
bank_txn_category_automotive_credit_amt_84d,model_vars_category,-1000000,-999999.99999
bank_txn_category_pet_care_credit_amt_84d,model_vars_category,-1000000,-999999.99999
bank_txn_category_sacc_loans_credit_amt_84d,model_vars_category,-1000000,-999999.99999
bank_txn_category_department_stores_credit_amt_84d,model_vars_category,-1000000,-999999.99999
bank_txn_category_gyms_and_other_memberships_credit_amt_84d,model_vars_category,-1000000,-999999.99999
bank_txn_category_overdrawn_credit_amt_84d,model_vars_category,-1000000,-999999.99999
bank_txn_category_retail_credit_amt_84d,model_vars_category,-1000000,-999999.99999
bank_txn_category_debt_collection_credit_amt_84d,model_vars_category,-1000000,-999999.99999
bank_txn_category_utilities_credit_amt_84d,model_vars_category,-1000000,-999999.99999
bank_txn_category_subscription_tv_credit_amt_84d,model_vars_category,-1000000,-999999.99999
bank_txn_category_entertainment_credit_amt_84d,model_vars_category,-1000000,-999999.99999
bank_txn_category_transport_credit_amt_84d,model_vars_category,-1000000,-999999.99999
bank_txn_category_donations_credit_amt_84d,model_vars_category,-1000000,-999999.99999
bank_txn_category_rent_credit_amt_84d,model_vars_category,-1000000,-999999.99999
bank_txn_category_non_sacc_loans_credit_amt_84d,model_vars_category,-1000000,-999999.99999
bank_txn_category_fees_credit_amt_84d,model_vars_category,-1000000,-999999.99999
bank_txn_category_debt_consolidation_credit_amt_84d,model_vars_category,-1000000,-999999.99999
bank_txn_category_gambling_credit_amt_84d,model_vars_category,-1000000,-999999.99999
bank_txn_category_travel_credit_amt_84d,model_vars_category,-1000000,-999999.99999
bank_txn_category_dishonours_credit_amt_84d,model_vars_category,-1000000,-999999.99999
bank_txn_category_credit_card_repayments_credit_amt_84d,model_vars_category,-1000000,-999999.99999
bank_txn_category_groceries_credit_amt_84d,model_vars_category,-1000000,-999999.99999
bank_txn_category_personal_care_credit_amt_84d,model_vars_category,-1000000,-999999.99999
bank_txn_category_wages_credit_amt_84d,model_vars_category,-1000000,-999999.99999
bank_txn_category_telecommunications_credit_amt_84d,model_vars_category,-1000000,-999999.99999
bank_txn_category_dining_out_credit_amt_84d,model_vars_category,-1000000,-999999.99999
bank_txn_category_education_credit_amt_84d,model_vars_category,-1000000,-999999.99999
bank_txn_category_insurance_debit_amt_84d,model_vars_category,-1000000,-999999.99999
bank_txn_category_external_transfers_debit_amt_84d,model_vars_category,-1000000,-999999.99999
bank_txn_category_groceries_debit_amt_84d,model_vars_category,-1000000,-999999.99999
bank_txn_category_non_sacc_loans_debit_amt_84d,model_vars_category,-1000000,-999999.99999
bank_txn_category_dining_out_debit_amt_84d,model_vars_category,-1000000,-999999.99999
bank_txn_category_sacc_loans_debit_amt_84d,model_vars_category,-1000000,-999999.99999
bank_txn_category_travel_debit_amt_84d,model_vars_category,-1000000,-999999.99999
bank_txn_category_telecommunications_debit_amt_84d,model_vars_category,-1000000,-999999.99999
bank_txn_category_education_debit_amt_84d,model_vars_category,-1000000,-999999.99999
bank_txn_category_retail_debit_amt_84d,model_vars_category,-1000000,-999999.99999
bank_txn_category_subscription_tv_debit_amt_84d,model_vars_category,-1000000,-999999.99999
bank_txn_category_internal_transfer_debit_amt_84d,model_vars_category,-1000000,-999999.99999
bank_txn_category_automotive_debit_amt_84d,model_vars_category,-1000000,-999999.99999
bank_txn_category_home_improvement_debit_amt_84d,model_vars_category,-1000000,-999999.99999
bank_txn_category_personal_care_debit_amt_84d,model_vars_category,-1000000,-999999.99999
bank_txn_category_transport_debit_amt_84d,model_vars_category,-1000000,-999999.99999
bank_txn_category_entertainment_debit_amt_84d,model_vars_category,-1000000,-999999.99999
bank_txn_category_gyms_and_other_memberships_debit_amt_84d,model_vars_category,-1000000,-999999.99999
bank_txn_category_health_debit_amt_84d,model_vars_category,-1000000,-999999.99999
bank_txn_category_department_stores_debit_amt_84d,model_vars_category,-1000000,-999999.99999
bank_txn_category_all_other_credits_debit_amt_84d,model_vars_category,-1000000,-999999.99999
bank_txn_category_pet_care_debit_amt_84d,model_vars_category,-1000000,-999999.99999
bank_txn_category_overdrawn_debit_amt_84d,model_vars_category,-1000000,-999999.99999
bank_txn_category_information_debit_amt_84d,model_vars_category,-1000000,-999999.99999
bank_txn_category_debt_collection_debit_amt_84d,model_vars_category,-1000000,-999999.99999
bank_txn_category_utilities_debit_amt_84d,model_vars_category,-1000000,-999999.99999
bank_txn_category_donations_debit_amt_84d,model_vars_category,-1000000,-999999.99999
bank_txn_category_rent_debit_amt_84d,model_vars_category,-1000000,-999999.99999
bank_txn_category_fees_debit_amt_84d,model_vars_category,-1000000,-999999.99999
bank_txn_category_debt_consolidation_debit_amt_84d,model_vars_category,-1000000,-999999.99999
bank_txn_category_gambling_debit_amt_84d,model_vars_category,-1000000,-999999.99999
bank_txn_category_centrelink_debit_amt_84d,model_vars_category,-1000000,-999999.99999
bank_txn_category_dishonours_debit_amt_84d,model_vars_category,-1000000,-999999.99999
bank_txn_category_credit_card_repayments_debit_amt_84d,model_vars_category,-1000000,-999999.99999
bank_txn_category_wages_debit_amt_84d,model_vars_category,-1000000,-999999.99999
bank_txn_category_global_cnt_168d,model_vars_category,-1000000,-999999.99999
bank_txn_category_global_credit_cnt_168d,model_vars_category,-1000000,-999999.99999
bank_txn_category_global_debit_cnt_168d,model_vars_category,-1000000,-999999.99999
bank_txn_category_global_amt_168d,model_vars_category,-1000000,-999999.99999
bank_txn_category_global_credit_amt_168d,model_vars_category,-1000000,-999999.99999
bank_txn_category_global_debit_amt_168d,model_vars_category,-1000000,-999999.99999
bank_txn_category_entertainment_cnt_168d,model_vars_category,-1000000,-999999.99999
bank_txn_category_travel_cnt_168d,model_vars_category,-1000000,-999999.99999
bank_txn_category_insurance_cnt_168d,model_vars_category,-1000000,-999999.99999
bank_txn_category_retail_cnt_168d,model_vars_category,-1000000,-999999.99999
bank_txn_category_external_transfers_cnt_168d,model_vars_category,-1000000,-999999.99999
bank_txn_category_groceries_cnt_168d,model_vars_category,-1000000,-999999.99999
bank_txn_category_dining_out_cnt_168d,model_vars_category,-1000000,-999999.99999
bank_txn_category_sacc_loans_cnt_168d,model_vars_category,-1000000,-999999.99999
bank_txn_category_all_other_credits_cnt_168d,model_vars_category,-1000000,-999999.99999
bank_txn_category_non_sacc_loans_cnt_168d,model_vars_category,-1000000,-999999.99999
bank_txn_category_education_cnt_168d,model_vars_category,-1000000,-999999.99999
bank_txn_category_internal_transfer_cnt_168d,model_vars_category,-1000000,-999999.99999
bank_txn_category_telecommunications_cnt_168d,model_vars_category,-1000000,-999999.99999
bank_txn_category_home_improvement_cnt_168d,model_vars_category,-1000000,-999999.99999
bank_txn_category_subscription_tv_cnt_168d,model_vars_category,-1000000,-999999.99999
bank_txn_category_health_cnt_168d,model_vars_category,-1000000,-999999.99999
bank_txn_category_information_cnt_168d,model_vars_category,-1000000,-999999.99999
bank_txn_category_gyms_and_other_memberships_cnt_168d,model_vars_category,-1000000,-999999.99999
bank_txn_category_fees_cnt_168d,model_vars_category,-1000000,-999999.99999
bank_txn_category_automotive_cnt_168d,model_vars_category,-1000000,-999999.99999
bank_txn_category_centrelink_cnt_168d,model_vars_category,-1000000,-999999.99999
bank_txn_category_transport_cnt_168d,model_vars_category,-1000000,-999999.99999
bank_txn_category_personal_care_cnt_168d,model_vars_category,-1000000,-999999.99999
bank_txn_category_donations_cnt_168d,model_vars_category,-1000000,-999999.99999
bank_txn_category_department_stores_cnt_168d,model_vars_category,-1000000,-999999.99999
bank_txn_category_pet_care_cnt_168d,model_vars_category,-1000000,-999999.99999
bank_txn_category_overdrawn_cnt_168d,model_vars_category,-1000000,-999999.99999
bank_txn_category_debt_collection_cnt_168d,model_vars_category,-1000000,-999999.99999
bank_txn_category_utilities_cnt_168d,model_vars_category,-1000000,-999999.99999
bank_txn_category_rent_cnt_168d,model_vars_category,-1000000,-999999.99999
bank_txn_category_debt_consolidation_cnt_168d,model_vars_category,-1000000,-999999.99999
bank_txn_category_gambling_cnt_168d,model_vars_category,-1000000,-999999.99999
bank_txn_category_dishonours_cnt_168d,model_vars_category,-1000000,-999999.99999
bank_txn_category_credit_card_repayments_cnt_168d,model_vars_category,-1000000,-999999.99999
bank_txn_category_wages_cnt_168d,model_vars_category,-1000000,-999999.99999
bank_txn_category_all_other_credits_credit_cnt_168d,model_vars_category,-1000000,-999999.99999
bank_txn_category_all_other_credits_debit_cnt_168d,model_vars_category,-1000000,-999999.99999
bank_txn_category_automotive_credit_cnt_168d,model_vars_category,-1000000,-999999.99999
bank_txn_category_automotive_debit_cnt_168d,model_vars_category,-1000000,-999999.99999
bank_txn_category_pet_care_credit_cnt_168d,model_vars_category,-1000000,-999999.99999
bank_txn_category_pet_care_debit_cnt_168d,model_vars_category,-1000000,-999999.99999
bank_txn_category_home_improvement_credit_cnt_168d,model_vars_category,-1000000,-999999.99999
bank_txn_category_home_improvement_debit_cnt_168d,model_vars_category,-1000000,-999999.99999
bank_txn_category_sacc_loans_credit_cnt_168d,model_vars_category,-1000000,-999999.99999
bank_txn_category_sacc_loans_debit_cnt_168d,model_vars_category,-1000000,-999999.99999
bank_txn_category_department_stores_credit_cnt_168d,model_vars_category,-1000000,-999999.99999
bank_txn_category_department_stores_debit_cnt_168d,model_vars_category,-1000000,-999999.99999
bank_txn_category_gyms_and_other_memberships_credit_cnt_168d,model_vars_category,-1000000,-999999.99999
bank_txn_category_gyms_and_other_memberships_debit_cnt_168d,model_vars_category,-1000000,-999999.99999
bank_txn_category_overdrawn_credit_cnt_168d,model_vars_category,-1000000,-999999.99999
bank_txn_category_overdrawn_debit_cnt_168d,model_vars_category,-1000000,-999999.99999
bank_txn_category_information_credit_cnt_168d,model_vars_category,-1000000,-999999.99999
bank_txn_category_information_debit_cnt_168d,model_vars_category,-1000000,-999999.99999
bank_txn_category_retail_credit_cnt_168d,model_vars_category,-1000000,-999999.99999
bank_txn_category_retail_debit_cnt_168d,model_vars_category,-1000000,-999999.99999
bank_txn_category_debt_collection_credit_cnt_168d,model_vars_category,-1000000,-999999.99999
bank_txn_category_debt_collection_debit_cnt_168d,model_vars_category,-1000000,-999999.99999
bank_txn_category_utilities_credit_cnt_168d,model_vars_category,-1000000,-999999.99999
bank_txn_category_utilities_debit_cnt_168d,model_vars_category,-1000000,-999999.99999
bank_txn_category_subscription_tv_credit_cnt_168d,model_vars_category,-1000000,-999999.99999
bank_txn_category_subscription_tv_debit_cnt_168d,model_vars_category,-1000000,-999999.99999
bank_txn_category_entertainment_credit_cnt_168d,model_vars_category,-1000000,-999999.99999
bank_txn_category_entertainment_debit_cnt_168d,model_vars_category,-1000000,-999999.99999
bank_txn_category_transport_credit_cnt_168d,model_vars_category,-1000000,-999999.99999
bank_txn_category_transport_debit_cnt_168d,model_vars_category,-1000000,-999999.99999
bank_txn_category_donations_credit_cnt_168d,model_vars_category,-1000000,-999999.99999
bank_txn_category_donations_debit_cnt_168d,model_vars_category,-1000000,-999999.99999
bank_txn_category_rent_credit_cnt_168d,model_vars_category,-1000000,-999999.99999
bank_txn_category_rent_debit_cnt_168d,model_vars_category,-1000000,-999999.99999
bank_txn_category_non_sacc_loans_credit_cnt_168d,model_vars_category,-1000000,-999999.99999
bank_txn_category_non_sacc_loans_debit_cnt_168d,model_vars_category,-1000000,-999999.99999
bank_txn_category_external_transfers_credit_cnt_168d,model_vars_category,-1000000,-999999.99999
bank_txn_category_external_transfers_debit_cnt_168d,model_vars_category,-1000000,-999999.99999
bank_txn_category_fees_credit_cnt_168d,model_vars_category,-1000000,-999999.99999
bank_txn_category_fees_debit_cnt_168d,model_vars_category,-1000000,-999999.99999
bank_txn_category_debt_consolidation_credit_cnt_168d,model_vars_category,-1000000,-999999.99999
bank_txn_category_debt_consolidation_debit_cnt_168d,model_vars_category,-1000000,-999999.99999
bank_txn_category_gambling_credit_cnt_168d,model_vars_category,-1000000,-999999.99999
bank_txn_category_gambling_debit_cnt_168d,model_vars_category,-1000000,-999999.99999
bank_txn_category_internal_transfer_credit_cnt_168d,model_vars_category,-1000000,-999999.99999
bank_txn_category_internal_transfer_debit_cnt_168d,model_vars_category,-1000000,-999999.99999
bank_txn_category_insurance_credit_cnt_168d,model_vars_category,-1000000,-999999.99999
bank_txn_category_insurance_debit_cnt_168d,model_vars_category,-1000000,-999999.99999
bank_txn_category_travel_credit_cnt_168d,model_vars_category,-1000000,-999999.99999
bank_txn_category_travel_debit_cnt_168d,model_vars_category,-1000000,-999999.99999
bank_txn_category_centrelink_credit_cnt_168d,model_vars_category,-1000000,-999999.99999
bank_txn_category_centrelink_debit_cnt_168d,model_vars_category,-1000000,-999999.99999
bank_txn_category_dishonours_credit_cnt_168d,model_vars_category,-1000000,-999999.99999
bank_txn_category_dishonours_debit_cnt_168d,model_vars_category,-1000000,-999999.99999
bank_txn_category_credit_card_repayments_credit_cnt_168d,model_vars_category,-1000000,-999999.99999
bank_txn_category_credit_card_repayments_debit_cnt_168d,model_vars_category,-1000000,-999999.99999
bank_txn_category_groceries_credit_cnt_168d,model_vars_category,-1000000,-999999.99999
bank_txn_category_groceries_debit_cnt_168d,model_vars_category,-1000000,-999999.99999
bank_txn_category_personal_care_credit_cnt_168d,model_vars_category,-1000000,-999999.99999
bank_txn_category_personal_care_debit_cnt_168d,model_vars_category,-1000000,-999999.99999
bank_txn_category_health_credit_cnt_168d,model_vars_category,-1000000,-999999.99999
bank_txn_category_health_debit_cnt_168d,model_vars_category,-1000000,-999999.99999
bank_txn_category_wages_credit_cnt_168d,model_vars_category,-1000000,-999999.99999
bank_txn_category_wages_debit_cnt_168d,model_vars_category,-1000000,-999999.99999
bank_txn_category_telecommunications_credit_cnt_168d,model_vars_category,-1000000,-999999.99999
bank_txn_category_telecommunications_debit_cnt_168d,model_vars_category,-1000000,-999999.99999
bank_txn_category_dining_out_credit_cnt_168d,model_vars_category,-1000000,-999999.99999
bank_txn_category_dining_out_debit_cnt_168d,model_vars_category,-1000000,-999999.99999
bank_txn_category_education_credit_cnt_168d,model_vars_category,-1000000,-999999.99999
bank_txn_category_education_debit_cnt_168d,model_vars_category,-1000000,-999999.99999
bank_txn_category_entertainment_amt_168d,model_vars_category,-1000000,-999999.99999
bank_txn_category_travel_amt_168d,model_vars_category,-1000000,-999999.99999
bank_txn_category_insurance_amt_168d,model_vars_category,-1000000,-999999.99999
bank_txn_category_retail_amt_168d,model_vars_category,-1000000,-999999.99999
bank_txn_category_external_transfers_amt_168d,model_vars_category,-1000000,-999999.99999
bank_txn_category_groceries_amt_168d,model_vars_category,-1000000,-999999.99999
bank_txn_category_dining_out_amt_168d,model_vars_category,-1000000,-999999.99999
bank_txn_category_sacc_loans_amt_168d,model_vars_category,-1000000,-999999.99999
bank_txn_category_all_other_credits_amt_168d,model_vars_category,-1000000,-999999.99999
bank_txn_category_non_sacc_loans_amt_168d,model_vars_category,-1000000,-999999.99999
bank_txn_category_education_amt_168d,model_vars_category,-1000000,-999999.99999
bank_txn_category_internal_transfer_amt_168d,model_vars_category,-1000000,-999999.99999
bank_txn_category_telecommunications_amt_168d,model_vars_category,-1000000,-999999.99999
bank_txn_category_home_improvement_amt_168d,model_vars_category,-1000000,-999999.99999
bank_txn_category_subscription_tv_amt_168d,model_vars_category,-1000000,-999999.99999
bank_txn_category_health_amt_168d,model_vars_category,-1000000,-999999.99999
bank_txn_category_information_amt_168d,model_vars_category,-1000000,-999999.99999
bank_txn_category_gyms_and_other_memberships_amt_168d,model_vars_category,-1000000,-999999.99999
bank_txn_category_fees_amt_168d,model_vars_category,-1000000,-999999.99999
bank_txn_category_automotive_amt_168d,model_vars_category,-1000000,-999999.99999
bank_txn_category_centrelink_amt_168d,model_vars_category,-1000000,-999999.99999
bank_txn_category_transport_amt_168d,model_vars_category,-1000000,-999999.99999
bank_txn_category_personal_care_amt_168d,model_vars_category,-1000000,-999999.99999
bank_txn_category_donations_amt_168d,model_vars_category,-1000000,-999999.99999
bank_txn_category_department_stores_amt_168d,model_vars_category,-1000000,-999999.99999
bank_txn_category_pet_care_amt_168d,model_vars_category,-1000000,-999999.99999
bank_txn_category_overdrawn_amt_168d,model_vars_category,-1000000,-999999.99999
bank_txn_category_debt_collection_amt_168d,model_vars_category,-1000000,-999999.99999
bank_txn_category_utilities_amt_168d,model_vars_category,-1000000,-999999.99999
bank_txn_category_rent_amt_168d,model_vars_category,-1000000,-999999.99999
bank_txn_category_debt_consolidation_amt_168d,model_vars_category,-1000000,-999999.99999
bank_txn_category_gambling_amt_168d,model_vars_category,-1000000,-999999.99999
bank_txn_category_dishonours_amt_168d,model_vars_category,-1000000,-999999.99999
bank_txn_category_credit_card_repayments_amt_168d,model_vars_category,-1000000,-999999.99999
bank_txn_category_wages_amt_168d,model_vars_category,-1000000,-999999.99999
bank_txn_category_external_transfers_credit_amt_168d,model_vars_category,-1000000,-999999.99999
bank_txn_category_all_other_credits_credit_amt_168d,model_vars_category,-1000000,-999999.99999
bank_txn_category_insurance_credit_amt_168d,model_vars_category,-1000000,-999999.99999
bank_txn_category_internal_transfer_credit_amt_168d,model_vars_category,-1000000,-999999.99999
bank_txn_category_home_improvement_credit_amt_168d,model_vars_category,-1000000,-999999.99999
bank_txn_category_health_credit_amt_168d,model_vars_category,-1000000,-999999.99999
bank_txn_category_information_credit_amt_168d,model_vars_category,-1000000,-999999.99999
bank_txn_category_centrelink_credit_amt_168d,model_vars_category,-1000000,-999999.99999
bank_txn_category_sacc_loans_credit_amt_168d,model_vars_category,-1000000,-999999.99999
bank_txn_category_automotive_credit_amt_168d,model_vars_category,-1000000,-999999.99999
bank_txn_category_pet_care_credit_amt_168d,model_vars_category,-1000000,-999999.99999
bank_txn_category_department_stores_credit_amt_168d,model_vars_category,-1000000,-999999.99999
bank_txn_category_gyms_and_other_memberships_credit_amt_168d,model_vars_category,-1000000,-999999.99999
bank_txn_category_overdrawn_credit_amt_168d,model_vars_category,-1000000,-999999.99999
bank_txn_category_retail_credit_amt_168d,model_vars_category,-1000000,-999999.99999
bank_txn_category_debt_collection_credit_amt_168d,model_vars_category,-1000000,-999999.99999
bank_txn_category_utilities_credit_amt_168d,model_vars_category,-1000000,-999999.99999
bank_txn_category_subscription_tv_credit_amt_168d,model_vars_category,-1000000,-999999.99999
bank_txn_category_entertainment_credit_amt_168d,model_vars_category,-1000000,-999999.99999
bank_txn_category_transport_credit_amt_168d,model_vars_category,-1000000,-999999.99999
bank_txn_category_donations_credit_amt_168d,model_vars_category,-1000000,-999999.99999
bank_txn_category_rent_credit_amt_168d,model_vars_category,-1000000,-999999.99999
bank_txn_category_non_sacc_loans_credit_amt_168d,model_vars_category,-1000000,-999999.99999
bank_txn_category_fees_credit_amt_168d,model_vars_category,-1000000,-999999.99999
bank_txn_category_debt_consolidation_credit_amt_168d,model_vars_category,-1000000,-999999.99999
bank_txn_category_gambling_credit_amt_168d,model_vars_category,-1000000,-999999.99999
bank_txn_category_travel_credit_amt_168d,model_vars_category,-1000000,-999999.99999
bank_txn_category_dishonours_credit_amt_168d,model_vars_category,-1000000,-999999.99999
bank_txn_category_credit_card_repayments_credit_amt_168d,model_vars_category,-1000000,-999999.99999
bank_txn_category_groceries_credit_amt_168d,model_vars_category,-1000000,-999999.99999
bank_txn_category_personal_care_credit_amt_168d,model_vars_category,-1000000,-999999.99999
bank_txn_category_wages_credit_amt_168d,model_vars_category,-1000000,-999999.99999
bank_txn_category_telecommunications_credit_amt_168d,model_vars_category,-1000000,-999999.99999
bank_txn_category_dining_out_credit_amt_168d,model_vars_category,-1000000,-999999.99999
bank_txn_category_education_credit_amt_168d,model_vars_category,-1000000,-999999.99999
bank_txn_category_entertainment_debit_amt_168d,model_vars_category,-1000000,-999999.99999
bank_txn_category_travel_debit_amt_168d,model_vars_category,-1000000,-999999.99999
bank_txn_category_insurance_debit_amt_168d,model_vars_category,-1000000,-999999.99999
bank_txn_category_retail_debit_amt_168d,model_vars_category,-1000000,-999999.99999
bank_txn_category_external_transfers_debit_amt_168d,model_vars_category,-1000000,-999999.99999
bank_txn_category_groceries_debit_amt_168d,model_vars_category,-1000000,-999999.99999
bank_txn_category_dining_out_debit_amt_168d,model_vars_category,-1000000,-999999.99999
bank_txn_category_sacc_loans_debit_amt_168d,model_vars_category,-1000000,-999999.99999
bank_txn_category_non_sacc_loans_debit_amt_168d,model_vars_category,-1000000,-999999.99999
bank_txn_category_education_debit_amt_168d,model_vars_category,-1000000,-999999.99999
bank_txn_category_telecommunications_debit_amt_168d,model_vars_category,-1000000,-999999.99999
bank_txn_category_subscription_tv_debit_amt_168d,model_vars_category,-1000000,-999999.99999
bank_txn_category_gyms_and_other_memberships_debit_amt_168d,model_vars_category,-1000000,-999999.99999
bank_txn_category_fees_debit_amt_168d,model_vars_category,-1000000,-999999.99999
bank_txn_category_automotive_debit_amt_168d,model_vars_category,-1000000,-999999.99999
bank_txn_category_internal_transfer_debit_amt_168d,model_vars_category,-1000000,-999999.99999
bank_txn_category_health_debit_amt_168d,model_vars_category,-1000000,-999999.99999
bank_txn_category_home_improvement_debit_amt_168d,model_vars_category,-1000000,-999999.99999
bank_txn_category_transport_debit_amt_168d,model_vars_category,-1000000,-999999.99999
bank_txn_category_personal_care_debit_amt_168d,model_vars_category,-1000000,-999999.99999
bank_txn_category_donations_debit_amt_168d,model_vars_category,-1000000,-999999.99999
bank_txn_category_department_stores_debit_amt_168d,model_vars_category,-1000000,-999999.99999
bank_txn_category_all_other_credits_debit_amt_168d,model_vars_category,-1000000,-999999.99999
bank_txn_category_pet_care_debit_amt_168d,model_vars_category,-1000000,-999999.99999
bank_txn_category_overdrawn_debit_amt_168d,model_vars_category,-1000000,-999999.99999
bank_txn_category_information_debit_amt_168d,model_vars_category,-1000000,-999999.99999
bank_txn_category_debt_collection_debit_amt_168d,model_vars_category,-1000000,-999999.99999
bank_txn_category_utilities_debit_amt_168d,model_vars_category,-1000000,-999999.99999
bank_txn_category_rent_debit_amt_168d,model_vars_category,-1000000,-999999.99999
bank_txn_category_debt_consolidation_debit_amt_168d,model_vars_category,-1000000,-999999.99999
bank_txn_category_gambling_debit_amt_168d,model_vars_category,-1000000,-999999.99999
bank_txn_category_centrelink_debit_amt_168d,model_vars_category,-1000000,-999999.99999
bank_txn_category_dishonours_debit_amt_168d,model_vars_category,-1000000,-999999.99999
bank_txn_category_credit_card_repayments_debit_amt_168d,model_vars_category,-1000000,-999999.99999
bank_txn_category_wages_debit_amt_168d,model_vars_category,-1000000,-999999.99999
bank_txn_category_global_cnt_182d,model_vars_category,-1000000,-999999.99999
bank_txn_category_global_credit_cnt_182d,model_vars_category,-1000000,-999999.99999
bank_txn_category_global_debit_cnt_182d,model_vars_category,-1000000,-999999.99999
bank_txn_category_global_amt_182d,model_vars_category,-1000000,-999999.99999
bank_txn_category_global_credit_amt_182d,model_vars_category,-1000000,-999999.99999
bank_txn_category_global_debit_amt_182d,model_vars_category,-1000000,-999999.99999
bank_txn_category_entertainment_cnt_182d,model_vars_category,-1000000,-999999.99999
bank_txn_category_travel_cnt_182d,model_vars_category,-1000000,-999999.99999
bank_txn_category_groceries_cnt_182d,model_vars_category,-1000000,-999999.99999
bank_txn_category_insurance_cnt_182d,model_vars_category,-1000000,-999999.99999
bank_txn_category_retail_cnt_182d,model_vars_category,-1000000,-999999.99999
bank_txn_category_external_transfers_cnt_182d,model_vars_category,-1000000,-999999.99999
bank_txn_category_dining_out_cnt_182d,model_vars_category,-1000000,-999999.99999
bank_txn_category_sacc_loans_cnt_182d,model_vars_category,-1000000,-999999.99999
bank_txn_category_all_other_credits_cnt_182d,model_vars_category,-1000000,-999999.99999
bank_txn_category_non_sacc_loans_cnt_182d,model_vars_category,-1000000,-999999.99999
bank_txn_category_education_cnt_182d,model_vars_category,-1000000,-999999.99999
bank_txn_category_internal_transfer_cnt_182d,model_vars_category,-1000000,-999999.99999
bank_txn_category_telecommunications_cnt_182d,model_vars_category,-1000000,-999999.99999
bank_txn_category_personal_care_cnt_182d,model_vars_category,-1000000,-999999.99999
bank_txn_category_home_improvement_cnt_182d,model_vars_category,-1000000,-999999.99999
bank_txn_category_subscription_tv_cnt_182d,model_vars_category,-1000000,-999999.99999
bank_txn_category_health_cnt_182d,model_vars_category,-1000000,-999999.99999
bank_txn_category_information_cnt_182d,model_vars_category,-1000000,-999999.99999
bank_txn_category_gyms_and_other_memberships_cnt_182d,model_vars_category,-1000000,-999999.99999
bank_txn_category_fees_cnt_182d,model_vars_category,-1000000,-999999.99999
bank_txn_category_automotive_cnt_182d,model_vars_category,-1000000,-999999.99999
bank_txn_category_centrelink_cnt_182d,model_vars_category,-1000000,-999999.99999
bank_txn_category_transport_cnt_182d,model_vars_category,-1000000,-999999.99999
bank_txn_category_donations_cnt_182d,model_vars_category,-1000000,-999999.99999
bank_txn_category_department_stores_cnt_182d,model_vars_category,-1000000,-999999.99999
bank_txn_category_pet_care_cnt_182d,model_vars_category,-1000000,-999999.99999
bank_txn_category_overdrawn_cnt_182d,model_vars_category,-1000000,-999999.99999
bank_txn_category_debt_collection_cnt_182d,model_vars_category,-1000000,-999999.99999
bank_txn_category_utilities_cnt_182d,model_vars_category,-1000000,-999999.99999
bank_txn_category_rent_cnt_182d,model_vars_category,-1000000,-999999.99999
bank_txn_category_debt_consolidation_cnt_182d,model_vars_category,-1000000,-999999.99999
bank_txn_category_gambling_cnt_182d,model_vars_category,-1000000,-999999.99999
bank_txn_category_dishonours_cnt_182d,model_vars_category,-1000000,-999999.99999
bank_txn_category_credit_card_repayments_cnt_182d,model_vars_category,-1000000,-999999.99999
bank_txn_category_wages_cnt_182d,model_vars_category,-1000000,-999999.99999
bank_txn_category_all_other_credits_credit_cnt_182d,model_vars_category,-1000000,-999999.99999
bank_txn_category_all_other_credits_debit_cnt_182d,model_vars_category,-1000000,-999999.99999
bank_txn_category_automotive_credit_cnt_182d,model_vars_category,-1000000,-999999.99999
bank_txn_category_automotive_debit_cnt_182d,model_vars_category,-1000000,-999999.99999
bank_txn_category_pet_care_credit_cnt_182d,model_vars_category,-1000000,-999999.99999
bank_txn_category_pet_care_debit_cnt_182d,model_vars_category,-1000000,-999999.99999
bank_txn_category_home_improvement_credit_cnt_182d,model_vars_category,-1000000,-999999.99999
bank_txn_category_home_improvement_debit_cnt_182d,model_vars_category,-1000000,-999999.99999
bank_txn_category_sacc_loans_credit_cnt_182d,model_vars_category,-1000000,-999999.99999
bank_txn_category_sacc_loans_debit_cnt_182d,model_vars_category,-1000000,-999999.99999
bank_txn_category_department_stores_credit_cnt_182d,model_vars_category,-1000000,-999999.99999
bank_txn_category_department_stores_debit_cnt_182d,model_vars_category,-1000000,-999999.99999
bank_txn_category_gyms_and_other_memberships_credit_cnt_182d,model_vars_category,-1000000,-999999.99999
bank_txn_category_gyms_and_other_memberships_debit_cnt_182d,model_vars_category,-1000000,-999999.99999
bank_txn_category_overdrawn_credit_cnt_182d,model_vars_category,-1000000,-999999.99999
bank_txn_category_overdrawn_debit_cnt_182d,model_vars_category,-1000000,-999999.99999
bank_txn_category_information_credit_cnt_182d,model_vars_category,-1000000,-999999.99999
bank_txn_category_information_debit_cnt_182d,model_vars_category,-1000000,-999999.99999
bank_txn_category_retail_credit_cnt_182d,model_vars_category,-1000000,-999999.99999
bank_txn_category_retail_debit_cnt_182d,model_vars_category,-1000000,-999999.99999
bank_txn_category_debt_collection_credit_cnt_182d,model_vars_category,-1000000,-999999.99999
bank_txn_category_debt_collection_debit_cnt_182d,model_vars_category,-1000000,-999999.99999
bank_txn_category_utilities_credit_cnt_182d,model_vars_category,-1000000,-999999.99999
bank_txn_category_utilities_debit_cnt_182d,model_vars_category,-1000000,-999999.99999
bank_txn_category_subscription_tv_credit_cnt_182d,model_vars_category,-1000000,-999999.99999
bank_txn_category_subscription_tv_debit_cnt_182d,model_vars_category,-1000000,-999999.99999
bank_txn_category_entertainment_credit_cnt_182d,model_vars_category,-1000000,-999999.99999
bank_txn_category_entertainment_debit_cnt_182d,model_vars_category,-1000000,-999999.99999
bank_txn_category_transport_credit_cnt_182d,model_vars_category,-1000000,-999999.99999
bank_txn_category_transport_debit_cnt_182d,model_vars_category,-1000000,-999999.99999
bank_txn_category_donations_credit_cnt_182d,model_vars_category,-1000000,-999999.99999
bank_txn_category_donations_debit_cnt_182d,model_vars_category,-1000000,-999999.99999
bank_txn_category_rent_credit_cnt_182d,model_vars_category,-1000000,-999999.99999
bank_txn_category_rent_debit_cnt_182d,model_vars_category,-1000000,-999999.99999
bank_txn_category_non_sacc_loans_credit_cnt_182d,model_vars_category,-1000000,-999999.99999
bank_txn_category_non_sacc_loans_debit_cnt_182d,model_vars_category,-1000000,-999999.99999
bank_txn_category_external_transfers_credit_cnt_182d,model_vars_category,-1000000,-999999.99999
bank_txn_category_external_transfers_debit_cnt_182d,model_vars_category,-1000000,-999999.99999
bank_txn_category_fees_credit_cnt_182d,model_vars_category,-1000000,-999999.99999
bank_txn_category_fees_debit_cnt_182d,model_vars_category,-1000000,-999999.99999
bank_txn_category_debt_consolidation_credit_cnt_182d,model_vars_category,-1000000,-999999.99999
bank_txn_category_debt_consolidation_debit_cnt_182d,model_vars_category,-1000000,-999999.99999
bank_txn_category_gambling_credit_cnt_182d,model_vars_category,-1000000,-999999.99999
bank_txn_category_gambling_debit_cnt_182d,model_vars_category,-1000000,-999999.99999
bank_txn_category_internal_transfer_credit_cnt_182d,model_vars_category,-1000000,-999999.99999
bank_txn_category_internal_transfer_debit_cnt_182d,model_vars_category,-1000000,-999999.99999
bank_txn_category_insurance_credit_cnt_182d,model_vars_category,-1000000,-999999.99999
bank_txn_category_insurance_debit_cnt_182d,model_vars_category,-1000000,-999999.99999
bank_txn_category_travel_credit_cnt_182d,model_vars_category,-1000000,-999999.99999
bank_txn_category_travel_debit_cnt_182d,model_vars_category,-1000000,-999999.99999
bank_txn_category_centrelink_credit_cnt_182d,model_vars_category,-1000000,-999999.99999
bank_txn_category_centrelink_debit_cnt_182d,model_vars_category,-1000000,-999999.99999
bank_txn_category_dishonours_credit_cnt_182d,model_vars_category,-1000000,-999999.99999
bank_txn_category_dishonours_debit_cnt_182d,model_vars_category,-1000000,-999999.99999
bank_txn_category_credit_card_repayments_credit_cnt_182d,model_vars_category,-1000000,-999999.99999
bank_txn_category_credit_card_repayments_debit_cnt_182d,model_vars_category,-1000000,-999999.99999
bank_txn_category_groceries_credit_cnt_182d,model_vars_category,-1000000,-999999.99999
bank_txn_category_groceries_debit_cnt_182d,model_vars_category,-1000000,-999999.99999
bank_txn_category_personal_care_credit_cnt_182d,model_vars_category,-1000000,-999999.99999
bank_txn_category_personal_care_debit_cnt_182d,model_vars_category,-1000000,-999999.99999
bank_txn_category_health_credit_cnt_182d,model_vars_category,-1000000,-999999.99999
bank_txn_category_health_debit_cnt_182d,model_vars_category,-1000000,-999999.99999
bank_txn_category_wages_credit_cnt_182d,model_vars_category,-1000000,-999999.99999
bank_txn_category_wages_debit_cnt_182d,model_vars_category,-1000000,-999999.99999
bank_txn_category_telecommunications_credit_cnt_182d,model_vars_category,-1000000,-999999.99999
bank_txn_category_telecommunications_debit_cnt_182d,model_vars_category,-1000000,-999999.99999
bank_txn_category_dining_out_credit_cnt_182d,model_vars_category,-1000000,-999999.99999
bank_txn_category_dining_out_debit_cnt_182d,model_vars_category,-1000000,-999999.99999
bank_txn_category_education_credit_cnt_182d,model_vars_category,-1000000,-999999.99999
bank_txn_category_education_debit_cnt_182d,model_vars_category,-1000000,-999999.99999
bank_txn_category_entertainment_amt_182d,model_vars_category,-1000000,-999999.99999
bank_txn_category_travel_amt_182d,model_vars_category,-1000000,-999999.99999
bank_txn_category_groceries_amt_182d,model_vars_category,-1000000,-999999.99999
bank_txn_category_insurance_amt_182d,model_vars_category,-1000000,-999999.99999
bank_txn_category_retail_amt_182d,model_vars_category,-1000000,-999999.99999
bank_txn_category_external_transfers_amt_182d,model_vars_category,-1000000,-999999.99999
bank_txn_category_dining_out_amt_182d,model_vars_category,-1000000,-999999.99999
bank_txn_category_sacc_loans_amt_182d,model_vars_category,-1000000,-999999.99999
bank_txn_category_all_other_credits_amt_182d,model_vars_category,-1000000,-999999.99999
bank_txn_category_non_sacc_loans_amt_182d,model_vars_category,-1000000,-999999.99999
bank_txn_category_education_amt_182d,model_vars_category,-1000000,-999999.99999
bank_txn_category_internal_transfer_amt_182d,model_vars_category,-1000000,-999999.99999
bank_txn_category_telecommunications_amt_182d,model_vars_category,-1000000,-999999.99999
bank_txn_category_personal_care_amt_182d,model_vars_category,-1000000,-999999.99999
bank_txn_category_home_improvement_amt_182d,model_vars_category,-1000000,-999999.99999
bank_txn_category_subscription_tv_amt_182d,model_vars_category,-1000000,-999999.99999
bank_txn_category_health_amt_182d,model_vars_category,-1000000,-999999.99999
bank_txn_category_information_amt_182d,model_vars_category,-1000000,-999999.99999
bank_txn_category_gyms_and_other_memberships_amt_182d,model_vars_category,-1000000,-999999.99999
bank_txn_category_fees_amt_182d,model_vars_category,-1000000,-999999.99999
bank_txn_category_automotive_amt_182d,model_vars_category,-1000000,-999999.99999
bank_txn_category_centrelink_amt_182d,model_vars_category,-1000000,-999999.99999
bank_txn_category_transport_amt_182d,model_vars_category,-1000000,-999999.99999
bank_txn_category_donations_amt_182d,model_vars_category,-1000000,-999999.99999
bank_txn_category_department_stores_amt_182d,model_vars_category,-1000000,-999999.99999
bank_txn_category_pet_care_amt_182d,model_vars_category,-1000000,-999999.99999
bank_txn_category_overdrawn_amt_182d,model_vars_category,-1000000,-999999.99999
bank_txn_category_debt_collection_amt_182d,model_vars_category,-1000000,-999999.99999
bank_txn_category_utilities_amt_182d,model_vars_category,-1000000,-999999.99999
bank_txn_category_rent_amt_182d,model_vars_category,-1000000,-999999.99999
bank_txn_category_debt_consolidation_amt_182d,model_vars_category,-1000000,-999999.99999
bank_txn_category_gambling_amt_182d,model_vars_category,-1000000,-999999.99999
bank_txn_category_dishonours_amt_182d,model_vars_category,-1000000,-999999.99999
bank_txn_category_credit_card_repayments_amt_182d,model_vars_category,-1000000,-999999.99999
bank_txn_category_wages_amt_182d,model_vars_category,-1000000,-999999.99999
bank_txn_category_external_transfers_credit_amt_182d,model_vars_category,-1000000,-999999.99999
bank_txn_category_all_other_credits_credit_amt_182d,model_vars_category,-1000000,-999999.99999
bank_txn_category_insurance_credit_amt_182d,model_vars_category,-1000000,-999999.99999
bank_txn_category_internal_transfer_credit_amt_182d,model_vars_category,-1000000,-999999.99999
bank_txn_category_home_improvement_credit_amt_182d,model_vars_category,-1000000,-999999.99999
bank_txn_category_health_credit_amt_182d,model_vars_category,-1000000,-999999.99999
bank_txn_category_information_credit_amt_182d,model_vars_category,-1000000,-999999.99999
bank_txn_category_centrelink_credit_amt_182d,model_vars_category,-1000000,-999999.99999
bank_txn_category_sacc_loans_credit_amt_182d,model_vars_category,-1000000,-999999.99999
bank_txn_category_automotive_credit_amt_182d,model_vars_category,-1000000,-999999.99999
bank_txn_category_pet_care_credit_amt_182d,model_vars_category,-1000000,-999999.99999
bank_txn_category_department_stores_credit_amt_182d,model_vars_category,-1000000,-999999.99999
bank_txn_category_gyms_and_other_memberships_credit_amt_182d,model_vars_category,-1000000,-999999.99999
bank_txn_category_overdrawn_credit_amt_182d,model_vars_category,-1000000,-999999.99999
bank_txn_category_retail_credit_amt_182d,model_vars_category,-1000000,-999999.99999
bank_txn_category_debt_collection_credit_amt_182d,model_vars_category,-1000000,-999999.99999
bank_txn_category_utilities_credit_amt_182d,model_vars_category,-1000000,-999999.99999
bank_txn_category_subscription_tv_credit_amt_182d,model_vars_category,-1000000,-999999.99999
bank_txn_category_entertainment_credit_amt_182d,model_vars_category,-1000000,-999999.99999
bank_txn_category_transport_credit_amt_182d,model_vars_category,-1000000,-999999.99999
bank_txn_category_donations_credit_amt_182d,model_vars_category,-1000000,-999999.99999
bank_txn_category_rent_credit_amt_182d,model_vars_category,-1000000,-999999.99999
bank_txn_category_non_sacc_loans_credit_amt_182d,model_vars_category,-1000000,-999999.99999
bank_txn_category_fees_credit_amt_182d,model_vars_category,-1000000,-999999.99999
bank_txn_category_debt_consolidation_credit_amt_182d,model_vars_category,-1000000,-999999.99999
bank_txn_category_gambling_credit_amt_182d,model_vars_category,-1000000,-999999.99999
bank_txn_category_travel_credit_amt_182d,model_vars_category,-1000000,-999999.99999
bank_txn_category_dishonours_credit_amt_182d,model_vars_category,-1000000,-999999.99999
bank_txn_category_credit_card_repayments_credit_amt_182d,model_vars_category,-1000000,-999999.99999
bank_txn_category_groceries_credit_amt_182d,model_vars_category,-1000000,-999999.99999
bank_txn_category_personal_care_credit_amt_182d,model_vars_category,-1000000,-999999.99999
bank_txn_category_wages_credit_amt_182d,model_vars_category,-1000000,-999999.99999
bank_txn_category_telecommunications_credit_amt_182d,model_vars_category,-1000000,-999999.99999
bank_txn_category_dining_out_credit_amt_182d,model_vars_category,-1000000,-999999.99999
bank_txn_category_education_credit_amt_182d,model_vars_category,-1000000,-999999.99999
bank_txn_category_entertainment_debit_amt_182d,model_vars_category,-1000000,-999999.99999
bank_txn_category_travel_debit_amt_182d,model_vars_category,-1000000,-999999.99999
bank_txn_category_groceries_debit_amt_182d,model_vars_category,-1000000,-999999.99999
bank_txn_category_insurance_debit_amt_182d,model_vars_category,-1000000,-999999.99999
bank_txn_category_retail_debit_amt_182d,model_vars_category,-1000000,-999999.99999
bank_txn_category_external_transfers_debit_amt_182d,model_vars_category,-1000000,-999999.99999
bank_txn_category_dining_out_debit_amt_182d,model_vars_category,-1000000,-999999.99999
bank_txn_category_sacc_loans_debit_amt_182d,model_vars_category,-1000000,-999999.99999
bank_txn_category_non_sacc_loans_debit_amt_182d,model_vars_category,-1000000,-999999.99999
bank_txn_category_education_debit_amt_182d,model_vars_category,-1000000,-999999.99999
bank_txn_category_telecommunications_debit_amt_182d,model_vars_category,-1000000,-999999.99999
bank_txn_category_personal_care_debit_amt_182d,model_vars_category,-1000000,-999999.99999
bank_txn_category_subscription_tv_debit_amt_182d,model_vars_category,-1000000,-999999.99999
bank_txn_category_gyms_and_other_memberships_debit_amt_182d,model_vars_category,-1000000,-999999.99999
bank_txn_category_fees_debit_amt_182d,model_vars_category,-1000000,-999999.99999
bank_txn_category_automotive_debit_amt_182d,model_vars_category,-1000000,-999999.99999
bank_txn_category_internal_transfer_debit_amt_182d,model_vars_category,-1000000,-999999.99999
bank_txn_category_health_debit_amt_182d,model_vars_category,-1000000,-999999.99999
bank_txn_category_home_improvement_debit_amt_182d,model_vars_category,-1000000,-999999.99999
bank_txn_category_transport_debit_amt_182d,model_vars_category,-1000000,-999999.99999
bank_txn_category_donations_debit_amt_182d,model_vars_category,-1000000,-999999.99999
bank_txn_category_department_stores_debit_amt_182d,model_vars_category,-1000000,-999999.99999
bank_txn_category_all_other_credits_debit_amt_182d,model_vars_category,-1000000,-999999.99999
bank_txn_category_pet_care_debit_amt_182d,model_vars_category,-1000000,-999999.99999
bank_txn_category_overdrawn_debit_amt_182d,model_vars_category,-1000000,-999999.99999
bank_txn_category_information_debit_amt_182d,model_vars_category,-1000000,-999999.99999
bank_txn_category_debt_collection_debit_amt_182d,model_vars_category,-1000000,-999999.99999
bank_txn_category_utilities_debit_amt_182d,model_vars_category,-1000000,-999999.99999
bank_txn_category_rent_debit_amt_182d,model_vars_category,-1000000,-999999.99999
bank_txn_category_debt_consolidation_debit_amt_182d,model_vars_category,-1000000,-999999.99999
bank_txn_category_gambling_debit_amt_182d,model_vars_category,-1000000,-999999.99999
bank_txn_category_centrelink_debit_amt_182d,model_vars_category,-1000000,-999999.99999
bank_txn_category_dishonours_debit_amt_182d,model_vars_category,-1000000,-999999.99999
bank_txn_category_credit_card_repayments_debit_amt_182d,model_vars_category,-1000000,-999999.99999
bank_txn_category_wages_debit_amt_182d,model_vars_category,-1000000,-999999.99999
bank_txn_category_active_days_7d,model_vars_category,-1000000,-999999.99999
bank_txn_category_txn_freq_per_active_day_7d,model_vars_category,-1000000,-999999.99999
bank_txn_category_weekend_share_7d,model_vars_category,-1000000,-999999.99999
bank_txn_category_inter_txn_gap_p50_7d,model_vars_category,-1000000,-999999.99999
bank_txn_category_inter_txn_gap_p90_7d,model_vars_category,-1000000,-999999.99999
bank_txn_category_income_dom_std_7d,model_vars_category,-1000000,-999999.99999
bank_txn_category_income_gap_mean_7d,model_vars_category,-1000000,-999999.99999
bank_txn_category_income_gap_std_7d,model_vars_category,-1000000,-999999.99999
bank_txn_category_rent_after_wage_lag_p50_7d,model_vars_category,-1000000,-999999.99999
bank_txn_category_pos_net_streak_days_7d,model_vars_category,-1000000,-999999.99999
bank_txn_category_neg_net_streak_days_7d,model_vars_category,-1000000,-999999.99999
bank_txn_category_active_days_14d,model_vars_category,-1000000,-999999.99999
bank_txn_category_txn_freq_per_active_day_14d,model_vars_category,-1000000,-999999.99999
bank_txn_category_weekend_share_14d,model_vars_category,-1000000,-999999.99999
bank_txn_category_inter_txn_gap_p50_14d,model_vars_category,-1000000,-999999.99999
bank_txn_category_inter_txn_gap_p90_14d,model_vars_category,-1000000,-999999.99999
bank_txn_category_income_dom_std_14d,model_vars_category,-1000000,-999999.99999
bank_txn_category_income_gap_mean_14d,model_vars_category,-1000000,-999999.99999
bank_txn_category_income_gap_std_14d,model_vars_category,-1000000,-999999.99999
bank_txn_category_rent_after_wage_lag_p50_14d,model_vars_category,-1000000,-999999.99999
bank_txn_category_pos_net_streak_days_14d,model_vars_category,-1000000,-999999.99999
bank_txn_category_neg_net_streak_days_14d,model_vars_category,-1000000,-999999.99999
bank_txn_category_active_days_28d,model_vars_category,-1000000,-999999.99999
bank_txn_category_txn_freq_per_active_day_28d,model_vars_category,-1000000,-999999.99999
bank_txn_category_weekend_share_28d,model_vars_category,-1000000,-999999.99999
bank_txn_category_inter_txn_gap_p50_28d,model_vars_category,-1000000,-999999.99999
bank_txn_category_inter_txn_gap_p90_28d,model_vars_category,-1000000,-999999.99999
bank_txn_category_income_dom_std_28d,model_vars_category,-1000000,-999999.99999
bank_txn_category_income_gap_mean_28d,model_vars_category,-1000000,-999999.99999
bank_txn_category_income_gap_std_28d,model_vars_category,-1000000,-999999.99999
bank_txn_category_rent_after_wage_lag_p50_28d,model_vars_category,-1000000,-999999.99999
bank_txn_category_pos_net_streak_days_28d,model_vars_category,-1000000,-999999.99999
bank_txn_category_neg_net_streak_days_28d,model_vars_category,-1000000,-999999.99999
bank_txn_category_active_days_56d,model_vars_category,-1000000,-999999.99999
bank_txn_category_txn_freq_per_active_day_56d,model_vars_category,-1000000,-999999.99999
bank_txn_category_weekend_share_56d,model_vars_category,-1000000,-999999.99999
bank_txn_category_inter_txn_gap_p50_56d,model_vars_category,-1000000,-999999.99999
bank_txn_category_inter_txn_gap_p90_56d,model_vars_category,-1000000,-999999.99999
bank_txn_category_income_dom_std_56d,model_vars_category,-1000000,-999999.99999
bank_txn_category_income_gap_mean_56d,model_vars_category,-1000000,-999999.99999
bank_txn_category_income_gap_std_56d,model_vars_category,-1000000,-999999.99999
bank_txn_category_rent_after_wage_lag_p50_56d,model_vars_category,-1000000,-999999.99999
bank_txn_category_pos_net_streak_days_56d,model_vars_category,-1000000,-999999.99999
bank_txn_category_neg_net_streak_days_56d,model_vars_category,-1000000,-999999.99999
bank_txn_category_active_days_84d,model_vars_category,-1000000,-999999.99999
bank_txn_category_txn_freq_per_active_day_84d,model_vars_category,-1000000,-999999.99999
bank_txn_category_weekend_share_84d,model_vars_category,-1000000,-999999.99999
bank_txn_category_inter_txn_gap_p50_84d,model_vars_category,-1000000,-999999.99999
bank_txn_category_inter_txn_gap_p90_84d,model_vars_category,-1000000,-999999.99999
bank_txn_category_income_dom_std_84d,model_vars_category,-1000000,-999999.99999
bank_txn_category_income_gap_mean_84d,model_vars_category,-1000000,-999999.99999
bank_txn_category_income_gap_std_84d,model_vars_category,-1000000,-999999.99999
bank_txn_category_rent_after_wage_lag_p50_84d,model_vars_category,-1000000,-999999.99999
bank_txn_category_pos_net_streak_days_84d,model_vars_category,-1000000,-999999.99999
bank_txn_category_neg_net_streak_days_84d,model_vars_category,-1000000,-999999.99999
bank_txn_category_active_days_168d,model_vars_category,-1000000,-999999.99999
bank_txn_category_txn_freq_per_active_day_168d,model_vars_category,-1000000,-999999.99999
bank_txn_category_weekend_share_168d,model_vars_category,-1000000,-999999.99999
bank_txn_category_inter_txn_gap_p50_168d,model_vars_category,-1000000,-999999.99999
bank_txn_category_inter_txn_gap_p90_168d,model_vars_category,-1000000,-999999.99999
bank_txn_category_income_dom_std_168d,model_vars_category,-1000000,-999999.99999
bank_txn_category_income_gap_mean_168d,model_vars_category,-1000000,-999999.99999
bank_txn_category_income_gap_std_168d,model_vars_category,-1000000,-999999.99999
bank_txn_category_rent_after_wage_lag_p50_168d,model_vars_category,-1000000,-999999.99999
bank_txn_category_pos_net_streak_days_168d,model_vars_category,-1000000,-999999.99999
bank_txn_category_neg_net_streak_days_168d,model_vars_category,-1000000,-999999.99999
bank_txn_category_active_days_182d,model_vars_category,-1000000,-999999.99999
bank_txn_category_txn_freq_per_active_day_182d,model_vars_category,-1000000,-999999.99999
bank_txn_category_weekend_share_182d,model_vars_category,-1000000,-999999.99999
bank_txn_category_inter_txn_gap_p50_182d,model_vars_category,-1000000,-999999.99999
bank_txn_category_inter_txn_gap_p90_182d,model_vars_category,-1000000,-999999.99999
bank_txn_category_income_dom_std_182d,model_vars_category,-1000000,-999999.99999
bank_txn_category_income_gap_mean_182d,model_vars_category,-1000000,-999999.99999
bank_txn_category_income_gap_std_182d,model_vars_category,-1000000,-999999.99999
bank_txn_category_rent_after_wage_lag_p50_182d,model_vars_category,-1000000,-999999.99999
bank_txn_category_pos_net_streak_days_182d,model_vars_category,-1000000,-999999.99999
bank_txn_category_neg_net_streak_days_182d,model_vars_category,-1000000,-999999.99999
bank_txn_category_global_income_share_7d,model_vars_category,-1000000,-999999.99999
bank_txn_category_global_debit_share_7d,model_vars_category,-1000000,-999999.99999
bank_txn_category_global_burn_rate_7d,model_vars_category,-1000000,-999999.99999
bank_txn_category_global_saving_rate_7d,model_vars_category,-1000000,-999999.99999
bank_txn_category_global_income_avg_ticket_7d,model_vars_category,-1000000,-999999.99999
bank_txn_category_global_expense_avg_ticket_7d,model_vars_category,-1000000,-999999.99999
bank_txn_category_all_other_credits_share_7d,model_vars_category,-1000000,-999999.99999
bank_txn_category_all_other_credits_avg_ticket_7d,model_vars_category,-1000000,-999999.99999
bank_txn_category_automotive_share_7d,model_vars_category,-1000000,-999999.99999
bank_txn_category_automotive_avg_ticket_7d,model_vars_category,-1000000,-999999.99999
bank_txn_category_pet_care_share_7d,model_vars_category,-1000000,-999999.99999
bank_txn_category_pet_care_avg_ticket_7d,model_vars_category,-1000000,-999999.99999
bank_txn_category_home_improvement_share_7d,model_vars_category,-1000000,-999999.99999
bank_txn_category_home_improvement_avg_ticket_7d,model_vars_category,-1000000,-999999.99999
bank_txn_category_sacc_loans_share_7d,model_vars_category,-1000000,-999999.99999
bank_txn_category_sacc_loans_avg_ticket_7d,model_vars_category,-1000000,-999999.99999
bank_txn_category_department_stores_share_7d,model_vars_category,-1000000,-999999.99999
bank_txn_category_department_stores_avg_ticket_7d,model_vars_category,-1000000,-999999.99999
bank_txn_category_gyms_and_other_memberships_share_7d,model_vars_category,-1000000,-999999.99999
bank_txn_category_gyms_and_other_memberships_avg_ticket_7d,model_vars_category,-1000000,-999999.99999
bank_txn_category_overdrawn_share_7d,model_vars_category,-1000000,-999999.99999
bank_txn_category_overdrawn_avg_ticket_7d,model_vars_category,-1000000,-999999.99999
bank_txn_category_information_share_7d,model_vars_category,-1000000,-999999.99999
bank_txn_category_information_avg_ticket_7d,model_vars_category,-1000000,-999999.99999
bank_txn_category_retail_share_7d,model_vars_category,-1000000,-999999.99999
bank_txn_category_retail_avg_ticket_7d,model_vars_category,-1000000,-999999.99999
bank_txn_category_debt_collection_share_7d,model_vars_category,-1000000,-999999.99999
bank_txn_category_debt_collection_avg_ticket_7d,model_vars_category,-1000000,-999999.99999
bank_txn_category_utilities_share_7d,model_vars_category,-1000000,-999999.99999
bank_txn_category_utilities_avg_ticket_7d,model_vars_category,-1000000,-999999.99999
bank_txn_category_subscription_tv_share_7d,model_vars_category,-1000000,-999999.99999
bank_txn_category_subscription_tv_avg_ticket_7d,model_vars_category,-1000000,-999999.99999
bank_txn_category_entertainment_share_7d,model_vars_category,-1000000,-999999.99999
bank_txn_category_entertainment_avg_ticket_7d,model_vars_category,-1000000,-999999.99999
bank_txn_category_transport_share_7d,model_vars_category,-1000000,-999999.99999
bank_txn_category_transport_avg_ticket_7d,model_vars_category,-1000000,-999999.99999
bank_txn_category_donations_share_7d,model_vars_category,-1000000,-999999.99999
bank_txn_category_donations_avg_ticket_7d,model_vars_category,-1000000,-999999.99999
bank_txn_category_rent_share_7d,model_vars_category,-1000000,-999999.99999
bank_txn_category_rent_avg_ticket_7d,model_vars_category,-1000000,-999999.99999
bank_txn_category_non_sacc_loans_share_7d,model_vars_category,-1000000,-999999.99999
bank_txn_category_non_sacc_loans_avg_ticket_7d,model_vars_category,-1000000,-999999.99999
bank_txn_category_external_transfers_share_7d,model_vars_category,-1000000,-999999.99999
bank_txn_category_external_transfers_avg_ticket_7d,model_vars_category,-1000000,-999999.99999
bank_txn_category_fees_share_7d,model_vars_category,-1000000,-999999.99999
bank_txn_category_fees_avg_ticket_7d,model_vars_category,-1000000,-999999.99999
bank_txn_category_debt_consolidation_share_7d,model_vars_category,-1000000,-999999.99999
bank_txn_category_debt_consolidation_avg_ticket_7d,model_vars_category,-1000000,-999999.99999
bank_txn_category_gambling_share_7d,model_vars_category,-1000000,-999999.99999
bank_txn_category_gambling_avg_ticket_7d,model_vars_category,-1000000,-999999.99999
bank_txn_category_internal_transfer_share_7d,model_vars_category,-1000000,-999999.99999
bank_txn_category_internal_transfer_avg_ticket_7d,model_vars_category,-1000000,-999999.99999
bank_txn_category_insurance_share_7d,model_vars_category,-1000000,-999999.99999
bank_txn_category_insurance_avg_ticket_7d,model_vars_category,-1000000,-999999.99999
bank_txn_category_travel_share_7d,model_vars_category,-1000000,-999999.99999
bank_txn_category_travel_avg_ticket_7d,model_vars_category,-1000000,-999999.99999
bank_txn_category_centrelink_share_7d,model_vars_category,-1000000,-999999.99999
bank_txn_category_centrelink_avg_ticket_7d,model_vars_category,-1000000,-999999.99999
bank_txn_category_dishonours_share_7d,model_vars_category,-1000000,-999999.99999
bank_txn_category_dishonours_avg_ticket_7d,model_vars_category,-1000000,-999999.99999
bank_txn_category_credit_card_repayments_share_7d,model_vars_category,-1000000,-999999.99999
bank_txn_category_credit_card_repayments_avg_ticket_7d,model_vars_category,-1000000,-999999.99999
bank_txn_category_groceries_share_7d,model_vars_category,-1000000,-999999.99999
bank_txn_category_groceries_avg_ticket_7d,model_vars_category,-1000000,-999999.99999
bank_txn_category_personal_care_share_7d,model_vars_category,-1000000,-999999.99999
bank_txn_category_personal_care_avg_ticket_7d,model_vars_category,-1000000,-999999.99999
bank_txn_category_health_share_7d,model_vars_category,-1000000,-999999.99999
bank_txn_category_health_avg_ticket_7d,model_vars_category,-1000000,-999999.99999
bank_txn_category_wages_share_7d,model_vars_category,-1000000,-999999.99999
bank_txn_category_wages_avg_ticket_7d,model_vars_category,-1000000,-999999.99999
bank_txn_category_telecommunications_share_7d,model_vars_category,-1000000,-999999.99999
bank_txn_category_telecommunications_avg_ticket_7d,model_vars_category,-1000000,-999999.99999
bank_txn_category_dining_out_share_7d,model_vars_category,-1000000,-999999.99999
bank_txn_category_dining_out_avg_ticket_7d,model_vars_category,-1000000,-999999.99999
bank_txn_category_education_share_7d,model_vars_category,-1000000,-999999.99999
bank_txn_category_education_avg_ticket_7d,model_vars_category,-1000000,-999999.99999
bank_txn_category_cluster_income_share_7d,model_vars_category,-1000000,-999999.99999
bank_txn_category_cluster_income_avg_ticket_7d,model_vars_category,-1000000,-999999.99999
bank_txn_category_cluster_income_wages_share_7d,model_vars_category,-1000000,-999999.99999
bank_txn_category_cluster_income_wages_avg_ticket_7d,model_vars_category,-1000000,-999999.99999
bank_txn_category_cluster_income_benefits_share_7d,model_vars_category,-1000000,-999999.99999
bank_txn_category_cluster_income_benefits_avg_ticket_7d,model_vars_category,-1000000,-999999.99999
bank_txn_category_cluster_other_credits_share_7d,model_vars_category,-1000000,-999999.99999
bank_txn_category_cluster_other_credits_avg_ticket_7d,model_vars_category,-1000000,-999999.99999
bank_txn_category_cluster_transfers_share_7d,model_vars_category,-1000000,-999999.99999
bank_txn_category_cluster_transfers_avg_ticket_7d,model_vars_category,-1000000,-999999.99999
bank_txn_category_cluster_transfer_internal_share_7d,model_vars_category,-1000000,-999999.99999
bank_txn_category_cluster_transfer_internal_avg_ticket_7d,model_vars_category,-1000000,-999999.99999
bank_txn_category_cluster_transfer_external_share_7d,model_vars_category,-1000000,-999999.99999
bank_txn_category_cluster_transfer_external_avg_ticket_7d,model_vars_category,-1000000,-999999.99999
bank_txn_category_cluster_essentials_share_7d,model_vars_category,-1000000,-999999.99999
bank_txn_category_cluster_essentials_avg_ticket_7d,model_vars_category,-1000000,-999999.99999
bank_txn_category_cluster_housing_share_7d,model_vars_category,-1000000,-999999.99999
bank_txn_category_cluster_housing_avg_ticket_7d,model_vars_category,-1000000,-999999.99999
bank_txn_category_cluster_utilities_share_7d,model_vars_category,-1000000,-999999.99999
bank_txn_category_cluster_utilities_avg_ticket_7d,model_vars_category,-1000000,-999999.99999
bank_txn_category_cluster_communications_share_7d,model_vars_category,-1000000,-999999.99999
bank_txn_category_cluster_communications_avg_ticket_7d,model_vars_category,-1000000,-999999.99999
bank_txn_category_cluster_healthcare_share_7d,model_vars_category,-1000000,-999999.99999
bank_txn_category_cluster_healthcare_avg_ticket_7d,model_vars_category,-1000000,-999999.99999
bank_txn_category_cluster_education_share_7d,model_vars_category,-1000000,-999999.99999
bank_txn_category_cluster_education_avg_ticket_7d,model_vars_category,-1000000,-999999.99999
bank_txn_category_cluster_transport_share_7d,model_vars_category,-1000000,-999999.99999
bank_txn_category_cluster_transport_avg_ticket_7d,model_vars_category,-1000000,-999999.99999
bank_txn_category_cluster_household_daily_share_7d,model_vars_category,-1000000,-999999.99999
bank_txn_category_cluster_household_daily_avg_ticket_7d,model_vars_category,-1000000,-999999.99999
bank_txn_category_cluster_recurring_bills_share_7d,model_vars_category,-1000000,-999999.99999
bank_txn_category_cluster_recurring_bills_avg_ticket_7d,model_vars_category,-1000000,-999999.99999
bank_txn_category_cluster_memberships_subs_share_7d,model_vars_category,-1000000,-999999.99999
bank_txn_category_cluster_memberships_subs_avg_ticket_7d,model_vars_category,-1000000,-999999.99999
bank_txn_category_cluster_dining_share_7d,model_vars_category,-1000000,-999999.99999
bank_txn_category_cluster_dining_avg_ticket_7d,model_vars_category,-1000000,-999999.99999
bank_txn_category_cluster_entertainment_share_7d,model_vars_category,-1000000,-999999.99999
bank_txn_category_cluster_entertainment_avg_ticket_7d,model_vars_category,-1000000,-999999.99999
bank_txn_category_cluster_retail_share_7d,model_vars_category,-1000000,-999999.99999
bank_txn_category_cluster_retail_avg_ticket_7d,model_vars_category,-1000000,-999999.99999
bank_txn_category_cluster_travel_share_7d,model_vars_category,-1000000,-999999.99999
bank_txn_category_cluster_travel_avg_ticket_7d,model_vars_category,-1000000,-999999.99999
bank_txn_category_cluster_personal_care_share_7d,model_vars_category,-1000000,-999999.99999
bank_txn_category_cluster_personal_care_avg_ticket_7d,model_vars_category,-1000000,-999999.99999
bank_txn_category_cluster_pet_share_7d,model_vars_category,-1000000,-999999.99999
bank_txn_category_cluster_pet_avg_ticket_7d,model_vars_category,-1000000,-999999.99999
bank_txn_category_cluster_donations_share_7d,model_vars_category,-1000000,-999999.99999
bank_txn_category_cluster_donations_avg_ticket_7d,model_vars_category,-1000000,-999999.99999
bank_txn_category_cluster_discretionary_share_7d,model_vars_category,-1000000,-999999.99999
bank_txn_category_cluster_discretionary_avg_ticket_7d,model_vars_category,-1000000,-999999.99999
bank_txn_category_cluster_debt_share_7d,model_vars_category,-1000000,-999999.99999
bank_txn_category_cluster_debt_avg_ticket_7d,model_vars_category,-1000000,-999999.99999
bank_txn_category_cluster_debt_sacc_share_7d,model_vars_category,-1000000,-999999.99999
bank_txn_category_cluster_debt_sacc_avg_ticket_7d,model_vars_category,-1000000,-999999.99999
bank_txn_category_cluster_debt_non_sacc_share_7d,model_vars_category,-1000000,-999999.99999
bank_txn_category_cluster_debt_non_sacc_avg_ticket_7d,model_vars_category,-1000000,-999999.99999
bank_txn_category_cluster_debt_cc_repayments_share_7d,model_vars_category,-1000000,-999999.99999
bank_txn_category_cluster_debt_cc_repayments_avg_ticket_7d,model_vars_category,-1000000,-999999.99999
bank_txn_category_cluster_debt_consolidation_share_7d,model_vars_category,-1000000,-999999.99999
bank_txn_category_cluster_debt_consolidation_avg_ticket_7d,model_vars_category,-1000000,-999999.99999
bank_txn_category_cluster_fees_overdraft_share_7d,model_vars_category,-1000000,-999999.99999
bank_txn_category_cluster_fees_overdraft_avg_ticket_7d,model_vars_category,-1000000,-999999.99999
bank_txn_category_cluster_collections_share_7d,model_vars_category,-1000000,-999999.99999
bank_txn_category_cluster_collections_avg_ticket_7d,model_vars_category,-1000000,-999999.99999
bank_txn_category_cluster_gambling_share_7d,model_vars_category,-1000000,-999999.99999
bank_txn_category_cluster_gambling_avg_ticket_7d,model_vars_category,-1000000,-999999.99999
bank_txn_category_cluster_risk_obligations_share_7d,model_vars_category,-1000000,-999999.99999
bank_txn_category_cluster_risk_obligations_avg_ticket_7d,model_vars_category,-1000000,-999999.99999
bank_txn_category_cluster_risk_discretionary_share_7d,model_vars_category,-1000000,-999999.99999
bank_txn_category_cluster_risk_discretionary_avg_ticket_7d,model_vars_category,-1000000,-999999.99999
bank_txn_category_global_income_share_14d,model_vars_category,-1000000,-999999.99999
bank_txn_category_global_debit_share_14d,model_vars_category,-1000000,-999999.99999
bank_txn_category_global_burn_rate_14d,model_vars_category,-1000000,-999999.99999
bank_txn_category_global_saving_rate_14d,model_vars_category,-1000000,-999999.99999
bank_txn_category_global_income_avg_ticket_14d,model_vars_category,-1000000,-999999.99999
bank_txn_category_global_expense_avg_ticket_14d,model_vars_category,-1000000,-999999.99999
bank_txn_category_all_other_credits_share_14d,model_vars_category,-1000000,-999999.99999
bank_txn_category_all_other_credits_avg_ticket_14d,model_vars_category,-1000000,-999999.99999
bank_txn_category_automotive_share_14d,model_vars_category,-1000000,-999999.99999
bank_txn_category_automotive_avg_ticket_14d,model_vars_category,-1000000,-999999.99999
bank_txn_category_pet_care_share_14d,model_vars_category,-1000000,-999999.99999
bank_txn_category_pet_care_avg_ticket_14d,model_vars_category,-1000000,-999999.99999
bank_txn_category_home_improvement_share_14d,model_vars_category,-1000000,-999999.99999
bank_txn_category_home_improvement_avg_ticket_14d,model_vars_category,-1000000,-999999.99999
bank_txn_category_sacc_loans_share_14d,model_vars_category,-1000000,-999999.99999
bank_txn_category_sacc_loans_avg_ticket_14d,model_vars_category,-1000000,-999999.99999
bank_txn_category_department_stores_share_14d,model_vars_category,-1000000,-999999.99999
bank_txn_category_department_stores_avg_ticket_14d,model_vars_category,-1000000,-999999.99999
bank_txn_category_gyms_and_other_memberships_share_14d,model_vars_category,-1000000,-999999.99999
bank_txn_category_gyms_and_other_memberships_avg_ticket_14d,model_vars_category,-1000000,-999999.99999
bank_txn_category_overdrawn_share_14d,model_vars_category,-1000000,-999999.99999
bank_txn_category_overdrawn_avg_ticket_14d,model_vars_category,-1000000,-999999.99999
bank_txn_category_information_share_14d,model_vars_category,-1000000,-999999.99999
bank_txn_category_information_avg_ticket_14d,model_vars_category,-1000000,-999999.99999
bank_txn_category_retail_share_14d,model_vars_category,-1000000,-999999.99999
bank_txn_category_retail_avg_ticket_14d,model_vars_category,-1000000,-999999.99999
bank_txn_category_debt_collection_share_14d,model_vars_category,-1000000,-999999.99999
bank_txn_category_debt_collection_avg_ticket_14d,model_vars_category,-1000000,-999999.99999
bank_txn_category_utilities_share_14d,model_vars_category,-1000000,-999999.99999
bank_txn_category_utilities_avg_ticket_14d,model_vars_category,-1000000,-999999.99999
bank_txn_category_subscription_tv_share_14d,model_vars_category,-1000000,-999999.99999
bank_txn_category_subscription_tv_avg_ticket_14d,model_vars_category,-1000000,-999999.99999
bank_txn_category_entertainment_share_14d,model_vars_category,-1000000,-999999.99999
bank_txn_category_entertainment_avg_ticket_14d,model_vars_category,-1000000,-999999.99999
bank_txn_category_transport_share_14d,model_vars_category,-1000000,-999999.99999
bank_txn_category_transport_avg_ticket_14d,model_vars_category,-1000000,-999999.99999
bank_txn_category_donations_share_14d,model_vars_category,-1000000,-999999.99999
bank_txn_category_donations_avg_ticket_14d,model_vars_category,-1000000,-999999.99999
bank_txn_category_rent_share_14d,model_vars_category,-1000000,-999999.99999
bank_txn_category_rent_avg_ticket_14d,model_vars_category,-1000000,-999999.99999
bank_txn_category_non_sacc_loans_share_14d,model_vars_category,-1000000,-999999.99999
bank_txn_category_non_sacc_loans_avg_ticket_14d,model_vars_category,-1000000,-999999.99999
bank_txn_category_external_transfers_share_14d,model_vars_category,-1000000,-999999.99999
bank_txn_category_external_transfers_avg_ticket_14d,model_vars_category,-1000000,-999999.99999
bank_txn_category_fees_share_14d,model_vars_category,-1000000,-999999.99999
bank_txn_category_fees_avg_ticket_14d,model_vars_category,-1000000,-999999.99999
bank_txn_category_debt_consolidation_share_14d,model_vars_category,-1000000,-999999.99999
bank_txn_category_debt_consolidation_avg_ticket_14d,model_vars_category,-1000000,-999999.99999
bank_txn_category_gambling_share_14d,model_vars_category,-1000000,-999999.99999
bank_txn_category_gambling_avg_ticket_14d,model_vars_category,-1000000,-999999.99999
bank_txn_category_internal_transfer_share_14d,model_vars_category,-1000000,-999999.99999
bank_txn_category_internal_transfer_avg_ticket_14d,model_vars_category,-1000000,-999999.99999
bank_txn_category_insurance_share_14d,model_vars_category,-1000000,-999999.99999
bank_txn_category_insurance_avg_ticket_14d,model_vars_category,-1000000,-999999.99999
bank_txn_category_travel_share_14d,model_vars_category,-1000000,-999999.99999
bank_txn_category_travel_avg_ticket_14d,model_vars_category,-1000000,-999999.99999
bank_txn_category_centrelink_share_14d,model_vars_category,-1000000,-999999.99999
bank_txn_category_centrelink_avg_ticket_14d,model_vars_category,-1000000,-999999.99999
bank_txn_category_dishonours_share_14d,model_vars_category,-1000000,-999999.99999
bank_txn_category_dishonours_avg_ticket_14d,model_vars_category,-1000000,-999999.99999
bank_txn_category_credit_card_repayments_share_14d,model_vars_category,-1000000,-999999.99999
bank_txn_category_credit_card_repayments_avg_ticket_14d,model_vars_category,-1000000,-999999.99999
bank_txn_category_groceries_share_14d,model_vars_category,-1000000,-999999.99999
bank_txn_category_groceries_avg_ticket_14d,model_vars_category,-1000000,-999999.99999
bank_txn_category_personal_care_share_14d,model_vars_category,-1000000,-999999.99999
bank_txn_category_personal_care_avg_ticket_14d,model_vars_category,-1000000,-999999.99999
bank_txn_category_health_share_14d,model_vars_category,-1000000,-999999.99999
bank_txn_category_health_avg_ticket_14d,model_vars_category,-1000000,-999999.99999
bank_txn_category_wages_share_14d,model_vars_category,-1000000,-999999.99999
bank_txn_category_wages_avg_ticket_14d,model_vars_category,-1000000,-999999.99999
bank_txn_category_telecommunications_share_14d,model_vars_category,-1000000,-999999.99999
bank_txn_category_telecommunications_avg_ticket_14d,model_vars_category,-1000000,-999999.99999
bank_txn_category_dining_out_share_14d,model_vars_category,-1000000,-999999.99999
bank_txn_category_dining_out_avg_ticket_14d,model_vars_category,-1000000,-999999.99999
bank_txn_category_education_share_14d,model_vars_category,-1000000,-999999.99999
bank_txn_category_education_avg_ticket_14d,model_vars_category,-1000000,-999999.99999
bank_txn_category_cluster_income_share_14d,model_vars_category,-1000000,-999999.99999
bank_txn_category_cluster_income_avg_ticket_14d,model_vars_category,-1000000,-999999.99999
bank_txn_category_cluster_income_wages_share_14d,model_vars_category,-1000000,-999999.99999
bank_txn_category_cluster_income_wages_avg_ticket_14d,model_vars_category,-1000000,-999999.99999
bank_txn_category_cluster_income_benefits_share_14d,model_vars_category,-1000000,-999999.99999
bank_txn_category_cluster_income_benefits_avg_ticket_14d,model_vars_category,-1000000,-999999.99999
bank_txn_category_cluster_other_credits_share_14d,model_vars_category,-1000000,-999999.99999
bank_txn_category_cluster_other_credits_avg_ticket_14d,model_vars_category,-1000000,-999999.99999
bank_txn_category_cluster_transfers_share_14d,model_vars_category,-1000000,-999999.99999
bank_txn_category_cluster_transfers_avg_ticket_14d,model_vars_category,-1000000,-999999.99999
bank_txn_category_cluster_transfer_internal_share_14d,model_vars_category,-1000000,-999999.99999
bank_txn_category_cluster_transfer_internal_avg_ticket_14d,model_vars_category,-1000000,-999999.99999
bank_txn_category_cluster_transfer_external_share_14d,model_vars_category,-1000000,-999999.99999
bank_txn_category_cluster_transfer_external_avg_ticket_14d,model_vars_category,-1000000,-999999.99999
bank_txn_category_cluster_essentials_share_14d,model_vars_category,-1000000,-999999.99999
bank_txn_category_cluster_essentials_avg_ticket_14d,model_vars_category,-1000000,-999999.99999
bank_txn_category_cluster_housing_share_14d,model_vars_category,-1000000,-999999.99999
bank_txn_category_cluster_housing_avg_ticket_14d,model_vars_category,-1000000,-999999.99999
bank_txn_category_cluster_utilities_share_14d,model_vars_category,-1000000,-999999.99999
bank_txn_category_cluster_utilities_avg_ticket_14d,model_vars_category,-1000000,-999999.99999
bank_txn_category_cluster_communications_share_14d,model_vars_category,-1000000,-999999.99999
bank_txn_category_cluster_communications_avg_ticket_14d,model_vars_category,-1000000,-999999.99999
bank_txn_category_cluster_healthcare_share_14d,model_vars_category,-1000000,-999999.99999
bank_txn_category_cluster_healthcare_avg_ticket_14d,model_vars_category,-1000000,-999999.99999
bank_txn_category_cluster_education_share_14d,model_vars_category,-1000000,-999999.99999
bank_txn_category_cluster_education_avg_ticket_14d,model_vars_category,-1000000,-999999.99999
bank_txn_category_cluster_transport_share_14d,model_vars_category,-1000000,-999999.99999
bank_txn_category_cluster_transport_avg_ticket_14d,model_vars_category,-1000000,-999999.99999
bank_txn_category_cluster_household_daily_share_14d,model_vars_category,-1000000,-999999.99999
bank_txn_category_cluster_household_daily_avg_ticket_14d,model_vars_category,-1000000,-999999.99999
bank_txn_category_cluster_recurring_bills_share_14d,model_vars_category,-1000000,-999999.99999
bank_txn_category_cluster_recurring_bills_avg_ticket_14d,model_vars_category,-1000000,-999999.99999
bank_txn_category_cluster_memberships_subs_share_14d,model_vars_category,-1000000,-999999.99999
bank_txn_category_cluster_memberships_subs_avg_ticket_14d,model_vars_category,-1000000,-999999.99999
bank_txn_category_cluster_dining_share_14d,model_vars_category,-1000000,-999999.99999
bank_txn_category_cluster_dining_avg_ticket_14d,model_vars_category,-1000000,-999999.99999
bank_txn_category_cluster_entertainment_share_14d,model_vars_category,-1000000,-999999.99999
bank_txn_category_cluster_entertainment_avg_ticket_14d,model_vars_category,-1000000,-999999.99999
bank_txn_category_cluster_retail_share_14d,model_vars_category,-1000000,-999999.99999
bank_txn_category_cluster_retail_avg_ticket_14d,model_vars_category,-1000000,-999999.99999
bank_txn_category_cluster_travel_share_14d,model_vars_category,-1000000,-999999.99999
bank_txn_category_cluster_travel_avg_ticket_14d,model_vars_category,-1000000,-999999.99999
bank_txn_category_cluster_personal_care_share_14d,model_vars_category,-1000000,-999999.99999
bank_txn_category_cluster_personal_care_avg_ticket_14d,model_vars_category,-1000000,-999999.99999
bank_txn_category_cluster_pet_share_14d,model_vars_category,-1000000,-999999.99999
bank_txn_category_cluster_pet_avg_ticket_14d,model_vars_category,-1000000,-999999.99999
bank_txn_category_cluster_donations_share_14d,model_vars_category,-1000000,-999999.99999
bank_txn_category_cluster_donations_avg_ticket_14d,model_vars_category,-1000000,-999999.99999
bank_txn_category_cluster_discretionary_share_14d,model_vars_category,-1000000,-999999.99999
bank_txn_category_cluster_discretionary_avg_ticket_14d,model_vars_category,-1000000,-999999.99999
bank_txn_category_cluster_debt_share_14d,model_vars_category,-1000000,-999999.99999
bank_txn_category_cluster_debt_avg_ticket_14d,model_vars_category,-1000000,-999999.99999
bank_txn_category_cluster_debt_sacc_share_14d,model_vars_category,-1000000,-999999.99999
bank_txn_category_cluster_debt_sacc_avg_ticket_14d,model_vars_category,-1000000,-999999.99999
bank_txn_category_cluster_debt_non_sacc_share_14d,model_vars_category,-1000000,-999999.99999
bank_txn_category_cluster_debt_non_sacc_avg_ticket_14d,model_vars_category,-1000000,-999999.99999
bank_txn_category_cluster_debt_cc_repayments_share_14d,model_vars_category,-1000000,-999999.99999
bank_txn_category_cluster_debt_cc_repayments_avg_ticket_14d,model_vars_category,-1000000,-999999.99999
bank_txn_category_cluster_debt_consolidation_share_14d,model_vars_category,-1000000,-999999.99999
bank_txn_category_cluster_debt_consolidation_avg_ticket_14d,model_vars_category,-1000000,-999999.99999
bank_txn_category_cluster_fees_overdraft_share_14d,model_vars_category,-1000000,-999999.99999
bank_txn_category_cluster_fees_overdraft_avg_ticket_14d,model_vars_category,-1000000,-999999.99999
bank_txn_category_cluster_collections_share_14d,model_vars_category,-1000000,-999999.99999
bank_txn_category_cluster_collections_avg_ticket_14d,model_vars_category,-1000000,-999999.99999
bank_txn_category_cluster_gambling_share_14d,model_vars_category,-1000000,-999999.99999
bank_txn_category_cluster_gambling_avg_ticket_14d,model_vars_category,-1000000,-999999.99999
bank_txn_category_cluster_risk_obligations_share_14d,model_vars_category,-1000000,-999999.99999
bank_txn_category_cluster_risk_obligations_avg_ticket_14d,model_vars_category,-1000000,-999999.99999
bank_txn_category_cluster_risk_discretionary_share_14d,model_vars_category,-1000000,-999999.99999
bank_txn_category_cluster_risk_discretionary_avg_ticket_14d,model_vars_category,-1000000,-999999.99999
bank_txn_category_global_income_share_28d,model_vars_category,-1000000,-999999.99999
bank_txn_category_global_debit_share_28d,model_vars_category,-1000000,-999999.99999
bank_txn_category_global_burn_rate_28d,model_vars_category,-1000000,-999999.99999
bank_txn_category_global_saving_rate_28d,model_vars_category,-1000000,-999999.99999
bank_txn_category_global_income_avg_ticket_28d,model_vars_category,-1000000,-999999.99999
bank_txn_category_global_expense_avg_ticket_28d,model_vars_category,-1000000,-999999.99999
bank_txn_category_all_other_credits_share_28d,model_vars_category,-1000000,-999999.99999
bank_txn_category_all_other_credits_avg_ticket_28d,model_vars_category,-1000000,-999999.99999
bank_txn_category_automotive_share_28d,model_vars_category,-1000000,-999999.99999
bank_txn_category_automotive_avg_ticket_28d,model_vars_category,-1000000,-999999.99999
bank_txn_category_pet_care_share_28d,model_vars_category,-1000000,-999999.99999
bank_txn_category_pet_care_avg_ticket_28d,model_vars_category,-1000000,-999999.99999
bank_txn_category_home_improvement_share_28d,model_vars_category,-1000000,-999999.99999
bank_txn_category_home_improvement_avg_ticket_28d,model_vars_category,-1000000,-999999.99999
bank_txn_category_sacc_loans_share_28d,model_vars_category,-1000000,-999999.99999
bank_txn_category_sacc_loans_avg_ticket_28d,model_vars_category,-1000000,-999999.99999
bank_txn_category_department_stores_share_28d,model_vars_category,-1000000,-999999.99999
bank_txn_category_department_stores_avg_ticket_28d,model_vars_category,-1000000,-999999.99999
bank_txn_category_gyms_and_other_memberships_share_28d,model_vars_category,-1000000,-999999.99999
bank_txn_category_gyms_and_other_memberships_avg_ticket_28d,model_vars_category,-1000000,-999999.99999
bank_txn_category_overdrawn_share_28d,model_vars_category,-1000000,-999999.99999
bank_txn_category_overdrawn_avg_ticket_28d,model_vars_category,-1000000,-999999.99999
bank_txn_category_information_share_28d,model_vars_category,-1000000,-999999.99999
bank_txn_category_information_avg_ticket_28d,model_vars_category,-1000000,-999999.99999
bank_txn_category_retail_share_28d,model_vars_category,-1000000,-999999.99999
bank_txn_category_retail_avg_ticket_28d,model_vars_category,-1000000,-999999.99999
bank_txn_category_debt_collection_share_28d,model_vars_category,-1000000,-999999.99999
bank_txn_category_debt_collection_avg_ticket_28d,model_vars_category,-1000000,-999999.99999
bank_txn_category_utilities_share_28d,model_vars_category,-1000000,-999999.99999
bank_txn_category_utilities_avg_ticket_28d,model_vars_category,-1000000,-999999.99999
bank_txn_category_subscription_tv_share_28d,model_vars_category,-1000000,-999999.99999
bank_txn_category_subscription_tv_avg_ticket_28d,model_vars_category,-1000000,-999999.99999
bank_txn_category_entertainment_share_28d,model_vars_category,-1000000,-999999.99999
bank_txn_category_entertainment_avg_ticket_28d,model_vars_category,-1000000,-999999.99999
bank_txn_category_transport_share_28d,model_vars_category,-1000000,-999999.99999
bank_txn_category_transport_avg_ticket_28d,model_vars_category,-1000000,-999999.99999
bank_txn_category_donations_share_28d,model_vars_category,-1000000,-999999.99999
bank_txn_category_donations_avg_ticket_28d,model_vars_category,-1000000,-999999.99999
bank_txn_category_rent_share_28d,model_vars_category,-1000000,-999999.99999
bank_txn_category_rent_avg_ticket_28d,model_vars_category,-1000000,-999999.99999
bank_txn_category_non_sacc_loans_share_28d,model_vars_category,-1000000,-999999.99999
bank_txn_category_non_sacc_loans_avg_ticket_28d,model_vars_category,-1000000,-999999.99999
bank_txn_category_external_transfers_share_28d,model_vars_category,-1000000,-999999.99999
bank_txn_category_external_transfers_avg_ticket_28d,model_vars_category,-1000000,-999999.99999
bank_txn_category_fees_share_28d,model_vars_category,-1000000,-999999.99999
bank_txn_category_fees_avg_ticket_28d,model_vars_category,-1000000,-999999.99999
bank_txn_category_debt_consolidation_share_28d,model_vars_category,-1000000,-999999.99999
bank_txn_category_debt_consolidation_avg_ticket_28d,model_vars_category,-1000000,-999999.99999
bank_txn_category_gambling_share_28d,model_vars_category,-1000000,-999999.99999
bank_txn_category_gambling_avg_ticket_28d,model_vars_category,-1000000,-999999.99999
bank_txn_category_internal_transfer_share_28d,model_vars_category,-1000000,-999999.99999
bank_txn_category_internal_transfer_avg_ticket_28d,model_vars_category,-1000000,-999999.99999
bank_txn_category_insurance_share_28d,model_vars_category,-1000000,-999999.99999
bank_txn_category_insurance_avg_ticket_28d,model_vars_category,-1000000,-999999.99999
bank_txn_category_travel_share_28d,model_vars_category,-1000000,-999999.99999
bank_txn_category_travel_avg_ticket_28d,model_vars_category,-1000000,-999999.99999
bank_txn_category_centrelink_share_28d,model_vars_category,-1000000,-999999.99999
bank_txn_category_centrelink_avg_ticket_28d,model_vars_category,-1000000,-999999.99999
bank_txn_category_dishonours_share_28d,model_vars_category,-1000000,-999999.99999
bank_txn_category_dishonours_avg_ticket_28d,model_vars_category,-1000000,-999999.99999
bank_txn_category_credit_card_repayments_share_28d,model_vars_category,-1000000,-999999.99999
bank_txn_category_credit_card_repayments_avg_ticket_28d,model_vars_category,-1000000,-999999.99999
bank_txn_category_groceries_share_28d,model_vars_category,-1000000,-999999.99999
bank_txn_category_groceries_avg_ticket_28d,model_vars_category,-1000000,-999999.99999
bank_txn_category_personal_care_share_28d,model_vars_category,-1000000,-999999.99999
bank_txn_category_personal_care_avg_ticket_28d,model_vars_category,-1000000,-999999.99999
bank_txn_category_health_share_28d,model_vars_category,-1000000,-999999.99999
bank_txn_category_health_avg_ticket_28d,model_vars_category,-1000000,-999999.99999
bank_txn_category_wages_share_28d,model_vars_category,-1000000,-999999.99999
bank_txn_category_wages_avg_ticket_28d,model_vars_category,-1000000,-999999.99999
bank_txn_category_telecommunications_share_28d,model_vars_category,-1000000,-999999.99999
bank_txn_category_telecommunications_avg_ticket_28d,model_vars_category,-1000000,-999999.99999
bank_txn_category_dining_out_share_28d,model_vars_category,-1000000,-999999.99999
bank_txn_category_dining_out_avg_ticket_28d,model_vars_category,-1000000,-999999.99999
bank_txn_category_education_share_28d,model_vars_category,-1000000,-999999.99999
bank_txn_category_education_avg_ticket_28d,model_vars_category,-1000000,-999999.99999
bank_txn_category_cluster_income_share_28d,model_vars_category,-1000000,-999999.99999
bank_txn_category_cluster_income_avg_ticket_28d,model_vars_category,-1000000,-999999.99999
bank_txn_category_cluster_income_wages_share_28d,model_vars_category,-1000000,-999999.99999
bank_txn_category_cluster_income_wages_avg_ticket_28d,model_vars_category,-1000000,-999999.99999
bank_txn_category_cluster_income_benefits_share_28d,model_vars_category,-1000000,-999999.99999
bank_txn_category_cluster_income_benefits_avg_ticket_28d,model_vars_category,-1000000,-999999.99999
bank_txn_category_cluster_other_credits_share_28d,model_vars_category,-1000000,-999999.99999
bank_txn_category_cluster_other_credits_avg_ticket_28d,model_vars_category,-1000000,-999999.99999
bank_txn_category_cluster_transfers_share_28d,model_vars_category,-1000000,-999999.99999
bank_txn_category_cluster_transfers_avg_ticket_28d,model_vars_category,-1000000,-999999.99999
bank_txn_category_cluster_transfer_internal_share_28d,model_vars_category,-1000000,-999999.99999
bank_txn_category_cluster_transfer_internal_avg_ticket_28d,model_vars_category,-1000000,-999999.99999
bank_txn_category_cluster_transfer_external_share_28d,model_vars_category,-1000000,-999999.99999
bank_txn_category_cluster_transfer_external_avg_ticket_28d,model_vars_category,-1000000,-999999.99999
bank_txn_category_cluster_essentials_share_28d,model_vars_category,-1000000,-999999.99999
bank_txn_category_cluster_essentials_avg_ticket_28d,model_vars_category,-1000000,-999999.99999
bank_txn_category_cluster_housing_share_28d,model_vars_category,-1000000,-999999.99999
bank_txn_category_cluster_housing_avg_ticket_28d,model_vars_category,-1000000,-999999.99999
bank_txn_category_cluster_utilities_share_28d,model_vars_category,-1000000,-999999.99999
bank_txn_category_cluster_utilities_avg_ticket_28d,model_vars_category,-1000000,-999999.99999
bank_txn_category_cluster_communications_share_28d,model_vars_category,-1000000,-999999.99999
bank_txn_category_cluster_communications_avg_ticket_28d,model_vars_category,-1000000,-999999.99999
bank_txn_category_cluster_healthcare_share_28d,model_vars_category,-1000000,-999999.99999
bank_txn_category_cluster_healthcare_avg_ticket_28d,model_vars_category,-1000000,-999999.99999
bank_txn_category_cluster_education_share_28d,model_vars_category,-1000000,-999999.99999
bank_txn_category_cluster_education_avg_ticket_28d,model_vars_category,-1000000,-999999.99999
bank_txn_category_cluster_transport_share_28d,model_vars_category,-1000000,-999999.99999
bank_txn_category_cluster_transport_avg_ticket_28d,model_vars_category,-1000000,-999999.99999
bank_txn_category_cluster_household_daily_share_28d,model_vars_category,-1000000,-999999.99999
bank_txn_category_cluster_household_daily_avg_ticket_28d,model_vars_category,-1000000,-999999.99999
bank_txn_category_cluster_recurring_bills_share_28d,model_vars_category,-1000000,-999999.99999
bank_txn_category_cluster_recurring_bills_avg_ticket_28d,model_vars_category,-1000000,-999999.99999
bank_txn_category_cluster_memberships_subs_share_28d,model_vars_category,-1000000,-999999.99999
bank_txn_category_cluster_memberships_subs_avg_ticket_28d,model_vars_category,-1000000,-999999.99999
bank_txn_category_cluster_dining_share_28d,model_vars_category,-1000000,-999999.99999
bank_txn_category_cluster_dining_avg_ticket_28d,model_vars_category,-1000000,-999999.99999
bank_txn_category_cluster_entertainment_share_28d,model_vars_category,-1000000,-999999.99999
bank_txn_category_cluster_entertainment_avg_ticket_28d,model_vars_category,-1000000,-999999.99999
bank_txn_category_cluster_retail_share_28d,model_vars_category,-1000000,-999999.99999
bank_txn_category_cluster_retail_avg_ticket_28d,model_vars_category,-1000000,-999999.99999
bank_txn_category_cluster_travel_share_28d,model_vars_category,-1000000,-999999.99999
bank_txn_category_cluster_travel_avg_ticket_28d,model_vars_category,-1000000,-999999.99999
bank_txn_category_cluster_personal_care_share_28d,model_vars_category,-1000000,-999999.99999
bank_txn_category_cluster_personal_care_avg_ticket_28d,model_vars_category,-1000000,-999999.99999
bank_txn_category_cluster_pet_share_28d,model_vars_category,-1000000,-999999.99999
bank_txn_category_cluster_pet_avg_ticket_28d,model_vars_category,-1000000,-999999.99999
bank_txn_category_cluster_donations_share_28d,model_vars_category,-1000000,-999999.99999
bank_txn_category_cluster_donations_avg_ticket_28d,model_vars_category,-1000000,-999999.99999
bank_txn_category_cluster_discretionary_share_28d,model_vars_category,-1000000,-999999.99999
bank_txn_category_cluster_discretionary_avg_ticket_28d,model_vars_category,-1000000,-999999.99999
bank_txn_category_cluster_debt_share_28d,model_vars_category,-1000000,-999999.99999
bank_txn_category_cluster_debt_avg_ticket_28d,model_vars_category,-1000000,-999999.99999
bank_txn_category_cluster_debt_sacc_share_28d,model_vars_category,-1000000,-999999.99999
bank_txn_category_cluster_debt_sacc_avg_ticket_28d,model_vars_category,-1000000,-999999.99999
bank_txn_category_cluster_debt_non_sacc_share_28d,model_vars_category,-1000000,-999999.99999
bank_txn_category_cluster_debt_non_sacc_avg_ticket_28d,model_vars_category,-1000000,-999999.99999
bank_txn_category_cluster_debt_cc_repayments_share_28d,model_vars_category,-1000000,-999999.99999
bank_txn_category_cluster_debt_cc_repayments_avg_ticket_28d,model_vars_category,-1000000,-999999.99999
bank_txn_category_cluster_debt_consolidation_share_28d,model_vars_category,-1000000,-999999.99999
bank_txn_category_cluster_debt_consolidation_avg_ticket_28d,model_vars_category,-1000000,-999999.99999
bank_txn_category_cluster_fees_overdraft_share_28d,model_vars_category,-1000000,-999999.99999
bank_txn_category_cluster_fees_overdraft_avg_ticket_28d,model_vars_category,-1000000,-999999.99999
bank_txn_category_cluster_collections_share_28d,model_vars_category,-1000000,-999999.99999
bank_txn_category_cluster_collections_avg_ticket_28d,model_vars_category,-1000000,-999999.99999
bank_txn_category_cluster_gambling_share_28d,model_vars_category,-1000000,-999999.99999
bank_txn_category_cluster_gambling_avg_ticket_28d,model_vars_category,-1000000,-999999.99999
bank_txn_category_cluster_risk_obligations_share_28d,model_vars_category,-1000000,-999999.99999
bank_txn_category_cluster_risk_obligations_avg_ticket_28d,model_vars_category,-1000000,-999999.99999
bank_txn_category_cluster_risk_discretionary_share_28d,model_vars_category,-1000000,-999999.99999
bank_txn_category_cluster_risk_discretionary_avg_ticket_28d,model_vars_category,-1000000,-999999.99999
bank_txn_category_global_income_share_56d,model_vars_category,-1000000,-999999.99999
bank_txn_category_global_debit_share_56d,model_vars_category,-1000000,-999999.99999
bank_txn_category_global_burn_rate_56d,model_vars_category,-1000000,-999999.99999
bank_txn_category_global_saving_rate_56d,model_vars_category,-1000000,-999999.99999
bank_txn_category_global_income_avg_ticket_56d,model_vars_category,-1000000,-999999.99999
bank_txn_category_global_expense_avg_ticket_56d,model_vars_category,-1000000,-999999.99999
bank_txn_category_all_other_credits_share_56d,model_vars_category,-1000000,-999999.99999
bank_txn_category_all_other_credits_avg_ticket_56d,model_vars_category,-1000000,-999999.99999
bank_txn_category_automotive_share_56d,model_vars_category,-1000000,-999999.99999
bank_txn_category_automotive_avg_ticket_56d,model_vars_category,-1000000,-999999.99999
bank_txn_category_pet_care_share_56d,model_vars_category,-1000000,-999999.99999
bank_txn_category_pet_care_avg_ticket_56d,model_vars_category,-1000000,-999999.99999
bank_txn_category_home_improvement_share_56d,model_vars_category,-1000000,-999999.99999
bank_txn_category_home_improvement_avg_ticket_56d,model_vars_category,-1000000,-999999.99999
bank_txn_category_sacc_loans_share_56d,model_vars_category,-1000000,-999999.99999
bank_txn_category_sacc_loans_avg_ticket_56d,model_vars_category,-1000000,-999999.99999
bank_txn_category_department_stores_share_56d,model_vars_category,-1000000,-999999.99999
bank_txn_category_department_stores_avg_ticket_56d,model_vars_category,-1000000,-999999.99999
bank_txn_category_gyms_and_other_memberships_share_56d,model_vars_category,-1000000,-999999.99999
bank_txn_category_gyms_and_other_memberships_avg_ticket_56d,model_vars_category,-1000000,-999999.99999
bank_txn_category_overdrawn_share_56d,model_vars_category,-1000000,-999999.99999
bank_txn_category_overdrawn_avg_ticket_56d,model_vars_category,-1000000,-999999.99999
bank_txn_category_information_share_56d,model_vars_category,-1000000,-999999.99999
bank_txn_category_information_avg_ticket_56d,model_vars_category,-1000000,-999999.99999
bank_txn_category_retail_share_56d,model_vars_category,-1000000,-999999.99999
bank_txn_category_retail_avg_ticket_56d,model_vars_category,-1000000,-999999.99999
bank_txn_category_debt_collection_share_56d,model_vars_category,-1000000,-999999.99999
bank_txn_category_debt_collection_avg_ticket_56d,model_vars_category,-1000000,-999999.99999
bank_txn_category_utilities_share_56d,model_vars_category,-1000000,-999999.99999
bank_txn_category_utilities_avg_ticket_56d,model_vars_category,-1000000,-999999.99999
bank_txn_category_subscription_tv_share_56d,model_vars_category,-1000000,-999999.99999
bank_txn_category_subscription_tv_avg_ticket_56d,model_vars_category,-1000000,-999999.99999
bank_txn_category_entertainment_share_56d,model_vars_category,-1000000,-999999.99999
bank_txn_category_entertainment_avg_ticket_56d,model_vars_category,-1000000,-999999.99999
bank_txn_category_transport_share_56d,model_vars_category,-1000000,-999999.99999
bank_txn_category_transport_avg_ticket_56d,model_vars_category,-1000000,-999999.99999
bank_txn_category_donations_share_56d,model_vars_category,-1000000,-999999.99999
bank_txn_category_donations_avg_ticket_56d,model_vars_category,-1000000,-999999.99999
bank_txn_category_rent_share_56d,model_vars_category,-1000000,-999999.99999
bank_txn_category_rent_avg_ticket_56d,model_vars_category,-1000000,-999999.99999
bank_txn_category_non_sacc_loans_share_56d,model_vars_category,-1000000,-999999.99999
bank_txn_category_non_sacc_loans_avg_ticket_56d,model_vars_category,-1000000,-999999.99999
bank_txn_category_external_transfers_share_56d,model_vars_category,-1000000,-999999.99999
bank_txn_category_external_transfers_avg_ticket_56d,model_vars_category,-1000000,-999999.99999
bank_txn_category_fees_share_56d,model_vars_category,-1000000,-999999.99999
bank_txn_category_fees_avg_ticket_56d,model_vars_category,-1000000,-999999.99999
bank_txn_category_debt_consolidation_share_56d,model_vars_category,-1000000,-999999.99999
bank_txn_category_debt_consolidation_avg_ticket_56d,model_vars_category,-1000000,-999999.99999
bank_txn_category_gambling_share_56d,model_vars_category,-1000000,-999999.99999
bank_txn_category_gambling_avg_ticket_56d,model_vars_category,-1000000,-999999.99999
bank_txn_category_internal_transfer_share_56d,model_vars_category,-1000000,-999999.99999
bank_txn_category_internal_transfer_avg_ticket_56d,model_vars_category,-1000000,-999999.99999
bank_txn_category_insurance_share_56d,model_vars_category,-1000000,-999999.99999
bank_txn_category_insurance_avg_ticket_56d,model_vars_category,-1000000,-999999.99999
bank_txn_category_travel_share_56d,model_vars_category,-1000000,-999999.99999
bank_txn_category_travel_avg_ticket_56d,model_vars_category,-1000000,-999999.99999
bank_txn_category_centrelink_share_56d,model_vars_category,-1000000,-999999.99999
bank_txn_category_centrelink_avg_ticket_56d,model_vars_category,-1000000,-999999.99999
bank_txn_category_dishonours_share_56d,model_vars_category,-1000000,-999999.99999
bank_txn_category_dishonours_avg_ticket_56d,model_vars_category,-1000000,-999999.99999
bank_txn_category_credit_card_repayments_share_56d,model_vars_category,-1000000,-999999.99999
bank_txn_category_credit_card_repayments_avg_ticket_56d,model_vars_category,-1000000,-999999.99999
bank_txn_category_groceries_share_56d,model_vars_category,-1000000,-999999.99999
bank_txn_category_groceries_avg_ticket_56d,model_vars_category,-1000000,-999999.99999
bank_txn_category_personal_care_share_56d,model_vars_category,-1000000,-999999.99999
bank_txn_category_personal_care_avg_ticket_56d,model_vars_category,-1000000,-999999.99999
bank_txn_category_health_share_56d,model_vars_category,-1000000,-999999.99999
bank_txn_category_health_avg_ticket_56d,model_vars_category,-1000000,-999999.99999
bank_txn_category_wages_share_56d,model_vars_category,-1000000,-999999.99999
bank_txn_category_wages_avg_ticket_56d,model_vars_category,-1000000,-999999.99999
bank_txn_category_telecommunications_share_56d,model_vars_category,-1000000,-999999.99999
bank_txn_category_telecommunications_avg_ticket_56d,model_vars_category,-1000000,-999999.99999
bank_txn_category_dining_out_share_56d,model_vars_category,-1000000,-999999.99999
bank_txn_category_dining_out_avg_ticket_56d,model_vars_category,-1000000,-999999.99999
bank_txn_category_education_share_56d,model_vars_category,-1000000,-999999.99999
bank_txn_category_education_avg_ticket_56d,model_vars_category,-1000000,-999999.99999
bank_txn_category_cluster_income_share_56d,model_vars_category,-1000000,-999999.99999
bank_txn_category_cluster_income_avg_ticket_56d,model_vars_category,-1000000,-999999.99999
bank_txn_category_cluster_income_wages_share_56d,model_vars_category,-1000000,-999999.99999
bank_txn_category_cluster_income_wages_avg_ticket_56d,model_vars_category,-1000000,-999999.99999
bank_txn_category_cluster_income_benefits_share_56d,model_vars_category,-1000000,-999999.99999
bank_txn_category_cluster_income_benefits_avg_ticket_56d,model_vars_category,-1000000,-999999.99999
bank_txn_category_cluster_other_credits_share_56d,model_vars_category,-1000000,-999999.99999
bank_txn_category_cluster_other_credits_avg_ticket_56d,model_vars_category,-1000000,-999999.99999
bank_txn_category_cluster_transfers_share_56d,model_vars_category,-1000000,-999999.99999
bank_txn_category_cluster_transfers_avg_ticket_56d,model_vars_category,-1000000,-999999.99999
bank_txn_category_cluster_transfer_internal_share_56d,model_vars_category,-1000000,-999999.99999
bank_txn_category_cluster_transfer_internal_avg_ticket_56d,model_vars_category,-1000000,-999999.99999
bank_txn_category_cluster_transfer_external_share_56d,model_vars_category,-1000000,-999999.99999
bank_txn_category_cluster_transfer_external_avg_ticket_56d,model_vars_category,-1000000,-999999.99999
bank_txn_category_cluster_essentials_share_56d,model_vars_category,-1000000,-999999.99999
bank_txn_category_cluster_essentials_avg_ticket_56d,model_vars_category,-1000000,-999999.99999
bank_txn_category_cluster_housing_share_56d,model_vars_category,-1000000,-999999.99999
bank_txn_category_cluster_housing_avg_ticket_56d,model_vars_category,-1000000,-999999.99999
bank_txn_category_cluster_utilities_share_56d,model_vars_category,-1000000,-999999.99999
bank_txn_category_cluster_utilities_avg_ticket_56d,model_vars_category,-1000000,-999999.99999
bank_txn_category_cluster_communications_share_56d,model_vars_category,-1000000,-999999.99999
bank_txn_category_cluster_communications_avg_ticket_56d,model_vars_category,-1000000,-999999.99999
bank_txn_category_cluster_healthcare_share_56d,model_vars_category,-1000000,-999999.99999
bank_txn_category_cluster_healthcare_avg_ticket_56d,model_vars_category,-1000000,-999999.99999
bank_txn_category_cluster_education_share_56d,model_vars_category,-1000000,-999999.99999
bank_txn_category_cluster_education_avg_ticket_56d,model_vars_category,-1000000,-999999.99999
bank_txn_category_cluster_transport_share_56d,model_vars_category,-1000000,-999999.99999
bank_txn_category_cluster_transport_avg_ticket_56d,model_vars_category,-1000000,-999999.99999
bank_txn_category_cluster_household_daily_share_56d,model_vars_category,-1000000,-999999.99999
bank_txn_category_cluster_household_daily_avg_ticket_56d,model_vars_category,-1000000,-999999.99999
bank_txn_category_cluster_recurring_bills_share_56d,model_vars_category,-1000000,-999999.99999
bank_txn_category_cluster_recurring_bills_avg_ticket_56d,model_vars_category,-1000000,-999999.99999
bank_txn_category_cluster_memberships_subs_share_56d,model_vars_category,-1000000,-999999.99999
bank_txn_category_cluster_memberships_subs_avg_ticket_56d,model_vars_category,-1000000,-999999.99999
bank_txn_category_cluster_dining_share_56d,model_vars_category,-1000000,-999999.99999
bank_txn_category_cluster_dining_avg_ticket_56d,model_vars_category,-1000000,-999999.99999
bank_txn_category_cluster_entertainment_share_56d,model_vars_category,-1000000,-999999.99999
bank_txn_category_cluster_entertainment_avg_ticket_56d,model_vars_category,-1000000,-999999.99999
bank_txn_category_cluster_retail_share_56d,model_vars_category,-1000000,-999999.99999
bank_txn_category_cluster_retail_avg_ticket_56d,model_vars_category,-1000000,-999999.99999
bank_txn_category_cluster_travel_share_56d,model_vars_category,-1000000,-999999.99999
bank_txn_category_cluster_travel_avg_ticket_56d,model_vars_category,-1000000,-999999.99999
bank_txn_category_cluster_personal_care_share_56d,model_vars_category,-1000000,-999999.99999
bank_txn_category_cluster_personal_care_avg_ticket_56d,model_vars_category,-1000000,-999999.99999
bank_txn_category_cluster_pet_share_56d,model_vars_category,-1000000,-999999.99999
bank_txn_category_cluster_pet_avg_ticket_56d,model_vars_category,-1000000,-999999.99999
bank_txn_category_cluster_donations_share_56d,model_vars_category,-1000000,-999999.99999
bank_txn_category_cluster_donations_avg_ticket_56d,model_vars_category,-1000000,-999999.99999
bank_txn_category_cluster_discretionary_share_56d,model_vars_category,-1000000,-999999.99999
bank_txn_category_cluster_discretionary_avg_ticket_56d,model_vars_category,-1000000,-999999.99999
bank_txn_category_cluster_debt_share_56d,model_vars_category,-1000000,-999999.99999
bank_txn_category_cluster_debt_avg_ticket_56d,model_vars_category,-1000000,-999999.99999
bank_txn_category_cluster_debt_sacc_share_56d,model_vars_category,-1000000,-999999.99999
bank_txn_category_cluster_debt_sacc_avg_ticket_56d,model_vars_category,-1000000,-999999.99999
bank_txn_category_cluster_debt_non_sacc_share_56d,model_vars_category,-1000000,-999999.99999
bank_txn_category_cluster_debt_non_sacc_avg_ticket_56d,model_vars_category,-1000000,-999999.99999
bank_txn_category_cluster_debt_cc_repayments_share_56d,model_vars_category,-1000000,-999999.99999
bank_txn_category_cluster_debt_cc_repayments_avg_ticket_56d,model_vars_category,-1000000,-999999.99999
bank_txn_category_cluster_debt_consolidation_share_56d,model_vars_category,-1000000,-999999.99999
bank_txn_category_cluster_debt_consolidation_avg_ticket_56d,model_vars_category,-1000000,-999999.99999
bank_txn_category_cluster_fees_overdraft_share_56d,model_vars_category,-1000000,-999999.99999
bank_txn_category_cluster_fees_overdraft_avg_ticket_56d,model_vars_category,-1000000,-999999.99999
bank_txn_category_cluster_collections_share_56d,model_vars_category,-1000000,-999999.99999
bank_txn_category_cluster_collections_avg_ticket_56d,model_vars_category,-1000000,-999999.99999
bank_txn_category_cluster_gambling_share_56d,model_vars_category,-1000000,-999999.99999
bank_txn_category_cluster_gambling_avg_ticket_56d,model_vars_category,-1000000,-999999.99999
bank_txn_category_cluster_risk_obligations_share_56d,model_vars_category,-1000000,-999999.99999
bank_txn_category_cluster_risk_obligations_avg_ticket_56d,model_vars_category,-1000000,-999999.99999
bank_txn_category_cluster_risk_discretionary_share_56d,model_vars_category,-1000000,-999999.99999
bank_txn_category_cluster_risk_discretionary_avg_ticket_56d,model_vars_category,-1000000,-999999.99999
bank_txn_category_global_income_share_84d,model_vars_category,-1000000,-999999.99999
bank_txn_category_global_debit_share_84d,model_vars_category,-1000000,-999999.99999
bank_txn_category_global_burn_rate_84d,model_vars_category,-1000000,-999999.99999
bank_txn_category_global_saving_rate_84d,model_vars_category,-1000000,-999999.99999
bank_txn_category_global_income_avg_ticket_84d,model_vars_category,-1000000,-999999.99999
bank_txn_category_global_expense_avg_ticket_84d,model_vars_category,-1000000,-999999.99999
bank_txn_category_all_other_credits_share_84d,model_vars_category,-1000000,-999999.99999
bank_txn_category_all_other_credits_avg_ticket_84d,model_vars_category,-1000000,-999999.99999
bank_txn_category_automotive_share_84d,model_vars_category,-1000000,-999999.99999
bank_txn_category_automotive_avg_ticket_84d,model_vars_category,-1000000,-999999.99999
bank_txn_category_pet_care_share_84d,model_vars_category,-1000000,-999999.99999
bank_txn_category_pet_care_avg_ticket_84d,model_vars_category,-1000000,-999999.99999
bank_txn_category_home_improvement_share_84d,model_vars_category,-1000000,-999999.99999
bank_txn_category_home_improvement_avg_ticket_84d,model_vars_category,-1000000,-999999.99999
bank_txn_category_sacc_loans_share_84d,model_vars_category,-1000000,-999999.99999
bank_txn_category_sacc_loans_avg_ticket_84d,model_vars_category,-1000000,-999999.99999
bank_txn_category_department_stores_share_84d,model_vars_category,-1000000,-999999.99999
bank_txn_category_department_stores_avg_ticket_84d,model_vars_category,-1000000,-999999.99999
bank_txn_category_gyms_and_other_memberships_share_84d,model_vars_category,-1000000,-999999.99999
bank_txn_category_gyms_and_other_memberships_avg_ticket_84d,model_vars_category,-1000000,-999999.99999
bank_txn_category_overdrawn_share_84d,model_vars_category,-1000000,-999999.99999
bank_txn_category_overdrawn_avg_ticket_84d,model_vars_category,-1000000,-999999.99999
bank_txn_category_information_share_84d,model_vars_category,-1000000,-999999.99999
bank_txn_category_information_avg_ticket_84d,model_vars_category,-1000000,-999999.99999
bank_txn_category_retail_share_84d,model_vars_category,-1000000,-999999.99999
bank_txn_category_retail_avg_ticket_84d,model_vars_category,-1000000,-999999.99999
bank_txn_category_debt_collection_share_84d,model_vars_category,-1000000,-999999.99999
bank_txn_category_debt_collection_avg_ticket_84d,model_vars_category,-1000000,-999999.99999
bank_txn_category_utilities_share_84d,model_vars_category,-1000000,-999999.99999
bank_txn_category_utilities_avg_ticket_84d,model_vars_category,-1000000,-999999.99999
bank_txn_category_subscription_tv_share_84d,model_vars_category,-1000000,-999999.99999
bank_txn_category_subscription_tv_avg_ticket_84d,model_vars_category,-1000000,-999999.99999
bank_txn_category_entertainment_share_84d,model_vars_category,-1000000,-999999.99999
bank_txn_category_entertainment_avg_ticket_84d,model_vars_category,-1000000,-999999.99999
bank_txn_category_transport_share_84d,model_vars_category,-1000000,-999999.99999
bank_txn_category_transport_avg_ticket_84d,model_vars_category,-1000000,-999999.99999
bank_txn_category_donations_share_84d,model_vars_category,-1000000,-999999.99999
bank_txn_category_donations_avg_ticket_84d,model_vars_category,-1000000,-999999.99999
bank_txn_category_rent_share_84d,model_vars_category,-1000000,-999999.99999
bank_txn_category_rent_avg_ticket_84d,model_vars_category,-1000000,-999999.99999
bank_txn_category_non_sacc_loans_share_84d,model_vars_category,-1000000,-999999.99999
bank_txn_category_non_sacc_loans_avg_ticket_84d,model_vars_category,-1000000,-999999.99999
bank_txn_category_external_transfers_share_84d,model_vars_category,-1000000,-999999.99999
bank_txn_category_external_transfers_avg_ticket_84d,model_vars_category,-1000000,-999999.99999
bank_txn_category_fees_share_84d,model_vars_category,-1000000,-999999.99999
bank_txn_category_fees_avg_ticket_84d,model_vars_category,-1000000,-999999.99999
bank_txn_category_debt_consolidation_share_84d,model_vars_category,-1000000,-999999.99999
bank_txn_category_debt_consolidation_avg_ticket_84d,model_vars_category,-1000000,-999999.99999
bank_txn_category_gambling_share_84d,model_vars_category,-1000000,-999999.99999
bank_txn_category_gambling_avg_ticket_84d,model_vars_category,-1000000,-999999.99999
bank_txn_category_internal_transfer_share_84d,model_vars_category,-1000000,-999999.99999
bank_txn_category_internal_transfer_avg_ticket_84d,model_vars_category,-1000000,-999999.99999
bank_txn_category_insurance_share_84d,model_vars_category,-1000000,-999999.99999
bank_txn_category_insurance_avg_ticket_84d,model_vars_category,-1000000,-999999.99999
bank_txn_category_travel_share_84d,model_vars_category,-1000000,-999999.99999
bank_txn_category_travel_avg_ticket_84d,model_vars_category,-1000000,-999999.99999
bank_txn_category_centrelink_share_84d,model_vars_category,-1000000,-999999.99999
bank_txn_category_centrelink_avg_ticket_84d,model_vars_category,-1000000,-999999.99999
bank_txn_category_dishonours_share_84d,model_vars_category,-1000000,-999999.99999
bank_txn_category_dishonours_avg_ticket_84d,model_vars_category,-1000000,-999999.99999
bank_txn_category_credit_card_repayments_share_84d,model_vars_category,-1000000,-999999.99999
bank_txn_category_credit_card_repayments_avg_ticket_84d,model_vars_category,-1000000,-999999.99999
bank_txn_category_groceries_share_84d,model_vars_category,-1000000,-999999.99999
bank_txn_category_groceries_avg_ticket_84d,model_vars_category,-1000000,-999999.99999
bank_txn_category_personal_care_share_84d,model_vars_category,-1000000,-999999.99999
bank_txn_category_personal_care_avg_ticket_84d,model_vars_category,-1000000,-999999.99999
bank_txn_category_health_share_84d,model_vars_category,-1000000,-999999.99999
bank_txn_category_health_avg_ticket_84d,model_vars_category,-1000000,-999999.99999
bank_txn_category_wages_share_84d,model_vars_category,-1000000,-999999.99999
bank_txn_category_wages_avg_ticket_84d,model_vars_category,-1000000,-999999.99999
bank_txn_category_telecommunications_share_84d,model_vars_category,-1000000,-999999.99999
bank_txn_category_telecommunications_avg_ticket_84d,model_vars_category,-1000000,-999999.99999
bank_txn_category_dining_out_share_84d,model_vars_category,-1000000,-999999.99999
bank_txn_category_dining_out_avg_ticket_84d,model_vars_category,-1000000,-999999.99999
bank_txn_category_education_share_84d,model_vars_category,-1000000,-999999.99999
bank_txn_category_education_avg_ticket_84d,model_vars_category,-1000000,-999999.99999
bank_txn_category_cluster_income_share_84d,model_vars_category,-1000000,-999999.99999
bank_txn_category_cluster_income_avg_ticket_84d,model_vars_category,-1000000,-999999.99999
bank_txn_category_cluster_income_wages_share_84d,model_vars_category,-1000000,-999999.99999
bank_txn_category_cluster_income_wages_avg_ticket_84d,model_vars_category,-1000000,-999999.99999
bank_txn_category_cluster_income_benefits_share_84d,model_vars_category,-1000000,-999999.99999
bank_txn_category_cluster_income_benefits_avg_ticket_84d,model_vars_category,-1000000,-999999.99999
bank_txn_category_cluster_other_credits_share_84d,model_vars_category,-1000000,-999999.99999
bank_txn_category_cluster_other_credits_avg_ticket_84d,model_vars_category,-1000000,-999999.99999
bank_txn_category_cluster_transfers_share_84d,model_vars_category,-1000000,-999999.99999
bank_txn_category_cluster_transfers_avg_ticket_84d,model_vars_category,-1000000,-999999.99999
bank_txn_category_cluster_transfer_internal_share_84d,model_vars_category,-1000000,-999999.99999
bank_txn_category_cluster_transfer_internal_avg_ticket_84d,model_vars_category,-1000000,-999999.99999
bank_txn_category_cluster_transfer_external_share_84d,model_vars_category,-1000000,-999999.99999
bank_txn_category_cluster_transfer_external_avg_ticket_84d,model_vars_category,-1000000,-999999.99999
bank_txn_category_cluster_essentials_share_84d,model_vars_category,-1000000,-999999.99999
bank_txn_category_cluster_essentials_avg_ticket_84d,model_vars_category,-1000000,-999999.99999
bank_txn_category_cluster_housing_share_84d,model_vars_category,-1000000,-999999.99999
bank_txn_category_cluster_housing_avg_ticket_84d,model_vars_category,-1000000,-999999.99999
bank_txn_category_cluster_utilities_share_84d,model_vars_category,-1000000,-999999.99999
bank_txn_category_cluster_utilities_avg_ticket_84d,model_vars_category,-1000000,-999999.99999
bank_txn_category_cluster_communications_share_84d,model_vars_category,-1000000,-999999.99999
bank_txn_category_cluster_communications_avg_ticket_84d,model_vars_category,-1000000,-999999.99999
bank_txn_category_cluster_healthcare_share_84d,model_vars_category,-1000000,-999999.99999
bank_txn_category_cluster_healthcare_avg_ticket_84d,model_vars_category,-1000000,-999999.99999
bank_txn_category_cluster_education_share_84d,model_vars_category,-1000000,-999999.99999
bank_txn_category_cluster_education_avg_ticket_84d,model_vars_category,-1000000,-999999.99999
bank_txn_category_cluster_transport_share_84d,model_vars_category,-1000000,-999999.99999
bank_txn_category_cluster_transport_avg_ticket_84d,model_vars_category,-1000000,-999999.99999
bank_txn_category_cluster_household_daily_share_84d,model_vars_category,-1000000,-999999.99999
bank_txn_category_cluster_household_daily_avg_ticket_84d,model_vars_category,-1000000,-999999.99999
bank_txn_category_cluster_recurring_bills_share_84d,model_vars_category,-1000000,-999999.99999
bank_txn_category_cluster_recurring_bills_avg_ticket_84d,model_vars_category,-1000000,-999999.99999
bank_txn_category_cluster_memberships_subs_share_84d,model_vars_category,-1000000,-999999.99999
bank_txn_category_cluster_memberships_subs_avg_ticket_84d,model_vars_category,-1000000,-999999.99999
bank_txn_category_cluster_dining_share_84d,model_vars_category,-1000000,-999999.99999
bank_txn_category_cluster_dining_avg_ticket_84d,model_vars_category,-1000000,-999999.99999
bank_txn_category_cluster_entertainment_share_84d,model_vars_category,-1000000,-999999.99999
bank_txn_category_cluster_entertainment_avg_ticket_84d,model_vars_category,-1000000,-999999.99999
bank_txn_category_cluster_retail_share_84d,model_vars_category,-1000000,-999999.99999
bank_txn_category_cluster_retail_avg_ticket_84d,model_vars_category,-1000000,-999999.99999
bank_txn_category_cluster_travel_share_84d,model_vars_category,-1000000,-999999.99999
bank_txn_category_cluster_travel_avg_ticket_84d,model_vars_category,-1000000,-999999.99999
bank_txn_category_cluster_personal_care_share_84d,model_vars_category,-1000000,-999999.99999
bank_txn_category_cluster_personal_care_avg_ticket_84d,model_vars_category,-1000000,-999999.99999
bank_txn_category_cluster_pet_share_84d,model_vars_category,-1000000,-999999.99999
bank_txn_category_cluster_pet_avg_ticket_84d,model_vars_category,-1000000,-999999.99999
bank_txn_category_cluster_donations_share_84d,model_vars_category,-1000000,-999999.99999
bank_txn_category_cluster_donations_avg_ticket_84d,model_vars_category,-1000000,-999999.99999
bank_txn_category_cluster_discretionary_share_84d,model_vars_category,-1000000,-999999.99999
bank_txn_category_cluster_discretionary_avg_ticket_84d,model_vars_category,-1000000,-999999.99999
bank_txn_category_cluster_debt_share_84d,model_vars_category,-1000000,-999999.99999
bank_txn_category_cluster_debt_avg_ticket_84d,model_vars_category,-1000000,-999999.99999
bank_txn_category_cluster_debt_sacc_share_84d,model_vars_category,-1000000,-999999.99999
bank_txn_category_cluster_debt_sacc_avg_ticket_84d,model_vars_category,-1000000,-999999.99999
bank_txn_category_cluster_debt_non_sacc_share_84d,model_vars_category,-1000000,-999999.99999
bank_txn_category_cluster_debt_non_sacc_avg_ticket_84d,model_vars_category,-1000000,-999999.99999
bank_txn_category_cluster_debt_cc_repayments_share_84d,model_vars_category,-1000000,-999999.99999
bank_txn_category_cluster_debt_cc_repayments_avg_ticket_84d,model_vars_category,-1000000,-999999.99999
bank_txn_category_cluster_debt_consolidation_share_84d,model_vars_category,-1000000,-999999.99999
bank_txn_category_cluster_debt_consolidation_avg_ticket_84d,model_vars_category,-1000000,-999999.99999
bank_txn_category_cluster_fees_overdraft_share_84d,model_vars_category,-1000000,-999999.99999
bank_txn_category_cluster_fees_overdraft_avg_ticket_84d,model_vars_category,-1000000,-999999.99999
bank_txn_category_cluster_collections_share_84d,model_vars_category,-1000000,-999999.99999
bank_txn_category_cluster_collections_avg_ticket_84d,model_vars_category,-1000000,-999999.99999
bank_txn_category_cluster_gambling_share_84d,model_vars_category,-1000000,-999999.99999
bank_txn_category_cluster_gambling_avg_ticket_84d,model_vars_category,-1000000,-999999.99999
bank_txn_category_cluster_risk_obligations_share_84d,model_vars_category,-1000000,-999999.99999
bank_txn_category_cluster_risk_obligations_avg_ticket_84d,model_vars_category,-1000000,-999999.99999
bank_txn_category_cluster_risk_discretionary_share_84d,model_vars_category,-1000000,-999999.99999
bank_txn_category_cluster_risk_discretionary_avg_ticket_84d,model_vars_category,-1000000,-999999.99999
bank_txn_category_global_income_share_168d,model_vars_category,-1000000,-999999.99999
bank_txn_category_global_debit_share_168d,model_vars_category,-1000000,-999999.99999
bank_txn_category_global_burn_rate_168d,model_vars_category,-1000000,-999999.99999
bank_txn_category_global_saving_rate_168d,model_vars_category,-1000000,-999999.99999
bank_txn_category_global_income_avg_ticket_168d,model_vars_category,-1000000,-999999.99999
bank_txn_category_global_expense_avg_ticket_168d,model_vars_category,-1000000,-999999.99999
bank_txn_category_all_other_credits_share_168d,model_vars_category,-1000000,-999999.99999
bank_txn_category_all_other_credits_avg_ticket_168d,model_vars_category,-1000000,-999999.99999
bank_txn_category_automotive_share_168d,model_vars_category,-1000000,-999999.99999
bank_txn_category_automotive_avg_ticket_168d,model_vars_category,-1000000,-999999.99999
bank_txn_category_pet_care_share_168d,model_vars_category,-1000000,-999999.99999
bank_txn_category_pet_care_avg_ticket_168d,model_vars_category,-1000000,-999999.99999
bank_txn_category_home_improvement_share_168d,model_vars_category,-1000000,-999999.99999
bank_txn_category_home_improvement_avg_ticket_168d,model_vars_category,-1000000,-999999.99999
bank_txn_category_sacc_loans_share_168d,model_vars_category,-1000000,-999999.99999
bank_txn_category_sacc_loans_avg_ticket_168d,model_vars_category,-1000000,-999999.99999
bank_txn_category_department_stores_share_168d,model_vars_category,-1000000,-999999.99999
bank_txn_category_department_stores_avg_ticket_168d,model_vars_category,-1000000,-999999.99999
bank_txn_category_gyms_and_other_memberships_share_168d,model_vars_category,-1000000,-999999.99999
bank_txn_category_gyms_and_other_memberships_avg_ticket_168d,model_vars_category,-1000000,-999999.99999
bank_txn_category_overdrawn_share_168d,model_vars_category,-1000000,-999999.99999
bank_txn_category_overdrawn_avg_ticket_168d,model_vars_category,-1000000,-999999.99999
bank_txn_category_information_share_168d,model_vars_category,-1000000,-999999.99999
bank_txn_category_information_avg_ticket_168d,model_vars_category,-1000000,-999999.99999
bank_txn_category_retail_share_168d,model_vars_category,-1000000,-999999.99999
bank_txn_category_retail_avg_ticket_168d,model_vars_category,-1000000,-999999.99999
bank_txn_category_debt_collection_share_168d,model_vars_category,-1000000,-999999.99999
bank_txn_category_debt_collection_avg_ticket_168d,model_vars_category,-1000000,-999999.99999
bank_txn_category_utilities_share_168d,model_vars_category,-1000000,-999999.99999
bank_txn_category_utilities_avg_ticket_168d,model_vars_category,-1000000,-999999.99999
bank_txn_category_subscription_tv_share_168d,model_vars_category,-1000000,-999999.99999
bank_txn_category_subscription_tv_avg_ticket_168d,model_vars_category,-1000000,-999999.99999
bank_txn_category_entertainment_share_168d,model_vars_category,-1000000,-999999.99999
bank_txn_category_entertainment_avg_ticket_168d,model_vars_category,-1000000,-999999.99999
bank_txn_category_transport_share_168d,model_vars_category,-1000000,-999999.99999
bank_txn_category_transport_avg_ticket_168d,model_vars_category,-1000000,-999999.99999
bank_txn_category_donations_share_168d,model_vars_category,-1000000,-999999.99999
bank_txn_category_donations_avg_ticket_168d,model_vars_category,-1000000,-999999.99999
bank_txn_category_rent_share_168d,model_vars_category,-1000000,-999999.99999
bank_txn_category_rent_avg_ticket_168d,model_vars_category,-1000000,-999999.99999
bank_txn_category_non_sacc_loans_share_168d,model_vars_category,-1000000,-999999.99999
bank_txn_category_non_sacc_loans_avg_ticket_168d,model_vars_category,-1000000,-999999.99999
bank_txn_category_external_transfers_share_168d,model_vars_category,-1000000,-999999.99999
bank_txn_category_external_transfers_avg_ticket_168d,model_vars_category,-1000000,-999999.99999
bank_txn_category_fees_share_168d,model_vars_category,-1000000,-999999.99999
bank_txn_category_fees_avg_ticket_168d,model_vars_category,-1000000,-999999.99999
bank_txn_category_debt_consolidation_share_168d,model_vars_category,-1000000,-999999.99999
bank_txn_category_debt_consolidation_avg_ticket_168d,model_vars_category,-1000000,-999999.99999
bank_txn_category_gambling_share_168d,model_vars_category,-1000000,-999999.99999
bank_txn_category_gambling_avg_ticket_168d,model_vars_category,-1000000,-999999.99999
bank_txn_category_internal_transfer_share_168d,model_vars_category,-1000000,-999999.99999
bank_txn_category_internal_transfer_avg_ticket_168d,model_vars_category,-1000000,-999999.99999
bank_txn_category_insurance_share_168d,model_vars_category,-1000000,-999999.99999
bank_txn_category_insurance_avg_ticket_168d,model_vars_category,-1000000,-999999.99999
bank_txn_category_travel_share_168d,model_vars_category,-1000000,-999999.99999
bank_txn_category_travel_avg_ticket_168d,model_vars_category,-1000000,-999999.99999
bank_txn_category_centrelink_share_168d,model_vars_category,-1000000,-999999.99999
bank_txn_category_centrelink_avg_ticket_168d,model_vars_category,-1000000,-999999.99999
bank_txn_category_dishonours_share_168d,model_vars_category,-1000000,-999999.99999
bank_txn_category_dishonours_avg_ticket_168d,model_vars_category,-1000000,-999999.99999
bank_txn_category_credit_card_repayments_share_168d,model_vars_category,-1000000,-999999.99999
bank_txn_category_credit_card_repayments_avg_ticket_168d,model_vars_category,-1000000,-999999.99999
bank_txn_category_groceries_share_168d,model_vars_category,-1000000,-999999.99999
bank_txn_category_groceries_avg_ticket_168d,model_vars_category,-1000000,-999999.99999
bank_txn_category_personal_care_share_168d,model_vars_category,-1000000,-999999.99999
bank_txn_category_personal_care_avg_ticket_168d,model_vars_category,-1000000,-999999.99999
bank_txn_category_health_share_168d,model_vars_category,-1000000,-999999.99999
bank_txn_category_health_avg_ticket_168d,model_vars_category,-1000000,-999999.99999
bank_txn_category_wages_share_168d,model_vars_category,-1000000,-999999.99999
bank_txn_category_wages_avg_ticket_168d,model_vars_category,-1000000,-999999.99999
bank_txn_category_telecommunications_share_168d,model_vars_category,-1000000,-999999.99999
bank_txn_category_telecommunications_avg_ticket_168d,model_vars_category,-1000000,-999999.99999
bank_txn_category_dining_out_share_168d,model_vars_category,-1000000,-999999.99999
bank_txn_category_dining_out_avg_ticket_168d,model_vars_category,-1000000,-999999.99999
bank_txn_category_education_share_168d,model_vars_category,-1000000,-999999.99999
bank_txn_category_education_avg_ticket_168d,model_vars_category,-1000000,-999999.99999
bank_txn_category_cluster_income_share_168d,model_vars_category,-1000000,-999999.99999
bank_txn_category_cluster_income_avg_ticket_168d,model_vars_category,-1000000,-999999.99999
bank_txn_category_cluster_income_wages_share_168d,model_vars_category,-1000000,-999999.99999
bank_txn_category_cluster_income_wages_avg_ticket_168d,model_vars_category,-1000000,-999999.99999
bank_txn_category_cluster_income_benefits_share_168d,model_vars_category,-1000000,-999999.99999
bank_txn_category_cluster_income_benefits_avg_ticket_168d,model_vars_category,-1000000,-999999.99999
bank_txn_category_cluster_other_credits_share_168d,model_vars_category,-1000000,-999999.99999
bank_txn_category_cluster_other_credits_avg_ticket_168d,model_vars_category,-1000000,-999999.99999
bank_txn_category_cluster_transfers_share_168d,model_vars_category,-1000000,-999999.99999
bank_txn_category_cluster_transfers_avg_ticket_168d,model_vars_category,-1000000,-999999.99999
bank_txn_category_cluster_transfer_internal_share_168d,model_vars_category,-1000000,-999999.99999
bank_txn_category_cluster_transfer_internal_avg_ticket_168d,model_vars_category,-1000000,-999999.99999
bank_txn_category_cluster_transfer_external_share_168d,model_vars_category,-1000000,-999999.99999
bank_txn_category_cluster_transfer_external_avg_ticket_168d,model_vars_category,-1000000,-999999.99999
bank_txn_category_cluster_essentials_share_168d,model_vars_category,-1000000,-999999.99999
bank_txn_category_cluster_essentials_avg_ticket_168d,model_vars_category,-1000000,-999999.99999
bank_txn_category_cluster_housing_share_168d,model_vars_category,-1000000,-999999.99999
bank_txn_category_cluster_housing_avg_ticket_168d,model_vars_category,-1000000,-999999.99999
bank_txn_category_cluster_utilities_share_168d,model_vars_category,-1000000,-999999.99999
bank_txn_category_cluster_utilities_avg_ticket_168d,model_vars_category,-1000000,-999999.99999
bank_txn_category_cluster_communications_share_168d,model_vars_category,-1000000,-999999.99999
bank_txn_category_cluster_communications_avg_ticket_168d,model_vars_category,-1000000,-999999.99999
bank_txn_category_cluster_healthcare_share_168d,model_vars_category,-1000000,-999999.99999
bank_txn_category_cluster_healthcare_avg_ticket_168d,model_vars_category,-1000000,-999999.99999
bank_txn_category_cluster_education_share_168d,model_vars_category,-1000000,-999999.99999
bank_txn_category_cluster_education_avg_ticket_168d,model_vars_category,-1000000,-999999.99999
bank_txn_category_cluster_transport_share_168d,model_vars_category,-1000000,-999999.99999
bank_txn_category_cluster_transport_avg_ticket_168d,model_vars_category,-1000000,-999999.99999
bank_txn_category_cluster_household_daily_share_168d,model_vars_category,-1000000,-999999.99999
bank_txn_category_cluster_household_daily_avg_ticket_168d,model_vars_category,-1000000,-999999.99999
bank_txn_category_cluster_recurring_bills_share_168d,model_vars_category,-1000000,-999999.99999
bank_txn_category_cluster_recurring_bills_avg_ticket_168d,model_vars_category,-1000000,-999999.99999
bank_txn_category_cluster_memberships_subs_share_168d,model_vars_category,-1000000,-999999.99999
bank_txn_category_cluster_memberships_subs_avg_ticket_168d,model_vars_category,-1000000,-999999.99999
bank_txn_category_cluster_dining_share_168d,model_vars_category,-1000000,-999999.99999
bank_txn_category_cluster_dining_avg_ticket_168d,model_vars_category,-1000000,-999999.99999
bank_txn_category_cluster_entertainment_share_168d,model_vars_category,-1000000,-999999.99999
bank_txn_category_cluster_entertainment_avg_ticket_168d,model_vars_category,-1000000,-999999.99999
bank_txn_category_cluster_retail_share_168d,model_vars_category,-1000000,-999999.99999
bank_txn_category_cluster_retail_avg_ticket_168d,model_vars_category,-1000000,-999999.99999
bank_txn_category_cluster_travel_share_168d,model_vars_category,-1000000,-999999.99999
bank_txn_category_cluster_travel_avg_ticket_168d,model_vars_category,-1000000,-999999.99999
bank_txn_category_cluster_personal_care_share_168d,model_vars_category,-1000000,-999999.99999
bank_txn_category_cluster_personal_care_avg_ticket_168d,model_vars_category,-1000000,-999999.99999
bank_txn_category_cluster_pet_share_168d,model_vars_category,-1000000,-999999.99999
bank_txn_category_cluster_pet_avg_ticket_168d,model_vars_category,-1000000,-999999.99999
bank_txn_category_cluster_donations_share_168d,model_vars_category,-1000000,-999999.99999
bank_txn_category_cluster_donations_avg_ticket_168d,model_vars_category,-1000000,-999999.99999
bank_txn_category_cluster_discretionary_share_168d,model_vars_category,-1000000,-999999.99999
bank_txn_category_cluster_discretionary_avg_ticket_168d,model_vars_category,-1000000,-999999.99999
bank_txn_category_cluster_debt_share_168d,model_vars_category,-1000000,-999999.99999
bank_txn_category_cluster_debt_avg_ticket_168d,model_vars_category,-1000000,-999999.99999
bank_txn_category_cluster_debt_sacc_share_168d,model_vars_category,-1000000,-999999.99999
bank_txn_category_cluster_debt_sacc_avg_ticket_168d,model_vars_category,-1000000,-999999.99999
bank_txn_category_cluster_debt_non_sacc_share_168d,model_vars_category,-1000000,-999999.99999
bank_txn_category_cluster_debt_non_sacc_avg_ticket_168d,model_vars_category,-1000000,-999999.99999
bank_txn_category_cluster_debt_cc_repayments_share_168d,model_vars_category,-1000000,-999999.99999
bank_txn_category_cluster_debt_cc_repayments_avg_ticket_168d,model_vars_category,-1000000,-999999.99999
bank_txn_category_cluster_debt_consolidation_share_168d,model_vars_category,-1000000,-999999.99999
bank_txn_category_cluster_debt_consolidation_avg_ticket_168d,model_vars_category,-1000000,-999999.99999
bank_txn_category_cluster_fees_overdraft_share_168d,model_vars_category,-1000000,-999999.99999
bank_txn_category_cluster_fees_overdraft_avg_ticket_168d,model_vars_category,-1000000,-999999.99999
bank_txn_category_cluster_collections_share_168d,model_vars_category,-1000000,-999999.99999
bank_txn_category_cluster_collections_avg_ticket_168d,model_vars_category,-1000000,-999999.99999
bank_txn_category_cluster_gambling_share_168d,model_vars_category,-1000000,-999999.99999
bank_txn_category_cluster_gambling_avg_ticket_168d,model_vars_category,-1000000,-999999.99999
bank_txn_category_cluster_risk_obligations_share_168d,model_vars_category,-1000000,-999999.99999
bank_txn_category_cluster_risk_obligations_avg_ticket_168d,model_vars_category,-1000000,-999999.99999
bank_txn_category_cluster_risk_discretionary_share_168d,model_vars_category,-1000000,-999999.99999
bank_txn_category_cluster_risk_discretionary_avg_ticket_168d,model_vars_category,-1000000,-999999.99999
bank_txn_category_global_income_share_182d,model_vars_category,-1000000,-999999.99999
bank_txn_category_global_debit_share_182d,model_vars_category,-1000000,-999999.99999
bank_txn_category_global_burn_rate_182d,model_vars_category,-1000000,-999999.99999
bank_txn_category_global_saving_rate_182d,model_vars_category,-1000000,-999999.99999
bank_txn_category_global_income_avg_ticket_182d,model_vars_category,-1000000,-999999.99999
bank_txn_category_global_expense_avg_ticket_182d,model_vars_category,-1000000,-999999.99999
bank_txn_category_all_other_credits_share_182d,model_vars_category,-1000000,-999999.99999
bank_txn_category_all_other_credits_avg_ticket_182d,model_vars_category,-1000000,-999999.99999
bank_txn_category_automotive_share_182d,model_vars_category,-1000000,-999999.99999
bank_txn_category_automotive_avg_ticket_182d,model_vars_category,-1000000,-999999.99999
bank_txn_category_pet_care_share_182d,model_vars_category,-1000000,-999999.99999
bank_txn_category_pet_care_avg_ticket_182d,model_vars_category,-1000000,-999999.99999
bank_txn_category_home_improvement_share_182d,model_vars_category,-1000000,-999999.99999
bank_txn_category_home_improvement_avg_ticket_182d,model_vars_category,-1000000,-999999.99999
bank_txn_category_sacc_loans_share_182d,model_vars_category,-1000000,-999999.99999
bank_txn_category_sacc_loans_avg_ticket_182d,model_vars_category,-1000000,-999999.99999
bank_txn_category_department_stores_share_182d,model_vars_category,-1000000,-999999.99999
bank_txn_category_department_stores_avg_ticket_182d,model_vars_category,-1000000,-999999.99999
bank_txn_category_gyms_and_other_memberships_share_182d,model_vars_category,-1000000,-999999.99999
bank_txn_category_gyms_and_other_memberships_avg_ticket_182d,model_vars_category,-1000000,-999999.99999
bank_txn_category_overdrawn_share_182d,model_vars_category,-1000000,-999999.99999
bank_txn_category_overdrawn_avg_ticket_182d,model_vars_category,-1000000,-999999.99999
bank_txn_category_information_share_182d,model_vars_category,-1000000,-999999.99999
bank_txn_category_information_avg_ticket_182d,model_vars_category,-1000000,-999999.99999
bank_txn_category_retail_share_182d,model_vars_category,-1000000,-999999.99999
bank_txn_category_retail_avg_ticket_182d,model_vars_category,-1000000,-999999.99999
bank_txn_category_debt_collection_share_182d,model_vars_category,-1000000,-999999.99999
bank_txn_category_debt_collection_avg_ticket_182d,model_vars_category,-1000000,-999999.99999
bank_txn_category_utilities_share_182d,model_vars_category,-1000000,-999999.99999
bank_txn_category_utilities_avg_ticket_182d,model_vars_category,-1000000,-999999.99999
bank_txn_category_subscription_tv_share_182d,model_vars_category,-1000000,-999999.99999
bank_txn_category_subscription_tv_avg_ticket_182d,model_vars_category,-1000000,-999999.99999
bank_txn_category_entertainment_share_182d,model_vars_category,-1000000,-999999.99999
bank_txn_category_entertainment_avg_ticket_182d,model_vars_category,-1000000,-999999.99999
bank_txn_category_transport_share_182d,model_vars_category,-1000000,-999999.99999
bank_txn_category_transport_avg_ticket_182d,model_vars_category,-1000000,-999999.99999
bank_txn_category_donations_share_182d,model_vars_category,-1000000,-999999.99999
bank_txn_category_donations_avg_ticket_182d,model_vars_category,-1000000,-999999.99999
bank_txn_category_rent_share_182d,model_vars_category,-1000000,-999999.99999
bank_txn_category_rent_avg_ticket_182d,model_vars_category,-1000000,-999999.99999
bank_txn_category_non_sacc_loans_share_182d,model_vars_category,-1000000,-999999.99999
bank_txn_category_non_sacc_loans_avg_ticket_182d,model_vars_category,-1000000,-999999.99999
bank_txn_category_external_transfers_share_182d,model_vars_category,-1000000,-999999.99999
bank_txn_category_external_transfers_avg_ticket_182d,model_vars_category,-1000000,-999999.99999
bank_txn_category_fees_share_182d,model_vars_category,-1000000,-999999.99999
bank_txn_category_fees_avg_ticket_182d,model_vars_category,-1000000,-999999.99999
bank_txn_category_debt_consolidation_share_182d,model_vars_category,-1000000,-999999.99999
bank_txn_category_debt_consolidation_avg_ticket_182d,model_vars_category,-1000000,-999999.99999
bank_txn_category_gambling_share_182d,model_vars_category,-1000000,-999999.99999
bank_txn_category_gambling_avg_ticket_182d,model_vars_category,-1000000,-999999.99999
bank_txn_category_internal_transfer_share_182d,model_vars_category,-1000000,-999999.99999
bank_txn_category_internal_transfer_avg_ticket_182d,model_vars_category,-1000000,-999999.99999
bank_txn_category_insurance_share_182d,model_vars_category,-1000000,-999999.99999
bank_txn_category_insurance_avg_ticket_182d,model_vars_category,-1000000,-999999.99999
bank_txn_category_travel_share_182d,model_vars_category,-1000000,-999999.99999
bank_txn_category_travel_avg_ticket_182d,model_vars_category,-1000000,-999999.99999
bank_txn_category_centrelink_share_182d,model_vars_category,-1000000,-999999.99999
bank_txn_category_centrelink_avg_ticket_182d,model_vars_category,-1000000,-999999.99999
bank_txn_category_dishonours_share_182d,model_vars_category,-1000000,-999999.99999
bank_txn_category_dishonours_avg_ticket_182d,model_vars_category,-1000000,-999999.99999
bank_txn_category_credit_card_repayments_share_182d,model_vars_category,-1000000,-999999.99999
bank_txn_category_credit_card_repayments_avg_ticket_182d,model_vars_category,-1000000,-999999.99999
bank_txn_category_groceries_share_182d,model_vars_category,-1000000,-999999.99999
bank_txn_category_groceries_avg_ticket_182d,model_vars_category,-1000000,-999999.99999
bank_txn_category_personal_care_share_182d,model_vars_category,-1000000,-999999.99999
bank_txn_category_personal_care_avg_ticket_182d,model_vars_category,-1000000,-999999.99999
bank_txn_category_health_share_182d,model_vars_category,-1000000,-999999.99999
bank_txn_category_health_avg_ticket_182d,model_vars_category,-1000000,-999999.99999
bank_txn_category_wages_share_182d,model_vars_category,-1000000,-999999.99999
bank_txn_category_wages_avg_ticket_182d,model_vars_category,-1000000,-999999.99999
bank_txn_category_telecommunications_share_182d,model_vars_category,-1000000,-999999.99999
bank_txn_category_telecommunications_avg_ticket_182d,model_vars_category,-1000000,-999999.99999
bank_txn_category_dining_out_share_182d,model_vars_category,-1000000,-999999.99999
bank_txn_category_dining_out_avg_ticket_182d,model_vars_category,-1000000,-999999.99999
bank_txn_category_education_share_182d,model_vars_category,-1000000,-999999.99999
bank_txn_category_education_avg_ticket_182d,model_vars_category,-1000000,-999999.99999
bank_txn_category_cluster_income_share_182d,model_vars_category,-1000000,-999999.99999
bank_txn_category_cluster_income_avg_ticket_182d,model_vars_category,-1000000,-999999.99999
bank_txn_category_cluster_income_wages_share_182d,model_vars_category,-1000000,-999999.99999
bank_txn_category_cluster_income_wages_avg_ticket_182d,model_vars_category,-1000000,-999999.99999
bank_txn_category_cluster_income_benefits_share_182d,model_vars_category,-1000000,-999999.99999
bank_txn_category_cluster_income_benefits_avg_ticket_182d,model_vars_category,-1000000,-999999.99999
bank_txn_category_cluster_other_credits_share_182d,model_vars_category,-1000000,-999999.99999
bank_txn_category_cluster_other_credits_avg_ticket_182d,model_vars_category,-1000000,-999999.99999
bank_txn_category_cluster_transfers_share_182d,model_vars_category,-1000000,-999999.99999
bank_txn_category_cluster_transfers_avg_ticket_182d,model_vars_category,-1000000,-999999.99999
bank_txn_category_cluster_transfer_internal_share_182d,model_vars_category,-1000000,-999999.99999
bank_txn_category_cluster_transfer_internal_avg_ticket_182d,model_vars_category,-1000000,-999999.99999
bank_txn_category_cluster_transfer_external_share_182d,model_vars_category,-1000000,-999999.99999
bank_txn_category_cluster_transfer_external_avg_ticket_182d,model_vars_category,-1000000,-999999.99999
bank_txn_category_cluster_essentials_share_182d,model_vars_category,-1000000,-999999.99999
bank_txn_category_cluster_essentials_avg_ticket_182d,model_vars_category,-1000000,-999999.99999
bank_txn_category_cluster_housing_share_182d,model_vars_category,-1000000,-999999.99999
bank_txn_category_cluster_housing_avg_ticket_182d,model_vars_category,-1000000,-999999.99999
bank_txn_category_cluster_utilities_share_182d,model_vars_category,-1000000,-999999.99999
bank_txn_category_cluster_utilities_avg_ticket_182d,model_vars_category,-1000000,-999999.99999
bank_txn_category_cluster_communications_share_182d,model_vars_category,-1000000,-999999.99999
bank_txn_category_cluster_communications_avg_ticket_182d,model_vars_category,-1000000,-999999.99999
bank_txn_category_cluster_healthcare_share_182d,model_vars_category,-1000000,-999999.99999
bank_txn_category_cluster_healthcare_avg_ticket_182d,model_vars_category,-1000000,-999999.99999
bank_txn_category_cluster_education_share_182d,model_vars_category,-1000000,-999999.99999
bank_txn_category_cluster_education_avg_ticket_182d,model_vars_category,-1000000,-999999.99999
bank_txn_category_cluster_transport_share_182d,model_vars_category,-1000000,-999999.99999
bank_txn_category_cluster_transport_avg_ticket_182d,model_vars_category,-1000000,-999999.99999
bank_txn_category_cluster_household_daily_share_182d,model_vars_category,-1000000,-999999.99999
bank_txn_category_cluster_household_daily_avg_ticket_182d,model_vars_category,-1000000,-999999.99999
bank_txn_category_cluster_recurring_bills_share_182d,model_vars_category,-1000000,-999999.99999
bank_txn_category_cluster_recurring_bills_avg_ticket_182d,model_vars_category,-1000000,-999999.99999
bank_txn_category_cluster_memberships_subs_share_182d,model_vars_category,-1000000,-999999.99999
bank_txn_category_cluster_memberships_subs_avg_ticket_182d,model_vars_category,-1000000,-999999.99999
bank_txn_category_cluster_dining_share_182d,model_vars_category,-1000000,-999999.99999
bank_txn_category_cluster_dining_avg_ticket_182d,model_vars_category,-1000000,-999999.99999
bank_txn_category_cluster_entertainment_share_182d,model_vars_category,-1000000,-999999.99999
bank_txn_category_cluster_entertainment_avg_ticket_182d,model_vars_category,-1000000,-999999.99999
bank_txn_category_cluster_retail_share_182d,model_vars_category,-1000000,-999999.99999
bank_txn_category_cluster_retail_avg_ticket_182d,model_vars_category,-1000000,-999999.99999
bank_txn_category_cluster_travel_share_182d,model_vars_category,-1000000,-999999.99999
bank_txn_category_cluster_travel_avg_ticket_182d,model_vars_category,-1000000,-999999.99999
bank_txn_category_cluster_personal_care_share_182d,model_vars_category,-1000000,-999999.99999
bank_txn_category_cluster_personal_care_avg_ticket_182d,model_vars_category,-1000000,-999999.99999
bank_txn_category_cluster_pet_share_182d,model_vars_category,-1000000,-999999.99999
bank_txn_category_cluster_pet_avg_ticket_182d,model_vars_category,-1000000,-999999.99999
bank_txn_category_cluster_donations_share_182d,model_vars_category,-1000000,-999999.99999
bank_txn_category_cluster_donations_avg_ticket_182d,model_vars_category,-1000000,-999999.99999
bank_txn_category_cluster_discretionary_share_182d,model_vars_category,-1000000,-999999.99999
bank_txn_category_cluster_discretionary_avg_ticket_182d,model_vars_category,-1000000,-999999.99999
bank_txn_category_cluster_debt_share_182d,model_vars_category,-1000000,-999999.99999
bank_txn_category_cluster_debt_avg_ticket_182d,model_vars_category,-1000000,-999999.99999
bank_txn_category_cluster_debt_sacc_share_182d,model_vars_category,-1000000,-999999.99999
bank_txn_category_cluster_debt_sacc_avg_ticket_182d,model_vars_category,-1000000,-999999.99999
bank_txn_category_cluster_debt_non_sacc_share_182d,model_vars_category,-1000000,-999999.99999
bank_txn_category_cluster_debt_non_sacc_avg_ticket_182d,model_vars_category,-1000000,-999999.99999
bank_txn_category_cluster_debt_cc_repayments_share_182d,model_vars_category,-1000000,-999999.99999
bank_txn_category_cluster_debt_cc_repayments_avg_ticket_182d,model_vars_category,-1000000,-999999.99999
bank_txn_category_cluster_debt_consolidation_share_182d,model_vars_category,-1000000,-999999.99999
bank_txn_category_cluster_debt_consolidation_avg_ticket_182d,model_vars_category,-1000000,-999999.99999
bank_txn_category_cluster_fees_overdraft_share_182d,model_vars_category,-1000000,-999999.99999
bank_txn_category_cluster_fees_overdraft_avg_ticket_182d,model_vars_category,-1000000,-999999.99999
bank_txn_category_cluster_collections_share_182d,model_vars_category,-1000000,-999999.99999
bank_txn_category_cluster_collections_avg_ticket_182d,model_vars_category,-1000000,-999999.99999
bank_txn_category_cluster_gambling_share_182d,model_vars_category,-1000000,-999999.99999
bank_txn_category_cluster_gambling_avg_ticket_182d,model_vars_category,-1000000,-999999.99999
bank_txn_category_cluster_risk_obligations_share_182d,model_vars_category,-1000000,-999999.99999
bank_txn_category_cluster_risk_obligations_avg_ticket_182d,model_vars_category,-1000000,-999999.99999
bank_txn_category_cluster_risk_discretionary_share_182d,model_vars_category,-1000000,-999999.99999
bank_txn_category_cluster_risk_discretionary_avg_ticket_182d,model_vars_category,-1000000,-999999.99999
bank_txn_category_cluster_debt_share_delta_7v14,model_vars_category,-1000000,-999999.99999
bank_txn_category_cluster_debt_share_delta_14v28,model_vars_category,-1000000,-999999.99999
bank_txn_category_cluster_debt_share_delta_28v56,model_vars_category,-1000000,-999999.99999
bank_txn_category_cluster_debt_share_delta_56v84,model_vars_category,-1000000,-999999.99999
bank_txn_category_cluster_debt_share_delta_84v168,model_vars_category,-1000000,-999999.99999
bank_txn_category_cluster_debt_share_delta_168v182,model_vars_category,-1000000,-999999.99999
bank_txn_category_cluster_debt_share_accel_7_14_28,model_vars_category,-1000000,-999999.99999
bank_txn_category_cluster_debt_share_accel_14_28_56,model_vars_category,-1000000,-999999.99999
bank_txn_category_cluster_debt_share_accel_28_56_84,model_vars_category,-1000000,-999999.99999
bank_txn_category_cluster_debt_share_accel_56_84_168,model_vars_category,-1000000,-999999.99999
bank_txn_category_cluster_debt_share_accel_84_168_182,model_vars_category,-1000000,-999999.99999
bank_txn_category_cluster_fees_overdraft_share_delta_7v14,model_vars_category,-1000000,-999999.99999
bank_txn_category_cluster_fees_overdraft_share_delta_14v28,model_vars_category,-1000000,-999999.99999
bank_txn_category_cluster_fees_overdraft_share_delta_28v56,model_vars_category,-1000000,-999999.99999
bank_txn_category_cluster_fees_overdraft_share_delta_56v84,model_vars_category,-1000000,-999999.99999
bank_txn_category_cluster_fees_overdraft_share_delta_84v168,model_vars_category,-1000000,-999999.99999
bank_txn_category_cluster_fees_overdraft_share_delta_168v182,model_vars_category,-1000000,-999999.99999
bank_txn_category_cluster_fees_overdraft_share_accel_7_14_28,model_vars_category,-1000000,-999999.99999
bank_txn_category_cluster_fees_overdraft_share_accel_14_28_56,model_vars_category,-1000000,-999999.99999
bank_txn_category_cluster_fees_overdraft_share_accel_28_56_84,model_vars_category,-1000000,-999999.99999
bank_txn_category_cluster_fees_overdraft_share_accel_56_84_168,model_vars_category,-1000000,-999999.99999
bank_txn_category_cluster_fees_overdraft_share_accel_84_168_182,model_vars_category,-1000000,-999999.99999
bank_txn_category_cluster_collections_share_delta_7v14,model_vars_category,-1000000,-999999.99999
bank_txn_category_cluster_collections_share_delta_14v28,model_vars_category,-1000000,-999999.99999
bank_txn_category_cluster_collections_share_delta_28v56,model_vars_category,-1000000,-999999.99999
bank_txn_category_cluster_collections_share_delta_56v84,model_vars_category,-1000000,-999999.99999
bank_txn_category_cluster_collections_share_delta_84v168,model_vars_category,-1000000,-999999.99999
bank_txn_category_cluster_collections_share_delta_168v182,model_vars_category,-1000000,-999999.99999
bank_txn_category_cluster_collections_share_accel_7_14_28,model_vars_category,-1000000,-999999.99999
bank_txn_category_cluster_collections_share_accel_14_28_56,model_vars_category,-1000000,-999999.99999
bank_txn_category_cluster_collections_share_accel_28_56_84,model_vars_category,-1000000,-999999.99999
bank_txn_category_cluster_collections_share_accel_56_84_168,model_vars_category,-1000000,-999999.99999
bank_txn_category_cluster_collections_share_accel_84_168_182,model_vars_category,-1000000,-999999.99999
bank_txn_category_cluster_gambling_share_delta_7v14,model_vars_category,-1000000,-999999.99999
bank_txn_category_cluster_gambling_share_delta_14v28,model_vars_category,-1000000,-999999.99999
bank_txn_category_cluster_gambling_share_delta_28v56,model_vars_category,-1000000,-999999.99999
bank_txn_category_cluster_gambling_share_delta_56v84,model_vars_category,-1000000,-999999.99999
bank_txn_category_cluster_gambling_share_delta_84v168,model_vars_category,-1000000,-999999.99999
bank_txn_category_cluster_gambling_share_delta_168v182,model_vars_category,-1000000,-999999.99999
bank_txn_category_cluster_gambling_share_accel_7_14_28,model_vars_category,-1000000,-999999.99999
bank_txn_category_cluster_gambling_share_accel_14_28_56,model_vars_category,-1000000,-999999.99999
bank_txn_category_cluster_gambling_share_accel_28_56_84,model_vars_category,-1000000,-999999.99999
bank_txn_category_cluster_gambling_share_accel_56_84_168,model_vars_category,-1000000,-999999.99999
bank_txn_category_cluster_gambling_share_accel_84_168_182,model_vars_category,-1000000,-999999.99999
bank_txn_category_cluster_risk_obligations_share_delta_7v14,model_vars_category,-1000000,-999999.99999
bank_txn_category_cluster_risk_obligations_share_delta_14v28,model_vars_category,-1000000,-999999.99999
bank_txn_category_cluster_risk_obligations_share_delta_28v56,model_vars_category,-1000000,-999999.99999
bank_txn_category_cluster_risk_obligations_share_delta_56v84,model_vars_category,-1000000,-999999.99999
bank_txn_category_cluster_risk_obligations_share_delta_84v168,model_vars_category,-1000000,-999999.99999
bank_txn_category_cluster_risk_obligations_share_delta_168v182,model_vars_category,-1000000,-999999.99999
bank_txn_category_cluster_risk_obligations_share_accel_7_14_28,model_vars_category,-1000000,-999999.99999
bank_txn_category_cluster_risk_obligations_share_accel_14_28_56,model_vars_category,-1000000,-999999.99999
bank_txn_category_cluster_risk_obligations_share_accel_28_56_84,model_vars_category,-1000000,-999999.99999
bank_txn_category_cluster_risk_obligations_share_accel_56_84_168,model_vars_category,-1000000,-999999.99999
bank_txn_category_cluster_risk_obligations_share_accel_84_168_182,model_vars_category,-1000000,-999999.99999
bank_txn_category_cluster_risk_discretionary_share_delta_7v14,model_vars_category,-1000000,-999999.99999
bank_txn_category_cluster_risk_discretionary_share_delta_14v28,model_vars_category,-1000000,-999999.99999
bank_txn_category_cluster_risk_discretionary_share_delta_28v56,model_vars_category,-1000000,-999999.99999
bank_txn_category_cluster_risk_discretionary_share_delta_56v84,model_vars_category,-1000000,-999999.99999
bank_txn_category_cluster_risk_discretionary_share_delta_84v168,model_vars_category,-1000000,-999999.99999
bank_txn_category_cluster_risk_discretionary_share_delta_168v182,model_vars_category,-1000000,-999999.99999
bank_txn_category_cluster_risk_discretionary_share_accel_7_14_28,model_vars_category,-1000000,-999999.99999
bank_txn_category_cluster_risk_discretionary_share_accel_14_28_56,model_vars_category,-1000000,-999999.99999
bank_txn_category_cluster_risk_discretionary_share_accel_28_56_84,model_vars_category,-1000000,-999999.99999
bank_txn_category_cluster_risk_discretionary_share_accel_56_84_168,model_vars_category,-1000000,-999999.99999
bank_txn_category_cluster_risk_discretionary_share_accel_84_168_182,model_vars_category,-1000000,-999999.99999
bank_txn_category_cluster_dining_share_delta_7v14,model_vars_category,-1000000,-999999.99999
bank_txn_category_cluster_dining_share_delta_14v28,model_vars_category,-1000000,-999999.99999
bank_txn_category_cluster_dining_share_delta_28v56,model_vars_category,-1000000,-999999.99999
bank_txn_category_cluster_dining_share_delta_56v84,model_vars_category,-1000000,-999999.99999
bank_txn_category_cluster_dining_share_delta_84v168,model_vars_category,-1000000,-999999.99999
bank_txn_category_cluster_dining_share_delta_168v182,model_vars_category,-1000000,-999999.99999
bank_txn_category_cluster_dining_share_accel_7_14_28,model_vars_category,-1000000,-999999.99999
bank_txn_category_cluster_dining_share_accel_14_28_56,model_vars_category,-1000000,-999999.99999
bank_txn_category_cluster_dining_share_accel_28_56_84,model_vars_category,-1000000,-999999.99999
bank_txn_category_cluster_dining_share_accel_56_84_168,model_vars_category,-1000000,-999999.99999
bank_txn_category_cluster_dining_share_accel_84_168_182,model_vars_category,-1000000,-999999.99999
bank_txn_category_cluster_entertainment_share_delta_7v14,model_vars_category,-1000000,-999999.99999
bank_txn_category_cluster_entertainment_share_delta_14v28,model_vars_category,-1000000,-999999.99999
bank_txn_category_cluster_entertainment_share_delta_28v56,model_vars_category,-1000000,-999999.99999
bank_txn_category_cluster_entertainment_share_delta_56v84,model_vars_category,-1000000,-999999.99999
bank_txn_category_cluster_entertainment_share_delta_84v168,model_vars_category,-1000000,-999999.99999
bank_txn_category_cluster_entertainment_share_delta_168v182,model_vars_category,-1000000,-999999.99999
bank_txn_category_cluster_entertainment_share_accel_7_14_28,model_vars_category,-1000000,-999999.99999
bank_txn_category_cluster_entertainment_share_accel_14_28_56,model_vars_category,-1000000,-999999.99999
bank_txn_category_cluster_entertainment_share_accel_28_56_84,model_vars_category,-1000000,-999999.99999
bank_txn_category_cluster_entertainment_share_accel_56_84_168,model_vars_category,-1000000,-999999.99999
bank_txn_category_cluster_entertainment_share_accel_84_168_182,model_vars_category,-1000000,-999999.99999
bank_txn_category_cluster_travel_share_delta_7v14,model_vars_category,-1000000,-999999.99999
bank_txn_category_cluster_travel_share_delta_14v28,model_vars_category,-1000000,-999999.99999
bank_txn_category_cluster_travel_share_delta_28v56,model_vars_category,-1000000,-999999.99999
bank_txn_category_cluster_travel_share_delta_56v84,model_vars_category,-1000000,-999999.99999
bank_txn_category_cluster_travel_share_delta_84v168,model_vars_category,-1000000,-999999.99999
bank_txn_category_cluster_travel_share_delta_168v182,model_vars_category,-1000000,-999999.99999
bank_txn_category_cluster_travel_share_accel_7_14_28,model_vars_category,-1000000,-999999.99999
bank_txn_category_cluster_travel_share_accel_14_28_56,model_vars_category,-1000000,-999999.99999
bank_txn_category_cluster_travel_share_accel_28_56_84,model_vars_category,-1000000,-999999.99999
bank_txn_category_cluster_travel_share_accel_56_84_168,model_vars_category,-1000000,-999999.99999
bank_txn_category_cluster_travel_share_accel_84_168_182,model_vars_category,-1000000,-999999.99999
bank_txn_category_cluster_retail_share_delta_7v14,model_vars_category,-1000000,-999999.99999
bank_txn_category_cluster_retail_share_delta_14v28,model_vars_category,-1000000,-999999.99999
bank_txn_category_cluster_retail_share_delta_28v56,model_vars_category,-1000000,-999999.99999
bank_txn_category_cluster_retail_share_delta_56v84,model_vars_category,-1000000,-999999.99999
bank_txn_category_cluster_retail_share_delta_84v168,model_vars_category,-1000000,-999999.99999
bank_txn_category_cluster_retail_share_delta_168v182,model_vars_category,-1000000,-999999.99999
bank_txn_category_cluster_retail_share_accel_7_14_28,model_vars_category,-1000000,-999999.99999
bank_txn_category_cluster_retail_share_accel_14_28_56,model_vars_category,-1000000,-999999.99999
bank_txn_category_cluster_retail_share_accel_28_56_84,model_vars_category,-1000000,-999999.99999
bank_txn_category_cluster_retail_share_accel_56_84_168,model_vars_category,-1000000,-999999.99999
bank_txn_category_cluster_retail_share_accel_84_168_182,model_vars_category,-1000000,-999999.99999
bank_txn_balance_max_7d,model_vars_balance,-1000000,-999999.99999
bank_txn_balance_min_7d,model_vars_balance,-1000000,-999999.99999
bank_txn_balance_mean_7d,model_vars_balance,-1000000,-999999.99999
bank_txn_balance_std_7d,model_vars_balance,-1000000,-999999.99999
bank_txn_balance_anomaly_days_7d,model_vars_balance,-1000000,-999999.99999
bank_txn_balance_fluctuation_anomaly_days_7d,model_vars_balance,-1000000,-999999.99999
bank_txn_balance_streak_inc_max_7d,model_vars_balance,-1000000,-999999.99999
bank_txn_balance_streak_dec_max_7d,model_vars_balance,-1000000,-999999.99999
bank_txn_balance_rate_inc_max_7d,model_vars_balance,-1000000,-999999.99999
bank_txn_balance_rate_dec_max_7d,model_vars_balance,-1000000,-999999.99999
bank_txn_balance_dev_from_hist_mean_7d,model_vars_balance,-1000000,-999999.99999
bank_txn_balance_unchanged_days_7d,model_vars_balance,-1000000,-999999.99999
bank_txn_balance_debit_sum_7d,model_vars_balance,-1000000,-999999.99999
bank_txn_balance_debit_mean_7d,model_vars_balance,-1000000,-999999.99999
bank_txn_balance_debit_max_7d,model_vars_balance,-1000000,-999999.99999
bank_txn_balance_debit_days_7d,model_vars_balance,-1000000,-999999.99999
bank_txn_balance_debit_freq_7d,model_vars_balance,-1000000,-999999.99999
bank_txn_balance_debit_no_txn_ratio_7d,model_vars_balance,-1000000,-999999.99999
bank_txn_balance_debit_std_7d,model_vars_balance,-1000000,-999999.99999
bank_txn_balance_debit_cv_7d,model_vars_balance,-1000000,-999999.99999
bank_txn_balance_debit_max_ratio_7d,model_vars_balance,-1000000,-999999.99999
bank_txn_balance_debit_fortnight_amount_7d,model_vars_balance,-1000000,-999999.99999
bank_txn_balance_debit_fortnight_days_7d,model_vars_balance,-1000000,-999999.99999
bank_txn_balance_debit_concentration_7d,model_vars_balance,-1000000,-999999.99999
bank_txn_balance_debit_big_ratio_7d,model_vars_balance,-1000000,-999999.99999
bank_txn_balance_credit_sum_7d,model_vars_balance,-1000000,-999999.99999
bank_txn_balance_credit_mean_7d,model_vars_balance,-1000000,-999999.99999
bank_txn_balance_credit_max_7d,model_vars_balance,-1000000,-999999.99999
bank_txn_balance_credit_days_7d,model_vars_balance,-1000000,-999999.99999
bank_txn_balance_credit_freq_7d,model_vars_balance,-1000000,-999999.99999
bank_txn_balance_credit_no_txn_ratio_7d,model_vars_balance,-1000000,-999999.99999
bank_txn_balance_credit_std_7d,model_vars_balance,-1000000,-999999.99999
bank_txn_balance_credit_cv_7d,model_vars_balance,-1000000,-999999.99999
bank_txn_balance_credit_max_ratio_7d,model_vars_balance,-1000000,-999999.99999
bank_txn_balance_credit_fortnight_amount_7d,model_vars_balance,-1000000,-999999.99999
bank_txn_balance_credit_fortnight_days_7d,model_vars_balance,-1000000,-999999.99999
bank_txn_balance_credit_concentration_7d,model_vars_balance,-1000000,-999999.99999
bank_txn_balance_credit_big_ratio_7d,model_vars_balance,-1000000,-999999.99999
bank_txn_balance_global_balance_to_debit_ratio_mean_7d,model_vars_balance,-1000000,-999999.99999
bank_txn_balance_debit_after_big_avg_drop_7d,model_vars_balance,-1000000,-999999.99999
bank_txn_balance_slope_7d,model_vars_balance,-1000000,-999999.99999
bank_txn_balance_extreme_ratio_7d,model_vars_balance,-1000000,-999999.99999
bank_txn_balance_debit_corr_7d,model_vars_balance,-1000000,-999999.99999
bank_txn_balance_netinflow_corr_7d,model_vars_balance,-1000000,-999999.99999
bank_txn_balance_autocorr1_7d,model_vars_balance,-1000000,-999999.99999
bank_txn_balance_quad_curvature_7d,model_vars_balance,-1000000,-999999.99999
bank_txn_balance_monotonicity_7d,model_vars_balance,-1000000,-999999.99999
bank_txn_balance_cv_7d,model_vars_balance,-1000000,-999999.99999
bank_txn_balance_volatility_7d,model_vars_balance,-1000000,-999999.99999
bank_txn_balance_max_drawdown_7d,model_vars_balance,-1000000,-999999.99999
bank_txn_balance_skewness_7d,model_vars_balance,-1000000,-999999.99999
bank_txn_balance_kurtosis_7d,model_vars_balance,-1000000,-999999.99999
bank_txn_balance_hurst_7d,model_vars_balance,-1000000,-999999.99999
bank_txn_balance_ols_slope_7d,model_vars_balance,-1000000,-999999.99999
bank_txn_balance_ols_r2_7d,model_vars_balance,-1000000,-999999.99999
bank_txn_balance_poly2_slope1_7d,model_vars_balance,-1000000,-999999.99999
bank_txn_balance_poly2_r2_7d,model_vars_balance,-1000000,-999999.99999
bank_txn_balance_ridge1_slope_7d,model_vars_balance,-1000000,-999999.99999
bank_txn_balance_ridge1_r2_7d,model_vars_balance,-1000000,-999999.99999
bank_txn_balance_theilsen_slope_7d,model_vars_balance,-1000000,-999999.99999
bank_txn_balance_ar1_phi_7d,model_vars_balance,-1000000,-999999.99999
bank_txn_balance_ar1_c_7d,model_vars_balance,-1000000,-999999.99999
bank_txn_balance_ar1_resid_std_7d,model_vars_balance,-1000000,-999999.99999
bank_txn_balance_ewma_resid_mae_7d,model_vars_balance,-1000000,-999999.99999
bank_txn_balance_ewma_resid_std_7d,model_vars_balance,-1000000,-999999.99999
bank_txn_balance_ewma_resid_ac1_7d,model_vars_balance,-1000000,-999999.99999
bank_txn_balance_kmeans2_sep_7d,model_vars_balance,-1000000,-999999.99999
bank_txn_balance_kmeans2_wcss_7d,model_vars_balance,-1000000,-999999.99999
bank_txn_balance_kmeans2_c0_7d,model_vars_balance,-1000000,-999999.99999
bank_txn_balance_kmeans2_c1_7d,model_vars_balance,-1000000,-999999.99999
bank_txn_balance_kmeans2_size0_7d,model_vars_balance,-1000000,-999999.99999
bank_txn_balance_kmeans2_size1_7d,model_vars_balance,-1000000,-999999.99999
bank_txn_balance_global_pca_var_exp_7d,model_vars_balance,-1000000,-999999.99999
bank_txn_balance_global_pca_pc1_loading_balance_7d,model_vars_balance,-1000000,-999999.99999
bank_txn_balance_global_pca_pc1_loading_credit_7d,model_vars_balance,-1000000,-999999.99999
bank_txn_balance_global_pca_pc1_loading_debit_7d,model_vars_balance,-1000000,-999999.99999
bank_txn_balance_kgram1_pos_7d,model_vars_balance,-1000000,-999999.99999
bank_txn_balance_kgram1_neg_7d,model_vars_balance,-1000000,-999999.99999
bank_txn_balance_kgram1_zero_7d,model_vars_balance,-1000000,-999999.99999
bank_txn_balance_kgram2-1_-1_7d,model_vars_balance,-1000000,-999999.99999
bank_txn_balance_kgram2-1_0_7d,model_vars_balance,-1000000,-999999.99999
bank_txn_balance_kgram2-1_1_7d,model_vars_balance,-1000000,-999999.99999
bank_txn_balance_kgram20_-1_7d,model_vars_balance,-1000000,-999999.99999
bank_txn_balance_kgram20_0_7d,model_vars_balance,-1000000,-999999.99999
bank_txn_balance_kgram20_1_7d,model_vars_balance,-1000000,-999999.99999
bank_txn_balance_kgram21_-1_7d,model_vars_balance,-1000000,-999999.99999
bank_txn_balance_kgram21_0_7d,model_vars_balance,-1000000,-999999.99999
bank_txn_balance_kgram21_1_7d,model_vars_balance,-1000000,-999999.99999
bank_txn_balance_sign_change_count_7d,model_vars_balance,-1000000,-999999.99999
bank_txn_balance_positive_return_ratio_7d,model_vars_balance,-1000000,-999999.99999
bank_txn_balance_below_avg_ratio_7d,model_vars_balance,-1000000,-999999.99999
bank_txn_balance_pct_change_mean_7d,model_vars_balance,-1000000,-999999.99999
bank_txn_balance_pct_change_std_7d,model_vars_balance,-1000000,-999999.99999
bank_txn_balance_autocorr7_7d,model_vars_balance,-1000000,-999999.99999
bank_txn_balance_credit_autocorr7_7d,model_vars_balance,-1000000,-999999.99999
bank_txn_balance_debit_autocorr7_7d,model_vars_balance,-1000000,-999999.99999
bank_txn_balance_snapshot_last_7d,model_vars_balance,-1000000,-999999.99999
bank_txn_balance_credit_snapshot_last_7d,model_vars_balance,-1000000,-999999.99999
bank_txn_balance_debit_snapshot_last_7d,model_vars_balance,-1000000,-999999.99999
bank_txn_balance_credit_gini_7d,model_vars_balance,-1000000,-999999.99999
bank_txn_balance_debit_gini_7d,model_vars_balance,-1000000,-999999.99999
bank_txn_balance_credit_entropy_7d,model_vars_balance,-1000000,-999999.99999
bank_txn_balance_debit_entropy_7d,model_vars_balance,-1000000,-999999.99999
bank_txn_balance_credit_top1_share_7d,model_vars_balance,-1000000,-999999.99999
bank_txn_balance_debit_top1_share_7d,model_vars_balance,-1000000,-999999.99999
bank_txn_balance_credit_gap_mean_7d,model_vars_balance,-1000000,-999999.99999
bank_txn_balance_credit_gap_max_7d,model_vars_balance,-1000000,-999999.99999
bank_txn_balance_debit_gap_mean_7d,model_vars_balance,-1000000,-999999.99999
bank_txn_balance_debit_gap_max_7d,model_vars_balance,-1000000,-999999.99999
bank_txn_balance_debit_tail_ratio_7d,model_vars_balance,-1000000,-999999.99999
bank_txn_balance_credit_tail_ratio_7d,model_vars_balance,-1000000,-999999.99999
bank_txn_balance_global_debit_credit_ratio_7d,model_vars_balance,-1000000,-999999.99999
bank_txn_balance_global_coverage_ratio_7d,model_vars_balance,-1000000,-999999.99999
bank_txn_balance_global_savings_rate_7d,model_vars_balance,-1000000,-999999.99999
bank_txn_balance_global_net_burn_per_day_7d,model_vars_balance,-1000000,-999999.99999
bank_txn_balance_max_14d,model_vars_balance,-1000000,-999999.99999
bank_txn_balance_min_14d,model_vars_balance,-1000000,-999999.99999
bank_txn_balance_mean_14d,model_vars_balance,-1000000,-999999.99999
bank_txn_balance_std_14d,model_vars_balance,-1000000,-999999.99999
bank_txn_balance_anomaly_days_14d,model_vars_balance,-1000000,-999999.99999
bank_txn_balance_fluctuation_anomaly_days_14d,model_vars_balance,-1000000,-999999.99999
bank_txn_balance_streak_inc_max_14d,model_vars_balance,-1000000,-999999.99999
bank_txn_balance_streak_dec_max_14d,model_vars_balance,-1000000,-999999.99999
bank_txn_balance_rate_inc_max_14d,model_vars_balance,-1000000,-999999.99999
bank_txn_balance_rate_dec_max_14d,model_vars_balance,-1000000,-999999.99999
bank_txn_balance_dev_from_hist_mean_14d,model_vars_balance,-1000000,-999999.99999
bank_txn_balance_unchanged_days_14d,model_vars_balance,-1000000,-999999.99999
bank_txn_balance_debit_sum_14d,model_vars_balance,-1000000,-999999.99999
bank_txn_balance_debit_mean_14d,model_vars_balance,-1000000,-999999.99999
bank_txn_balance_debit_max_14d,model_vars_balance,-1000000,-999999.99999
bank_txn_balance_debit_days_14d,model_vars_balance,-1000000,-999999.99999
bank_txn_balance_debit_freq_14d,model_vars_balance,-1000000,-999999.99999
bank_txn_balance_debit_no_txn_ratio_14d,model_vars_balance,-1000000,-999999.99999
bank_txn_balance_debit_std_14d,model_vars_balance,-1000000,-999999.99999
bank_txn_balance_debit_cv_14d,model_vars_balance,-1000000,-999999.99999
bank_txn_balance_debit_max_ratio_14d,model_vars_balance,-1000000,-999999.99999
bank_txn_balance_debit_fortnight_amount_14d,model_vars_balance,-1000000,-999999.99999
bank_txn_balance_debit_fortnight_days_14d,model_vars_balance,-1000000,-999999.99999
bank_txn_balance_debit_concentration_14d,model_vars_balance,-1000000,-999999.99999
bank_txn_balance_debit_big_ratio_14d,model_vars_balance,-1000000,-999999.99999
bank_txn_balance_credit_sum_14d,model_vars_balance,-1000000,-999999.99999
bank_txn_balance_credit_mean_14d,model_vars_balance,-1000000,-999999.99999
bank_txn_balance_credit_max_14d,model_vars_balance,-1000000,-999999.99999
bank_txn_balance_credit_days_14d,model_vars_balance,-1000000,-999999.99999
bank_txn_balance_credit_freq_14d,model_vars_balance,-1000000,-999999.99999
bank_txn_balance_credit_no_txn_ratio_14d,model_vars_balance,-1000000,-999999.99999
bank_txn_balance_credit_std_14d,model_vars_balance,-1000000,-999999.99999
bank_txn_balance_credit_cv_14d,model_vars_balance,-1000000,-999999.99999
bank_txn_balance_credit_max_ratio_14d,model_vars_balance,-1000000,-999999.99999
bank_txn_balance_credit_fortnight_amount_14d,model_vars_balance,-1000000,-999999.99999
bank_txn_balance_credit_fortnight_days_14d,model_vars_balance,-1000000,-999999.99999
bank_txn_balance_credit_concentration_14d,model_vars_balance,-1000000,-999999.99999
bank_txn_balance_credit_big_ratio_14d,model_vars_balance,-1000000,-999999.99999
bank_txn_balance_global_balance_to_debit_ratio_mean_14d,model_vars_balance,-1000000,-999999.99999
bank_txn_balance_debit_after_big_avg_drop_14d,model_vars_balance,-1000000,-999999.99999
bank_txn_balance_slope_14d,model_vars_balance,-1000000,-999999.99999
bank_txn_balance_extreme_ratio_14d,model_vars_balance,-1000000,-999999.99999
bank_txn_balance_debit_corr_14d,model_vars_balance,-1000000,-999999.99999
bank_txn_balance_netinflow_corr_14d,model_vars_balance,-1000000,-999999.99999
bank_txn_balance_autocorr1_14d,model_vars_balance,-1000000,-999999.99999
bank_txn_balance_quad_curvature_14d,model_vars_balance,-1000000,-999999.99999
bank_txn_balance_monotonicity_14d,model_vars_balance,-1000000,-999999.99999
bank_txn_balance_cv_14d,model_vars_balance,-1000000,-999999.99999
bank_txn_balance_volatility_14d,model_vars_balance,-1000000,-999999.99999
bank_txn_balance_max_drawdown_14d,model_vars_balance,-1000000,-999999.99999
bank_txn_balance_skewness_14d,model_vars_balance,-1000000,-999999.99999
bank_txn_balance_kurtosis_14d,model_vars_balance,-1000000,-999999.99999
bank_txn_balance_hurst_14d,model_vars_balance,-1000000,-999999.99999
bank_txn_balance_ols_slope_14d,model_vars_balance,-1000000,-999999.99999
bank_txn_balance_ols_r2_14d,model_vars_balance,-1000000,-999999.99999
bank_txn_balance_poly2_slope1_14d,model_vars_balance,-1000000,-999999.99999
bank_txn_balance_poly2_r2_14d,model_vars_balance,-1000000,-999999.99999
bank_txn_balance_ridge1_slope_14d,model_vars_balance,-1000000,-999999.99999
bank_txn_balance_ridge1_r2_14d,model_vars_balance,-1000000,-999999.99999
bank_txn_balance_theilsen_slope_14d,model_vars_balance,-1000000,-999999.99999
bank_txn_balance_ar1_phi_14d,model_vars_balance,-1000000,-999999.99999
bank_txn_balance_ar1_c_14d,model_vars_balance,-1000000,-999999.99999
bank_txn_balance_ar1_resid_std_14d,model_vars_balance,-1000000,-999999.99999
bank_txn_balance_ewma_resid_mae_14d,model_vars_balance,-1000000,-999999.99999
bank_txn_balance_ewma_resid_std_14d,model_vars_balance,-1000000,-999999.99999
bank_txn_balance_ewma_resid_ac1_14d,model_vars_balance,-1000000,-999999.99999
bank_txn_balance_kmeans2_sep_14d,model_vars_balance,-1000000,-999999.99999
bank_txn_balance_kmeans2_wcss_14d,model_vars_balance,-1000000,-999999.99999
bank_txn_balance_kmeans2_c0_14d,model_vars_balance,-1000000,-999999.99999
bank_txn_balance_kmeans2_c1_14d,model_vars_balance,-1000000,-999999.99999
bank_txn_balance_kmeans2_size0_14d,model_vars_balance,-1000000,-999999.99999
bank_txn_balance_kmeans2_size1_14d,model_vars_balance,-1000000,-999999.99999
bank_txn_balance_global_pca_var_exp_14d,model_vars_balance,-1000000,-999999.99999
bank_txn_balance_global_pca_pc1_loading_balance_14d,model_vars_balance,-1000000,-999999.99999
bank_txn_balance_global_pca_pc1_loading_credit_14d,model_vars_balance,-1000000,-999999.99999
bank_txn_balance_global_pca_pc1_loading_debit_14d,model_vars_balance,-1000000,-999999.99999
bank_txn_balance_kgram1_pos_14d,model_vars_balance,-1000000,-999999.99999
bank_txn_balance_kgram1_neg_14d,model_vars_balance,-1000000,-999999.99999
bank_txn_balance_kgram1_zero_14d,model_vars_balance,-1000000,-999999.99999
bank_txn_balance_kgram2-1_-1_14d,model_vars_balance,-1000000,-999999.99999
bank_txn_balance_kgram2-1_0_14d,model_vars_balance,-1000000,-999999.99999
bank_txn_balance_kgram2-1_1_14d,model_vars_balance,-1000000,-999999.99999
bank_txn_balance_kgram20_-1_14d,model_vars_balance,-1000000,-999999.99999
bank_txn_balance_kgram20_0_14d,model_vars_balance,-1000000,-999999.99999
bank_txn_balance_kgram20_1_14d,model_vars_balance,-1000000,-999999.99999
bank_txn_balance_kgram21_-1_14d,model_vars_balance,-1000000,-999999.99999
bank_txn_balance_kgram21_0_14d,model_vars_balance,-1000000,-999999.99999
bank_txn_balance_kgram21_1_14d,model_vars_balance,-1000000,-999999.99999
bank_txn_balance_sign_change_count_14d,model_vars_balance,-1000000,-999999.99999
bank_txn_balance_positive_return_ratio_14d,model_vars_balance,-1000000,-999999.99999
bank_txn_balance_below_avg_ratio_14d,model_vars_balance,-1000000,-999999.99999
bank_txn_balance_pct_change_mean_14d,model_vars_balance,-1000000,-999999.99999
bank_txn_balance_pct_change_std_14d,model_vars_balance,-1000000,-999999.99999
bank_txn_balance_autocorr7_14d,model_vars_balance,-1000000,-999999.99999
bank_txn_balance_credit_autocorr7_14d,model_vars_balance,-1000000,-999999.99999
bank_txn_balance_debit_autocorr7_14d,model_vars_balance,-1000000,-999999.99999
bank_txn_balance_snapshot_last_14d,model_vars_balance,-1000000,-999999.99999
bank_txn_balance_credit_snapshot_last_14d,model_vars_balance,-1000000,-999999.99999
bank_txn_balance_debit_snapshot_last_14d,model_vars_balance,-1000000,-999999.99999
bank_txn_balance_credit_gini_14d,model_vars_balance,-1000000,-999999.99999
bank_txn_balance_debit_gini_14d,model_vars_balance,-1000000,-999999.99999
bank_txn_balance_credit_entropy_14d,model_vars_balance,-1000000,-999999.99999
bank_txn_balance_debit_entropy_14d,model_vars_balance,-1000000,-999999.99999
bank_txn_balance_credit_top1_share_14d,model_vars_balance,-1000000,-999999.99999
bank_txn_balance_debit_top1_share_14d,model_vars_balance,-1000000,-999999.99999
bank_txn_balance_credit_gap_mean_14d,model_vars_balance,-1000000,-999999.99999
bank_txn_balance_credit_gap_max_14d,model_vars_balance,-1000000,-999999.99999
bank_txn_balance_debit_gap_mean_14d,model_vars_balance,-1000000,-999999.99999
bank_txn_balance_debit_gap_max_14d,model_vars_balance,-1000000,-999999.99999
bank_txn_balance_debit_tail_ratio_14d,model_vars_balance,-1000000,-999999.99999
bank_txn_balance_credit_tail_ratio_14d,model_vars_balance,-1000000,-999999.99999
bank_txn_balance_global_debit_credit_ratio_14d,model_vars_balance,-1000000,-999999.99999
bank_txn_balance_global_coverage_ratio_14d,model_vars_balance,-1000000,-999999.99999
bank_txn_balance_global_savings_rate_14d,model_vars_balance,-1000000,-999999.99999
bank_txn_balance_global_net_burn_per_day_14d,model_vars_balance,-1000000,-999999.99999
bank_txn_balance_max_28d,model_vars_balance,-1000000,-999999.99999
bank_txn_balance_min_28d,model_vars_balance,-1000000,-999999.99999
bank_txn_balance_mean_28d,model_vars_balance,-1000000,-999999.99999
bank_txn_balance_std_28d,model_vars_balance,-1000000,-999999.99999
bank_txn_balance_anomaly_days_28d,model_vars_balance,-1000000,-999999.99999
bank_txn_balance_fluctuation_anomaly_days_28d,model_vars_balance,-1000000,-999999.99999
bank_txn_balance_streak_inc_max_28d,model_vars_balance,-1000000,-999999.99999
bank_txn_balance_streak_dec_max_28d,model_vars_balance,-1000000,-999999.99999
bank_txn_balance_rate_inc_max_28d,model_vars_balance,-1000000,-999999.99999
bank_txn_balance_rate_dec_max_28d,model_vars_balance,-1000000,-999999.99999
bank_txn_balance_dev_from_hist_mean_28d,model_vars_balance,-1000000,-999999.99999
bank_txn_balance_unchanged_days_28d,model_vars_balance,-1000000,-999999.99999
bank_txn_balance_debit_sum_28d,model_vars_balance,-1000000,-999999.99999
bank_txn_balance_debit_mean_28d,model_vars_balance,-1000000,-999999.99999
bank_txn_balance_debit_max_28d,model_vars_balance,-1000000,-999999.99999
bank_txn_balance_debit_days_28d,model_vars_balance,-1000000,-999999.99999
bank_txn_balance_debit_freq_28d,model_vars_balance,-1000000,-999999.99999
bank_txn_balance_debit_no_txn_ratio_28d,model_vars_balance,-1000000,-999999.99999
bank_txn_balance_debit_std_28d,model_vars_balance,-1000000,-999999.99999
bank_txn_balance_debit_cv_28d,model_vars_balance,-1000000,-999999.99999
bank_txn_balance_debit_max_ratio_28d,model_vars_balance,-1000000,-999999.99999
bank_txn_balance_debit_fortnight_amount_28d,model_vars_balance,-1000000,-999999.99999
bank_txn_balance_debit_fortnight_days_28d,model_vars_balance,-1000000,-999999.99999
bank_txn_balance_debit_concentration_28d,model_vars_balance,-1000000,-999999.99999
bank_txn_balance_debit_big_ratio_28d,model_vars_balance,-1000000,-999999.99999
bank_txn_balance_credit_sum_28d,model_vars_balance,-1000000,-999999.99999
bank_txn_balance_credit_mean_28d,model_vars_balance,-1000000,-999999.99999
bank_txn_balance_credit_max_28d,model_vars_balance,-1000000,-999999.99999
bank_txn_balance_credit_days_28d,model_vars_balance,-1000000,-999999.99999
bank_txn_balance_credit_freq_28d,model_vars_balance,-1000000,-999999.99999
bank_txn_balance_credit_no_txn_ratio_28d,model_vars_balance,-1000000,-999999.99999
bank_txn_balance_credit_std_28d,model_vars_balance,-1000000,-999999.99999
bank_txn_balance_credit_cv_28d,model_vars_balance,-1000000,-999999.99999
bank_txn_balance_credit_max_ratio_28d,model_vars_balance,-1000000,-999999.99999
bank_txn_balance_credit_fortnight_amount_28d,model_vars_balance,-1000000,-999999.99999
bank_txn_balance_credit_fortnight_days_28d,model_vars_balance,-1000000,-999999.99999
bank_txn_balance_credit_concentration_28d,model_vars_balance,-1000000,-999999.99999
bank_txn_balance_credit_big_ratio_28d,model_vars_balance,-1000000,-999999.99999
bank_txn_balance_global_balance_to_debit_ratio_mean_28d,model_vars_balance,-1000000,-999999.99999
bank_txn_balance_debit_after_big_avg_drop_28d,model_vars_balance,-1000000,-999999.99999
bank_txn_balance_slope_28d,model_vars_balance,-1000000,-999999.99999
bank_txn_balance_extreme_ratio_28d,model_vars_balance,-1000000,-999999.99999
bank_txn_balance_debit_corr_28d,model_vars_balance,-1000000,-999999.99999
bank_txn_balance_netinflow_corr_28d,model_vars_balance,-1000000,-999999.99999
bank_txn_balance_autocorr1_28d,model_vars_balance,-1000000,-999999.99999
bank_txn_balance_quad_curvature_28d,model_vars_balance,-1000000,-999999.99999
bank_txn_balance_monotonicity_28d,model_vars_balance,-1000000,-999999.99999
bank_txn_balance_cv_28d,model_vars_balance,-1000000,-999999.99999
bank_txn_balance_volatility_28d,model_vars_balance,-1000000,-999999.99999
bank_txn_balance_max_drawdown_28d,model_vars_balance,-1000000,-999999.99999
bank_txn_balance_skewness_28d,model_vars_balance,-1000000,-999999.99999
bank_txn_balance_kurtosis_28d,model_vars_balance,-1000000,-999999.99999
bank_txn_balance_hurst_28d,model_vars_balance,-1000000,-999999.99999
bank_txn_balance_ols_slope_28d,model_vars_balance,-1000000,-999999.99999
bank_txn_balance_ols_r2_28d,model_vars_balance,-1000000,-999999.99999
bank_txn_balance_poly2_slope1_28d,model_vars_balance,-1000000,-999999.99999
bank_txn_balance_poly2_r2_28d,model_vars_balance,-1000000,-999999.99999
bank_txn_balance_ridge1_slope_28d,model_vars_balance,-1000000,-999999.99999
bank_txn_balance_ridge1_r2_28d,model_vars_balance,-1000000,-999999.99999
bank_txn_balance_theilsen_slope_28d,model_vars_balance,-1000000,-999999.99999
bank_txn_balance_ar1_phi_28d,model_vars_balance,-1000000,-999999.99999
bank_txn_balance_ar1_c_28d,model_vars_balance,-1000000,-999999.99999
bank_txn_balance_ar1_resid_std_28d,model_vars_balance,-1000000,-999999.99999
bank_txn_balance_ewma_resid_mae_28d,model_vars_balance,-1000000,-999999.99999
bank_txn_balance_ewma_resid_std_28d,model_vars_balance,-1000000,-999999.99999
bank_txn_balance_ewma_resid_ac1_28d,model_vars_balance,-1000000,-999999.99999
bank_txn_balance_kmeans2_sep_28d,model_vars_balance,-1000000,-999999.99999
bank_txn_balance_kmeans2_wcss_28d,model_vars_balance,-1000000,-999999.99999
bank_txn_balance_kmeans2_c0_28d,model_vars_balance,-1000000,-999999.99999
bank_txn_balance_kmeans2_c1_28d,model_vars_balance,-1000000,-999999.99999
bank_txn_balance_kmeans2_size0_28d,model_vars_balance,-1000000,-999999.99999
bank_txn_balance_kmeans2_size1_28d,model_vars_balance,-1000000,-999999.99999
bank_txn_balance_global_pca_var_exp_28d,model_vars_balance,-1000000,-999999.99999
bank_txn_balance_global_pca_pc1_loading_balance_28d,model_vars_balance,-1000000,-999999.99999
bank_txn_balance_global_pca_pc1_loading_credit_28d,model_vars_balance,-1000000,-999999.99999
bank_txn_balance_global_pca_pc1_loading_debit_28d,model_vars_balance,-1000000,-999999.99999
bank_txn_balance_kgram1_pos_28d,model_vars_balance,-1000000,-999999.99999
bank_txn_balance_kgram1_neg_28d,model_vars_balance,-1000000,-999999.99999
bank_txn_balance_kgram1_zero_28d,model_vars_balance,-1000000,-999999.99999
bank_txn_balance_kgram2-1_-1_28d,model_vars_balance,-1000000,-999999.99999
bank_txn_balance_kgram2-1_0_28d,model_vars_balance,-1000000,-999999.99999
bank_txn_balance_kgram2-1_1_28d,model_vars_balance,-1000000,-999999.99999
bank_txn_balance_kgram20_-1_28d,model_vars_balance,-1000000,-999999.99999
bank_txn_balance_kgram20_0_28d,model_vars_balance,-1000000,-999999.99999
bank_txn_balance_kgram20_1_28d,model_vars_balance,-1000000,-999999.99999
bank_txn_balance_kgram21_-1_28d,model_vars_balance,-1000000,-999999.99999
bank_txn_balance_kgram21_0_28d,model_vars_balance,-1000000,-999999.99999
bank_txn_balance_kgram21_1_28d,model_vars_balance,-1000000,-999999.99999
bank_txn_balance_sign_change_count_28d,model_vars_balance,-1000000,-999999.99999
bank_txn_balance_positive_return_ratio_28d,model_vars_balance,-1000000,-999999.99999
bank_txn_balance_below_avg_ratio_28d,model_vars_balance,-1000000,-999999.99999
bank_txn_balance_pct_change_mean_28d,model_vars_balance,-1000000,-999999.99999
bank_txn_balance_pct_change_std_28d,model_vars_balance,-1000000,-999999.99999
bank_txn_balance_autocorr7_28d,model_vars_balance,-1000000,-999999.99999
bank_txn_balance_credit_autocorr7_28d,model_vars_balance,-1000000,-999999.99999
bank_txn_balance_debit_autocorr7_28d,model_vars_balance,-1000000,-999999.99999
bank_txn_balance_snapshot_last_28d,model_vars_balance,-1000000,-999999.99999
bank_txn_balance_credit_snapshot_last_28d,model_vars_balance,-1000000,-999999.99999
bank_txn_balance_debit_snapshot_last_28d,model_vars_balance,-1000000,-999999.99999
bank_txn_balance_credit_gini_28d,model_vars_balance,-1000000,-999999.99999
bank_txn_balance_debit_gini_28d,model_vars_balance,-1000000,-999999.99999
bank_txn_balance_credit_entropy_28d,model_vars_balance,-1000000,-999999.99999
bank_txn_balance_debit_entropy_28d,model_vars_balance,-1000000,-999999.99999
bank_txn_balance_credit_top1_share_28d,model_vars_balance,-1000000,-999999.99999
bank_txn_balance_debit_top1_share_28d,model_vars_balance,-1000000,-999999.99999
bank_txn_balance_credit_gap_mean_28d,model_vars_balance,-1000000,-999999.99999
bank_txn_balance_credit_gap_max_28d,model_vars_balance,-1000000,-999999.99999
bank_txn_balance_debit_gap_mean_28d,model_vars_balance,-1000000,-999999.99999
bank_txn_balance_debit_gap_max_28d,model_vars_balance,-1000000,-999999.99999
bank_txn_balance_debit_tail_ratio_28d,model_vars_balance,-1000000,-999999.99999
bank_txn_balance_credit_tail_ratio_28d,model_vars_balance,-1000000,-999999.99999
bank_txn_balance_global_debit_credit_ratio_28d,model_vars_balance,-1000000,-999999.99999
bank_txn_balance_global_coverage_ratio_28d,model_vars_balance,-1000000,-999999.99999
bank_txn_balance_global_savings_rate_28d,model_vars_balance,-1000000,-999999.99999
bank_txn_balance_global_net_burn_per_day_28d,model_vars_balance,-1000000,-999999.99999
bank_txn_balance_max_56d,model_vars_balance,-1000000,-999999.99999
bank_txn_balance_min_56d,model_vars_balance,-1000000,-999999.99999
bank_txn_balance_mean_56d,model_vars_balance,-1000000,-999999.99999
bank_txn_balance_std_56d,model_vars_balance,-1000000,-999999.99999
bank_txn_balance_anomaly_days_56d,model_vars_balance,-1000000,-999999.99999
bank_txn_balance_fluctuation_anomaly_days_56d,model_vars_balance,-1000000,-999999.99999
bank_txn_balance_streak_inc_max_56d,model_vars_balance,-1000000,-999999.99999
bank_txn_balance_streak_dec_max_56d,model_vars_balance,-1000000,-999999.99999
bank_txn_balance_rate_inc_max_56d,model_vars_balance,-1000000,-999999.99999
bank_txn_balance_rate_dec_max_56d,model_vars_balance,-1000000,-999999.99999
bank_txn_balance_dev_from_hist_mean_56d,model_vars_balance,-1000000,-999999.99999
bank_txn_balance_unchanged_days_56d,model_vars_balance,-1000000,-999999.99999
bank_txn_balance_debit_sum_56d,model_vars_balance,-1000000,-999999.99999
bank_txn_balance_debit_mean_56d,model_vars_balance,-1000000,-999999.99999
bank_txn_balance_debit_max_56d,model_vars_balance,-1000000,-999999.99999
bank_txn_balance_debit_days_56d,model_vars_balance,-1000000,-999999.99999
bank_txn_balance_debit_freq_56d,model_vars_balance,-1000000,-999999.99999
bank_txn_balance_debit_no_txn_ratio_56d,model_vars_balance,-1000000,-999999.99999
bank_txn_balance_debit_std_56d,model_vars_balance,-1000000,-999999.99999
bank_txn_balance_debit_cv_56d,model_vars_balance,-1000000,-999999.99999
bank_txn_balance_debit_max_ratio_56d,model_vars_balance,-1000000,-999999.99999
bank_txn_balance_debit_fortnight_amount_56d,model_vars_balance,-1000000,-999999.99999
bank_txn_balance_debit_fortnight_days_56d,model_vars_balance,-1000000,-999999.99999
bank_txn_balance_debit_concentration_56d,model_vars_balance,-1000000,-999999.99999
bank_txn_balance_debit_big_ratio_56d,model_vars_balance,-1000000,-999999.99999
bank_txn_balance_credit_sum_56d,model_vars_balance,-1000000,-999999.99999
bank_txn_balance_credit_mean_56d,model_vars_balance,-1000000,-999999.99999
bank_txn_balance_credit_max_56d,model_vars_balance,-1000000,-999999.99999
bank_txn_balance_credit_days_56d,model_vars_balance,-1000000,-999999.99999
bank_txn_balance_credit_freq_56d,model_vars_balance,-1000000,-999999.99999
bank_txn_balance_credit_no_txn_ratio_56d,model_vars_balance,-1000000,-999999.99999
bank_txn_balance_credit_std_56d,model_vars_balance,-1000000,-999999.99999
bank_txn_balance_credit_cv_56d,model_vars_balance,-1000000,-999999.99999
bank_txn_balance_credit_max_ratio_56d,model_vars_balance,-1000000,-999999.99999
bank_txn_balance_credit_fortnight_amount_56d,model_vars_balance,-1000000,-999999.99999
bank_txn_balance_credit_fortnight_days_56d,model_vars_balance,-1000000,-999999.99999
bank_txn_balance_credit_concentration_56d,model_vars_balance,-1000000,-999999.99999
bank_txn_balance_credit_big_ratio_56d,model_vars_balance,-1000000,-999999.99999
bank_txn_balance_global_balance_to_debit_ratio_mean_56d,model_vars_balance,-1000000,-999999.99999
bank_txn_balance_debit_after_big_avg_drop_56d,model_vars_balance,-1000000,-999999.99999
bank_txn_balance_slope_56d,model_vars_balance,-1000000,-999999.99999
bank_txn_balance_extreme_ratio_56d,model_vars_balance,-1000000,-999999.99999
bank_txn_balance_debit_corr_56d,model_vars_balance,-1000000,-999999.99999
bank_txn_balance_netinflow_corr_56d,model_vars_balance,-1000000,-999999.99999
bank_txn_balance_autocorr1_56d,model_vars_balance,-1000000,-999999.99999
bank_txn_balance_quad_curvature_56d,model_vars_balance,-1000000,-999999.99999
bank_txn_balance_monotonicity_56d,model_vars_balance,-1000000,-999999.99999
bank_txn_balance_cv_56d,model_vars_balance,-1000000,-999999.99999
bank_txn_balance_volatility_56d,model_vars_balance,-1000000,-999999.99999
bank_txn_balance_max_drawdown_56d,model_vars_balance,-1000000,-999999.99999
bank_txn_balance_skewness_56d,model_vars_balance,-1000000,-999999.99999
bank_txn_balance_kurtosis_56d,model_vars_balance,-1000000,-999999.99999
bank_txn_balance_hurst_56d,model_vars_balance,-1000000,-999999.99999
bank_txn_balance_ols_slope_56d,model_vars_balance,-1000000,-999999.99999
bank_txn_balance_ols_r2_56d,model_vars_balance,-1000000,-999999.99999
bank_txn_balance_poly2_slope1_56d,model_vars_balance,-1000000,-999999.99999
bank_txn_balance_poly2_r2_56d,model_vars_balance,-1000000,-999999.99999
bank_txn_balance_ridge1_slope_56d,model_vars_balance,-1000000,-999999.99999
bank_txn_balance_ridge1_r2_56d,model_vars_balance,-1000000,-999999.99999
bank_txn_balance_theilsen_slope_56d,model_vars_balance,-1000000,-999999.99999
bank_txn_balance_ar1_phi_56d,model_vars_balance,-1000000,-999999.99999
bank_txn_balance_ar1_c_56d,model_vars_balance,-1000000,-999999.99999
bank_txn_balance_ar1_resid_std_56d,model_vars_balance,-1000000,-999999.99999
bank_txn_balance_ewma_resid_mae_56d,model_vars_balance,-1000000,-999999.99999
bank_txn_balance_ewma_resid_std_56d,model_vars_balance,-1000000,-999999.99999
bank_txn_balance_ewma_resid_ac1_56d,model_vars_balance,-1000000,-999999.99999
bank_txn_balance_kmeans2_sep_56d,model_vars_balance,-1000000,-999999.99999
bank_txn_balance_kmeans2_wcss_56d,model_vars_balance,-1000000,-999999.99999
bank_txn_balance_kmeans2_c0_56d,model_vars_balance,-1000000,-999999.99999
bank_txn_balance_kmeans2_c1_56d,model_vars_balance,-1000000,-999999.99999
bank_txn_balance_kmeans2_size0_56d,model_vars_balance,-1000000,-999999.99999
bank_txn_balance_kmeans2_size1_56d,model_vars_balance,-1000000,-999999.99999
bank_txn_balance_global_pca_var_exp_56d,model_vars_balance,-1000000,-999999.99999
bank_txn_balance_global_pca_pc1_loading_balance_56d,model_vars_balance,-1000000,-999999.99999
bank_txn_balance_global_pca_pc1_loading_credit_56d,model_vars_balance,-1000000,-999999.99999
bank_txn_balance_global_pca_pc1_loading_debit_56d,model_vars_balance,-1000000,-999999.99999
bank_txn_balance_kgram1_pos_56d,model_vars_balance,-1000000,-999999.99999
bank_txn_balance_kgram1_neg_56d,model_vars_balance,-1000000,-999999.99999
bank_txn_balance_kgram1_zero_56d,model_vars_balance,-1000000,-999999.99999
bank_txn_balance_kgram2-1_-1_56d,model_vars_balance,-1000000,-999999.99999
bank_txn_balance_kgram2-1_0_56d,model_vars_balance,-1000000,-999999.99999
bank_txn_balance_kgram2-1_1_56d,model_vars_balance,-1000000,-999999.99999
bank_txn_balance_kgram20_-1_56d,model_vars_balance,-1000000,-999999.99999
bank_txn_balance_kgram20_0_56d,model_vars_balance,-1000000,-999999.99999
bank_txn_balance_kgram20_1_56d,model_vars_balance,-1000000,-999999.99999
bank_txn_balance_kgram21_-1_56d,model_vars_balance,-1000000,-999999.99999
bank_txn_balance_kgram21_0_56d,model_vars_balance,-1000000,-999999.99999
bank_txn_balance_kgram21_1_56d,model_vars_balance,-1000000,-999999.99999
bank_txn_balance_sign_change_count_56d,model_vars_balance,-1000000,-999999.99999
bank_txn_balance_positive_return_ratio_56d,model_vars_balance,-1000000,-999999.99999
bank_txn_balance_below_avg_ratio_56d,model_vars_balance,-1000000,-999999.99999
bank_txn_balance_pct_change_mean_56d,model_vars_balance,-1000000,-999999.99999
bank_txn_balance_pct_change_std_56d,model_vars_balance,-1000000,-999999.99999
bank_txn_balance_autocorr7_56d,model_vars_balance,-1000000,-999999.99999
bank_txn_balance_credit_autocorr7_56d,model_vars_balance,-1000000,-999999.99999
bank_txn_balance_debit_autocorr7_56d,model_vars_balance,-1000000,-999999.99999
bank_txn_balance_snapshot_last_56d,model_vars_balance,-1000000,-999999.99999
bank_txn_balance_credit_snapshot_last_56d,model_vars_balance,-1000000,-999999.99999
bank_txn_balance_debit_snapshot_last_56d,model_vars_balance,-1000000,-999999.99999
bank_txn_balance_credit_gini_56d,model_vars_balance,-1000000,-999999.99999
bank_txn_balance_debit_gini_56d,model_vars_balance,-1000000,-999999.99999
bank_txn_balance_credit_entropy_56d,model_vars_balance,-1000000,-999999.99999
bank_txn_balance_debit_entropy_56d,model_vars_balance,-1000000,-999999.99999
bank_txn_balance_credit_top1_share_56d,model_vars_balance,-1000000,-999999.99999
bank_txn_balance_debit_top1_share_56d,model_vars_balance,-1000000,-999999.99999
bank_txn_balance_credit_gap_mean_56d,model_vars_balance,-1000000,-999999.99999
bank_txn_balance_credit_gap_max_56d,model_vars_balance,-1000000,-999999.99999
bank_txn_balance_debit_gap_mean_56d,model_vars_balance,-1000000,-999999.99999
bank_txn_balance_debit_gap_max_56d,model_vars_balance,-1000000,-999999.99999
bank_txn_balance_debit_tail_ratio_56d,model_vars_balance,-1000000,-999999.99999
bank_txn_balance_credit_tail_ratio_56d,model_vars_balance,-1000000,-999999.99999
bank_txn_balance_global_debit_credit_ratio_56d,model_vars_balance,-1000000,-999999.99999
bank_txn_balance_global_coverage_ratio_56d,model_vars_balance,-1000000,-999999.99999
bank_txn_balance_global_savings_rate_56d,model_vars_balance,-1000000,-999999.99999
bank_txn_balance_global_net_burn_per_day_56d,model_vars_balance,-1000000,-999999.99999
bank_txn_balance_max_84d,model_vars_balance,-1000000,-999999.99999
bank_txn_balance_min_84d,model_vars_balance,-1000000,-999999.99999
bank_txn_balance_mean_84d,model_vars_balance,-1000000,-999999.99999
bank_txn_balance_std_84d,model_vars_balance,-1000000,-999999.99999
bank_txn_balance_anomaly_days_84d,model_vars_balance,-1000000,-999999.99999
bank_txn_balance_fluctuation_anomaly_days_84d,model_vars_balance,-1000000,-999999.99999
bank_txn_balance_streak_inc_max_84d,model_vars_balance,-1000000,-999999.99999
bank_txn_balance_streak_dec_max_84d,model_vars_balance,-1000000,-999999.99999
bank_txn_balance_rate_inc_max_84d,model_vars_balance,-1000000,-999999.99999
bank_txn_balance_rate_dec_max_84d,model_vars_balance,-1000000,-999999.99999
bank_txn_balance_dev_from_hist_mean_84d,model_vars_balance,-1000000,-999999.99999
bank_txn_balance_unchanged_days_84d,model_vars_balance,-1000000,-999999.99999
bank_txn_balance_debit_sum_84d,model_vars_balance,-1000000,-999999.99999
bank_txn_balance_debit_mean_84d,model_vars_balance,-1000000,-999999.99999
bank_txn_balance_debit_max_84d,model_vars_balance,-1000000,-999999.99999
bank_txn_balance_debit_days_84d,model_vars_balance,-1000000,-999999.99999
bank_txn_balance_debit_freq_84d,model_vars_balance,-1000000,-999999.99999
bank_txn_balance_debit_no_txn_ratio_84d,model_vars_balance,-1000000,-999999.99999
bank_txn_balance_debit_std_84d,model_vars_balance,-1000000,-999999.99999
bank_txn_balance_debit_cv_84d,model_vars_balance,-1000000,-999999.99999
bank_txn_balance_debit_max_ratio_84d,model_vars_balance,-1000000,-999999.99999
bank_txn_balance_debit_fortnight_amount_84d,model_vars_balance,-1000000,-999999.99999
bank_txn_balance_debit_fortnight_days_84d,model_vars_balance,-1000000,-999999.99999
bank_txn_balance_debit_concentration_84d,model_vars_balance,-1000000,-999999.99999
bank_txn_balance_debit_big_ratio_84d,model_vars_balance,-1000000,-999999.99999
bank_txn_balance_credit_sum_84d,model_vars_balance,-1000000,-999999.99999
bank_txn_balance_credit_mean_84d,model_vars_balance,-1000000,-999999.99999
bank_txn_balance_credit_max_84d,model_vars_balance,-1000000,-999999.99999
bank_txn_balance_credit_days_84d,model_vars_balance,-1000000,-999999.99999
bank_txn_balance_credit_freq_84d,model_vars_balance,-1000000,-999999.99999
bank_txn_balance_credit_no_txn_ratio_84d,model_vars_balance,-1000000,-999999.99999
bank_txn_balance_credit_std_84d,model_vars_balance,-1000000,-999999.99999
bank_txn_balance_credit_cv_84d,model_vars_balance,-1000000,-999999.99999
bank_txn_balance_credit_max_ratio_84d,model_vars_balance,-1000000,-999999.99999
bank_txn_balance_credit_fortnight_amount_84d,model_vars_balance,-1000000,-999999.99999
bank_txn_balance_credit_fortnight_days_84d,model_vars_balance,-1000000,-999999.99999
bank_txn_balance_credit_concentration_84d,model_vars_balance,-1000000,-999999.99999
bank_txn_balance_credit_big_ratio_84d,model_vars_balance,-1000000,-999999.99999
bank_txn_balance_global_balance_to_debit_ratio_mean_84d,model_vars_balance,-1000000,-999999.99999
bank_txn_balance_debit_after_big_avg_drop_84d,model_vars_balance,-1000000,-999999.99999
bank_txn_balance_slope_84d,model_vars_balance,-1000000,-999999.99999
bank_txn_balance_extreme_ratio_84d,model_vars_balance,-1000000,-999999.99999
bank_txn_balance_debit_corr_84d,model_vars_balance,-1000000,-999999.99999
bank_txn_balance_netinflow_corr_84d,model_vars_balance,-1000000,-999999.99999
bank_txn_balance_autocorr1_84d,model_vars_balance,-1000000,-999999.99999
bank_txn_balance_quad_curvature_84d,model_vars_balance,-1000000,-999999.99999
bank_txn_balance_monotonicity_84d,model_vars_balance,-1000000,-999999.99999
bank_txn_balance_cv_84d,model_vars_balance,-1000000,-999999.99999
bank_txn_balance_volatility_84d,model_vars_balance,-1000000,-999999.99999
bank_txn_balance_max_drawdown_84d,model_vars_balance,-1000000,-999999.99999
bank_txn_balance_skewness_84d,model_vars_balance,-1000000,-999999.99999
bank_txn_balance_kurtosis_84d,model_vars_balance,-1000000,-999999.99999
bank_txn_balance_hurst_84d,model_vars_balance,-1000000,-999999.99999
bank_txn_balance_ols_slope_84d,model_vars_balance,-1000000,-999999.99999
bank_txn_balance_ols_r2_84d,model_vars_balance,-1000000,-999999.99999
bank_txn_balance_poly2_slope1_84d,model_vars_balance,-1000000,-999999.99999
bank_txn_balance_poly2_r2_84d,model_vars_balance,-1000000,-999999.99999
bank_txn_balance_ridge1_slope_84d,model_vars_balance,-1000000,-999999.99999
bank_txn_balance_ridge1_r2_84d,model_vars_balance,-1000000,-999999.99999
bank_txn_balance_theilsen_slope_84d,model_vars_balance,-1000000,-999999.99999
bank_txn_balance_ar1_phi_84d,model_vars_balance,-1000000,-999999.99999
bank_txn_balance_ar1_c_84d,model_vars_balance,-1000000,-999999.99999
bank_txn_balance_ar1_resid_std_84d,model_vars_balance,-1000000,-999999.99999
bank_txn_balance_ewma_resid_mae_84d,model_vars_balance,-1000000,-999999.99999
bank_txn_balance_ewma_resid_std_84d,model_vars_balance,-1000000,-999999.99999
bank_txn_balance_ewma_resid_ac1_84d,model_vars_balance,-1000000,-999999.99999
bank_txn_balance_kmeans2_sep_84d,model_vars_balance,-1000000,-999999.99999
bank_txn_balance_kmeans2_wcss_84d,model_vars_balance,-1000000,-999999.99999
bank_txn_balance_kmeans2_c0_84d,model_vars_balance,-1000000,-999999.99999
bank_txn_balance_kmeans2_c1_84d,model_vars_balance,-1000000,-999999.99999
bank_txn_balance_kmeans2_size0_84d,model_vars_balance,-1000000,-999999.99999
bank_txn_balance_kmeans2_size1_84d,model_vars_balance,-1000000,-999999.99999
bank_txn_balance_global_pca_var_exp_84d,model_vars_balance,-1000000,-999999.99999
bank_txn_balance_global_pca_pc1_loading_balance_84d,model_vars_balance,-1000000,-999999.99999
bank_txn_balance_global_pca_pc1_loading_credit_84d,model_vars_balance,-1000000,-999999.99999
bank_txn_balance_global_pca_pc1_loading_debit_84d,model_vars_balance,-1000000,-999999.99999
bank_txn_balance_kgram1_pos_84d,model_vars_balance,-1000000,-999999.99999
bank_txn_balance_kgram1_neg_84d,model_vars_balance,-1000000,-999999.99999
bank_txn_balance_kgram1_zero_84d,model_vars_balance,-1000000,-999999.99999
bank_txn_balance_kgram2-1_-1_84d,model_vars_balance,-1000000,-999999.99999
bank_txn_balance_kgram2-1_0_84d,model_vars_balance,-1000000,-999999.99999
bank_txn_balance_kgram2-1_1_84d,model_vars_balance,-1000000,-999999.99999
bank_txn_balance_kgram20_-1_84d,model_vars_balance,-1000000,-999999.99999
bank_txn_balance_kgram20_0_84d,model_vars_balance,-1000000,-999999.99999
bank_txn_balance_kgram20_1_84d,model_vars_balance,-1000000,-999999.99999
bank_txn_balance_kgram21_-1_84d,model_vars_balance,-1000000,-999999.99999
bank_txn_balance_kgram21_0_84d,model_vars_balance,-1000000,-999999.99999
bank_txn_balance_kgram21_1_84d,model_vars_balance,-1000000,-999999.99999
bank_txn_balance_sign_change_count_84d,model_vars_balance,-1000000,-999999.99999
bank_txn_balance_positive_return_ratio_84d,model_vars_balance,-1000000,-999999.99999
bank_txn_balance_below_avg_ratio_84d,model_vars_balance,-1000000,-999999.99999
bank_txn_balance_pct_change_mean_84d,model_vars_balance,-1000000,-999999.99999
bank_txn_balance_pct_change_std_84d,model_vars_balance,-1000000,-999999.99999
bank_txn_balance_autocorr7_84d,model_vars_balance,-1000000,-999999.99999
bank_txn_balance_credit_autocorr7_84d,model_vars_balance,-1000000,-999999.99999
bank_txn_balance_debit_autocorr7_84d,model_vars_balance,-1000000,-999999.99999
bank_txn_balance_snapshot_last_84d,model_vars_balance,-1000000,-999999.99999
bank_txn_balance_credit_snapshot_last_84d,model_vars_balance,-1000000,-999999.99999
bank_txn_balance_debit_snapshot_last_84d,model_vars_balance,-1000000,-999999.99999
bank_txn_balance_credit_gini_84d,model_vars_balance,-1000000,-999999.99999
bank_txn_balance_debit_gini_84d,model_vars_balance,-1000000,-999999.99999
bank_txn_balance_credit_entropy_84d,model_vars_balance,-1000000,-999999.99999
bank_txn_balance_debit_entropy_84d,model_vars_balance,-1000000,-999999.99999
bank_txn_balance_credit_top1_share_84d,model_vars_balance,-1000000,-999999.99999
bank_txn_balance_debit_top1_share_84d,model_vars_balance,-1000000,-999999.99999
bank_txn_balance_credit_gap_mean_84d,model_vars_balance,-1000000,-999999.99999
bank_txn_balance_credit_gap_max_84d,model_vars_balance,-1000000,-999999.99999
bank_txn_balance_debit_gap_mean_84d,model_vars_balance,-1000000,-999999.99999
bank_txn_balance_debit_gap_max_84d,model_vars_balance,-1000000,-999999.99999
bank_txn_balance_debit_tail_ratio_84d,model_vars_balance,-1000000,-999999.99999
bank_txn_balance_credit_tail_ratio_84d,model_vars_balance,-1000000,-999999.99999
bank_txn_balance_global_debit_credit_ratio_84d,model_vars_balance,-1000000,-999999.99999
bank_txn_balance_global_coverage_ratio_84d,model_vars_balance,-1000000,-999999.99999
bank_txn_balance_global_savings_rate_84d,model_vars_balance,-1000000,-999999.99999
bank_txn_balance_global_net_burn_per_day_84d,model_vars_balance,-1000000,-999999.99999
bank_txn_balance_max_168d,model_vars_balance,-1000000,-999999.99999
bank_txn_balance_min_168d,model_vars_balance,-1000000,-999999.99999
bank_txn_balance_mean_168d,model_vars_balance,-1000000,-999999.99999
bank_txn_balance_std_168d,model_vars_balance,-1000000,-999999.99999
bank_txn_balance_anomaly_days_168d,model_vars_balance,-1000000,-999999.99999
bank_txn_balance_fluctuation_anomaly_days_168d,model_vars_balance,-1000000,-999999.99999
bank_txn_balance_streak_inc_max_168d,model_vars_balance,-1000000,-999999.99999
bank_txn_balance_streak_dec_max_168d,model_vars_balance,-1000000,-999999.99999
bank_txn_balance_rate_inc_max_168d,model_vars_balance,-1000000,-999999.99999
bank_txn_balance_rate_dec_max_168d,model_vars_balance,-1000000,-999999.99999
bank_txn_balance_dev_from_hist_mean_168d,model_vars_balance,-1000000,-999999.99999
bank_txn_balance_unchanged_days_168d,model_vars_balance,-1000000,-999999.99999
bank_txn_balance_debit_sum_168d,model_vars_balance,-1000000,-999999.99999
bank_txn_balance_debit_mean_168d,model_vars_balance,-1000000,-999999.99999
bank_txn_balance_debit_max_168d,model_vars_balance,-1000000,-999999.99999
bank_txn_balance_debit_days_168d,model_vars_balance,-1000000,-999999.99999
bank_txn_balance_debit_freq_168d,model_vars_balance,-1000000,-999999.99999
bank_txn_balance_debit_no_txn_ratio_168d,model_vars_balance,-1000000,-999999.99999
bank_txn_balance_debit_std_168d,model_vars_balance,-1000000,-999999.99999
bank_txn_balance_debit_cv_168d,model_vars_balance,-1000000,-999999.99999
bank_txn_balance_debit_max_ratio_168d,model_vars_balance,-1000000,-999999.99999
bank_txn_balance_debit_fortnight_amount_168d,model_vars_balance,-1000000,-999999.99999
bank_txn_balance_debit_fortnight_days_168d,model_vars_balance,-1000000,-999999.99999
bank_txn_balance_debit_concentration_168d,model_vars_balance,-1000000,-999999.99999
bank_txn_balance_debit_big_ratio_168d,model_vars_balance,-1000000,-999999.99999
bank_txn_balance_credit_sum_168d,model_vars_balance,-1000000,-999999.99999
bank_txn_balance_credit_mean_168d,model_vars_balance,-1000000,-999999.99999
bank_txn_balance_credit_max_168d,model_vars_balance,-1000000,-999999.99999
bank_txn_balance_credit_days_168d,model_vars_balance,-1000000,-999999.99999
bank_txn_balance_credit_freq_168d,model_vars_balance,-1000000,-999999.99999
bank_txn_balance_credit_no_txn_ratio_168d,model_vars_balance,-1000000,-999999.99999
bank_txn_balance_credit_std_168d,model_vars_balance,-1000000,-999999.99999
bank_txn_balance_credit_cv_168d,model_vars_balance,-1000000,-999999.99999
bank_txn_balance_credit_max_ratio_168d,model_vars_balance,-1000000,-999999.99999
bank_txn_balance_credit_fortnight_amount_168d,model_vars_balance,-1000000,-999999.99999
bank_txn_balance_credit_fortnight_days_168d,model_vars_balance,-1000000,-999999.99999
bank_txn_balance_credit_concentration_168d,model_vars_balance,-1000000,-999999.99999
bank_txn_balance_credit_big_ratio_168d,model_vars_balance,-1000000,-999999.99999
bank_txn_balance_global_balance_to_debit_ratio_mean_168d,model_vars_balance,-1000000,-999999.99999
bank_txn_balance_debit_after_big_avg_drop_168d,model_vars_balance,-1000000,-999999.99999
bank_txn_balance_slope_168d,model_vars_balance,-1000000,-999999.99999
bank_txn_balance_extreme_ratio_168d,model_vars_balance,-1000000,-999999.99999
bank_txn_balance_debit_corr_168d,model_vars_balance,-1000000,-999999.99999
bank_txn_balance_netinflow_corr_168d,model_vars_balance,-1000000,-999999.99999
bank_txn_balance_autocorr1_168d,model_vars_balance,-1000000,-999999.99999
bank_txn_balance_quad_curvature_168d,model_vars_balance,-1000000,-999999.99999
bank_txn_balance_monotonicity_168d,model_vars_balance,-1000000,-999999.99999
bank_txn_balance_cv_168d,model_vars_balance,-1000000,-999999.99999
bank_txn_balance_volatility_168d,model_vars_balance,-1000000,-999999.99999
bank_txn_balance_max_drawdown_168d,model_vars_balance,-1000000,-999999.99999
bank_txn_balance_skewness_168d,model_vars_balance,-1000000,-999999.99999
bank_txn_balance_kurtosis_168d,model_vars_balance,-1000000,-999999.99999
bank_txn_balance_hurst_168d,model_vars_balance,-1000000,-999999.99999
bank_txn_balance_ols_slope_168d,model_vars_balance,-1000000,-999999.99999
bank_txn_balance_ols_r2_168d,model_vars_balance,-1000000,-999999.99999
bank_txn_balance_poly2_slope1_168d,model_vars_balance,-1000000,-999999.99999
bank_txn_balance_poly2_r2_168d,model_vars_balance,-1000000,-999999.99999
bank_txn_balance_ridge1_slope_168d,model_vars_balance,-1000000,-999999.99999
bank_txn_balance_ridge1_r2_168d,model_vars_balance,-1000000,-999999.99999
bank_txn_balance_theilsen_slope_168d,model_vars_balance,-1000000,-999999.99999
bank_txn_balance_ar1_phi_168d,model_vars_balance,-1000000,-999999.99999
bank_txn_balance_ar1_c_168d,model_vars_balance,-1000000,-999999.99999
bank_txn_balance_ar1_resid_std_168d,model_vars_balance,-1000000,-999999.99999
bank_txn_balance_ewma_resid_mae_168d,model_vars_balance,-1000000,-999999.99999
bank_txn_balance_ewma_resid_std_168d,model_vars_balance,-1000000,-999999.99999
bank_txn_balance_ewma_resid_ac1_168d,model_vars_balance,-1000000,-999999.99999
bank_txn_balance_kmeans2_sep_168d,model_vars_balance,-1000000,-999999.99999
bank_txn_balance_kmeans2_wcss_168d,model_vars_balance,-1000000,-999999.99999
bank_txn_balance_kmeans2_c0_168d,model_vars_balance,-1000000,-999999.99999
bank_txn_balance_kmeans2_c1_168d,model_vars_balance,-1000000,-999999.99999
bank_txn_balance_kmeans2_size0_168d,model_vars_balance,-1000000,-999999.99999
bank_txn_balance_kmeans2_size1_168d,model_vars_balance,-1000000,-999999.99999
bank_txn_balance_global_pca_var_exp_168d,model_vars_balance,-1000000,-999999.99999
bank_txn_balance_global_pca_pc1_loading_balance_168d,model_vars_balance,-1000000,-999999.99999
bank_txn_balance_global_pca_pc1_loading_credit_168d,model_vars_balance,-1000000,-999999.99999
bank_txn_balance_global_pca_pc1_loading_debit_168d,model_vars_balance,-1000000,-999999.99999
bank_txn_balance_kgram1_pos_168d,model_vars_balance,-1000000,-999999.99999
bank_txn_balance_kgram1_neg_168d,model_vars_balance,-1000000,-999999.99999
bank_txn_balance_kgram1_zero_168d,model_vars_balance,-1000000,-999999.99999
bank_txn_balance_kgram2-1_-1_168d,model_vars_balance,-1000000,-999999.99999
bank_txn_balance_kgram2-1_0_168d,model_vars_balance,-1000000,-999999.99999
bank_txn_balance_kgram2-1_1_168d,model_vars_balance,-1000000,-999999.99999
bank_txn_balance_kgram20_-1_168d,model_vars_balance,-1000000,-999999.99999
bank_txn_balance_kgram20_0_168d,model_vars_balance,-1000000,-999999.99999
bank_txn_balance_kgram20_1_168d,model_vars_balance,-1000000,-999999.99999
bank_txn_balance_kgram21_-1_168d,model_vars_balance,-1000000,-999999.99999
bank_txn_balance_kgram21_0_168d,model_vars_balance,-1000000,-999999.99999
bank_txn_balance_kgram21_1_168d,model_vars_balance,-1000000,-999999.99999
bank_txn_balance_sign_change_count_168d,model_vars_balance,-1000000,-999999.99999
bank_txn_balance_positive_return_ratio_168d,model_vars_balance,-1000000,-999999.99999
bank_txn_balance_below_avg_ratio_168d,model_vars_balance,-1000000,-999999.99999
bank_txn_balance_pct_change_mean_168d,model_vars_balance,-1000000,-999999.99999
bank_txn_balance_pct_change_std_168d,model_vars_balance,-1000000,-999999.99999
bank_txn_balance_autocorr7_168d,model_vars_balance,-1000000,-999999.99999
bank_txn_balance_credit_autocorr7_168d,model_vars_balance,-1000000,-999999.99999
bank_txn_balance_debit_autocorr7_168d,model_vars_balance,-1000000,-999999.99999
bank_txn_balance_snapshot_last_168d,model_vars_balance,-1000000,-999999.99999
bank_txn_balance_credit_snapshot_last_168d,model_vars_balance,-1000000,-999999.99999
bank_txn_balance_debit_snapshot_last_168d,model_vars_balance,-1000000,-999999.99999
bank_txn_balance_credit_gini_168d,model_vars_balance,-1000000,-999999.99999
bank_txn_balance_debit_gini_168d,model_vars_balance,-1000000,-999999.99999
bank_txn_balance_credit_entropy_168d,model_vars_balance,-1000000,-999999.99999
bank_txn_balance_debit_entropy_168d,model_vars_balance,-1000000,-999999.99999
bank_txn_balance_credit_top1_share_168d,model_vars_balance,-1000000,-999999.99999
bank_txn_balance_debit_top1_share_168d,model_vars_balance,-1000000,-999999.99999
bank_txn_balance_credit_gap_mean_168d,model_vars_balance,-1000000,-999999.99999
bank_txn_balance_credit_gap_max_168d,model_vars_balance,-1000000,-999999.99999
bank_txn_balance_debit_gap_mean_168d,model_vars_balance,-1000000,-999999.99999
bank_txn_balance_debit_gap_max_168d,model_vars_balance,-1000000,-999999.99999
bank_txn_balance_debit_tail_ratio_168d,model_vars_balance,-1000000,-999999.99999
bank_txn_balance_credit_tail_ratio_168d,model_vars_balance,-1000000,-999999.99999
bank_txn_balance_global_debit_credit_ratio_168d,model_vars_balance,-1000000,-999999.99999
bank_txn_balance_global_coverage_ratio_168d,model_vars_balance,-1000000,-999999.99999
bank_txn_balance_global_savings_rate_168d,model_vars_balance,-1000000,-999999.99999
bank_txn_balance_global_net_burn_per_day_168d,model_vars_balance,-1000000,-999999.99999
bank_txn_balance_max_182d,model_vars_balance,-1000000,-999999.99999
bank_txn_balance_min_182d,model_vars_balance,-1000000,-999999.99999
bank_txn_balance_mean_182d,model_vars_balance,-1000000,-999999.99999
bank_txn_balance_std_182d,model_vars_balance,-1000000,-999999.99999
bank_txn_balance_anomaly_days_182d,model_vars_balance,-1000000,-999999.99999
bank_txn_balance_fluctuation_anomaly_days_182d,model_vars_balance,-1000000,-999999.99999
bank_txn_balance_streak_inc_max_182d,model_vars_balance,-1000000,-999999.99999
bank_txn_balance_streak_dec_max_182d,model_vars_balance,-1000000,-999999.99999
bank_txn_balance_rate_inc_max_182d,model_vars_balance,-1000000,-999999.99999
bank_txn_balance_rate_dec_max_182d,model_vars_balance,-1000000,-999999.99999
bank_txn_balance_dev_from_hist_mean_182d,model_vars_balance,-1000000,-999999.99999
bank_txn_balance_unchanged_days_182d,model_vars_balance,-1000000,-999999.99999
bank_txn_balance_debit_sum_182d,model_vars_balance,-1000000,-999999.99999
bank_txn_balance_debit_mean_182d,model_vars_balance,-1000000,-999999.99999
bank_txn_balance_debit_max_182d,model_vars_balance,-1000000,-999999.99999
bank_txn_balance_debit_days_182d,model_vars_balance,-1000000,-999999.99999
bank_txn_balance_debit_freq_182d,model_vars_balance,-1000000,-999999.99999
bank_txn_balance_debit_no_txn_ratio_182d,model_vars_balance,-1000000,-999999.99999
bank_txn_balance_debit_std_182d,model_vars_balance,-1000000,-999999.99999
bank_txn_balance_debit_cv_182d,model_vars_balance,-1000000,-999999.99999
bank_txn_balance_debit_max_ratio_182d,model_vars_balance,-1000000,-999999.99999
bank_txn_balance_debit_fortnight_amount_182d,model_vars_balance,-1000000,-999999.99999
bank_txn_balance_debit_fortnight_days_182d,model_vars_balance,-1000000,-999999.99999
bank_txn_balance_debit_concentration_182d,model_vars_balance,-1000000,-999999.99999
bank_txn_balance_debit_big_ratio_182d,model_vars_balance,-1000000,-999999.99999
bank_txn_balance_credit_sum_182d,model_vars_balance,-1000000,-999999.99999
bank_txn_balance_credit_mean_182d,model_vars_balance,-1000000,-999999.99999
bank_txn_balance_credit_max_182d,model_vars_balance,-1000000,-999999.99999
bank_txn_balance_credit_days_182d,model_vars_balance,-1000000,-999999.99999
bank_txn_balance_credit_freq_182d,model_vars_balance,-1000000,-999999.99999
bank_txn_balance_credit_no_txn_ratio_182d,model_vars_balance,-1000000,-999999.99999
bank_txn_balance_credit_std_182d,model_vars_balance,-1000000,-999999.99999
bank_txn_balance_credit_cv_182d,model_vars_balance,-1000000,-999999.99999
bank_txn_balance_credit_max_ratio_182d,model_vars_balance,-1000000,-999999.99999
bank_txn_balance_credit_fortnight_amount_182d,model_vars_balance,-1000000,-999999.99999
bank_txn_balance_credit_fortnight_days_182d,model_vars_balance,-1000000,-999999.99999
bank_txn_balance_credit_concentration_182d,model_vars_balance,-1000000,-999999.99999
bank_txn_balance_credit_big_ratio_182d,model_vars_balance,-1000000,-999999.99999
bank_txn_balance_global_balance_to_debit_ratio_mean_182d,model_vars_balance,-1000000,-999999.99999
bank_txn_balance_debit_after_big_avg_drop_182d,model_vars_balance,-1000000,-999999.99999
bank_txn_balance_slope_182d,model_vars_balance,-1000000,-999999.99999
bank_txn_balance_extreme_ratio_182d,model_vars_balance,-1000000,-999999.99999
bank_txn_balance_debit_corr_182d,model_vars_balance,-1000000,-999999.99999
bank_txn_balance_netinflow_corr_182d,model_vars_balance,-1000000,-999999.99999
bank_txn_balance_autocorr1_182d,model_vars_balance,-1000000,-999999.99999
bank_txn_balance_quad_curvature_182d,model_vars_balance,-1000000,-999999.99999
bank_txn_balance_monotonicity_182d,model_vars_balance,-1000000,-999999.99999
bank_txn_balance_cv_182d,model_vars_balance,-1000000,-999999.99999
bank_txn_balance_volatility_182d,model_vars_balance,-1000000,-999999.99999
bank_txn_balance_max_drawdown_182d,model_vars_balance,-1000000,-999999.99999
bank_txn_balance_skewness_182d,model_vars_balance,-1000000,-999999.99999
bank_txn_balance_kurtosis_182d,model_vars_balance,-1000000,-999999.99999
bank_txn_balance_hurst_182d,model_vars_balance,-1000000,-999999.99999
bank_txn_balance_ols_slope_182d,model_vars_balance,-1000000,-999999.99999
bank_txn_balance_ols_r2_182d,model_vars_balance,-1000000,-999999.99999
bank_txn_balance_poly2_slope1_182d,model_vars_balance,-1000000,-999999.99999
bank_txn_balance_poly2_r2_182d,model_vars_balance,-1000000,-999999.99999
bank_txn_balance_ridge1_slope_182d,model_vars_balance,-1000000,-999999.99999
bank_txn_balance_ridge1_r2_182d,model_vars_balance,-1000000,-999999.99999
bank_txn_balance_theilsen_slope_182d,model_vars_balance,-1000000,-999999.99999
bank_txn_balance_ar1_phi_182d,model_vars_balance,-1000000,-999999.99999
bank_txn_balance_ar1_c_182d,model_vars_balance,-1000000,-999999.99999
bank_txn_balance_ar1_resid_std_182d,model_vars_balance,-1000000,-999999.99999
bank_txn_balance_ewma_resid_mae_182d,model_vars_balance,-1000000,-999999.99999
bank_txn_balance_ewma_resid_std_182d,model_vars_balance,-1000000,-999999.99999
bank_txn_balance_ewma_resid_ac1_182d,model_vars_balance,-1000000,-999999.99999
bank_txn_balance_kmeans2_sep_182d,model_vars_balance,-1000000,-999999.99999
bank_txn_balance_kmeans2_wcss_182d,model_vars_balance,-1000000,-999999.99999
bank_txn_balance_kmeans2_c0_182d,model_vars_balance,-1000000,-999999.99999
bank_txn_balance_kmeans2_c1_182d,model_vars_balance,-1000000,-999999.99999
bank_txn_balance_kmeans2_size0_182d,model_vars_balance,-1000000,-999999.99999
bank_txn_balance_kmeans2_size1_182d,model_vars_balance,-1000000,-999999.99999
bank_txn_balance_global_pca_var_exp_182d,model_vars_balance,-1000000,-999999.99999
bank_txn_balance_global_pca_pc1_loading_balance_182d,model_vars_balance,-1000000,-999999.99999
bank_txn_balance_global_pca_pc1_loading_credit_182d,model_vars_balance,-1000000,-999999.99999
bank_txn_balance_global_pca_pc1_loading_debit_182d,model_vars_balance,-1000000,-999999.99999
bank_txn_balance_kgram1_pos_182d,model_vars_balance,-1000000,-999999.99999
bank_txn_balance_kgram1_neg_182d,model_vars_balance,-1000000,-999999.99999
bank_txn_balance_kgram1_zero_182d,model_vars_balance,-1000000,-999999.99999
bank_txn_balance_kgram2-1_-1_182d,model_vars_balance,-1000000,-999999.99999
bank_txn_balance_kgram2-1_0_182d,model_vars_balance,-1000000,-999999.99999
bank_txn_balance_kgram2-1_1_182d,model_vars_balance,-1000000,-999999.99999
bank_txn_balance_kgram20_-1_182d,model_vars_balance,-1000000,-999999.99999
bank_txn_balance_kgram20_0_182d,model_vars_balance,-1000000,-999999.99999
bank_txn_balance_kgram20_1_182d,model_vars_balance,-1000000,-999999.99999
bank_txn_balance_kgram21_-1_182d,model_vars_balance,-1000000,-999999.99999
bank_txn_balance_kgram21_0_182d,model_vars_balance,-1000000,-999999.99999
bank_txn_balance_kgram21_1_182d,model_vars_balance,-1000000,-999999.99999
bank_txn_balance_sign_change_count_182d,model_vars_balance,-1000000,-999999.99999
bank_txn_balance_positive_return_ratio_182d,model_vars_balance,-1000000,-999999.99999
bank_txn_balance_below_avg_ratio_182d,model_vars_balance,-1000000,-999999.99999
bank_txn_balance_pct_change_mean_182d,model_vars_balance,-1000000,-999999.99999
bank_txn_balance_pct_change_std_182d,model_vars_balance,-1000000,-999999.99999
bank_txn_balance_autocorr7_182d,model_vars_balance,-1000000,-999999.99999
bank_txn_balance_credit_autocorr7_182d,model_vars_balance,-1000000,-999999.99999
bank_txn_balance_debit_autocorr7_182d,model_vars_balance,-1000000,-999999.99999
bank_txn_balance_snapshot_last_182d,model_vars_balance,-1000000,-999999.99999
bank_txn_balance_credit_snapshot_last_182d,model_vars_balance,-1000000,-999999.99999
bank_txn_balance_debit_snapshot_last_182d,model_vars_balance,-1000000,-999999.99999
bank_txn_balance_credit_gini_182d,model_vars_balance,-1000000,-999999.99999
bank_txn_balance_debit_gini_182d,model_vars_balance,-1000000,-999999.99999
bank_txn_balance_credit_entropy_182d,model_vars_balance,-1000000,-999999.99999
bank_txn_balance_debit_entropy_182d,model_vars_balance,-1000000,-999999.99999
bank_txn_balance_credit_top1_share_182d,model_vars_balance,-1000000,-999999.99999
bank_txn_balance_debit_top1_share_182d,model_vars_balance,-1000000,-999999.99999
bank_txn_balance_credit_gap_mean_182d,model_vars_balance,-1000000,-999999.99999
bank_txn_balance_credit_gap_max_182d,model_vars_balance,-1000000,-999999.99999
bank_txn_balance_debit_gap_mean_182d,model_vars_balance,-1000000,-999999.99999
bank_txn_balance_debit_gap_max_182d,model_vars_balance,-1000000,-999999.99999
bank_txn_balance_debit_tail_ratio_182d,model_vars_balance,-1000000,-999999.99999
bank_txn_balance_credit_tail_ratio_182d,model_vars_balance,-1000000,-999999.99999
bank_txn_balance_global_debit_credit_ratio_182d,model_vars_balance,-1000000,-999999.99999
bank_txn_balance_global_coverage_ratio_182d,model_vars_balance,-1000000,-999999.99999
bank_txn_balance_global_savings_rate_182d,model_vars_balance,-1000000,-999999.99999
bank_txn_balance_global_net_burn_per_day_182d,model_vars_balance,-1000000,-999999.99999
bank_txn_income_wage_amount_31d,model_vars_income,-99999,-99999.0
bank_txn_income_wage_count_31d,model_vars_income,-99999,-99999.0
bank_txn_income_wage_maxamount_31d,model_vars_income,-99999,-99999.0
bank_txn_income_wage_amount_62d,model_vars_income,-99999,-99999.0
bank_txn_income_wage_count_62d,model_vars_income,-99999,-99999.0
bank_txn_income_wage_maxamount_62d,model_vars_income,-99999,-99999.0
bank_txn_income_wage_amount_92d,model_vars_income,-99999,-99999.0
bank_txn_income_wage_count_92d,model_vars_income,-99999,-99999.0
bank_txn_income_wage_maxamount_92d,model_vars_income,-99999,-99999.0
bank_txn_income_wage_amount_123d,model_vars_income,-99999,-99999.0
bank_txn_income_wage_count_123d,model_vars_income,-99999,-99999.0
bank_txn_income_wage_maxamount_123d,model_vars_income,-99999,-99999.0
bank_txn_income_wage_amount_153d,model_vars_income,-99999,-99999.0
bank_txn_income_wage_count_153d,model_vars_income,-99999,-99999.0
bank_txn_income_wage_maxamount_153d,model_vars_income,-99999,-99999.0
bank_txn_income_wage_amount_184d,model_vars_income,-99999,-99999.0
bank_txn_income_wage_count_184d,model_vars_income,-99999,-99999.0
bank_txn_income_wage_maxamount_184d,model_vars_income,-99999,-99999.0
bank_txn_income_centrelink_amount_31d,model_vars_income,-99999,-99999.0
bank_txn_income_centrelink_count_31d,model_vars_income,-99999,-99999.0
bank_txn_income_centrelink_maxamount_31d,model_vars_income,-99999,-99999.0
bank_txn_income_centrelink_amount_62d,model_vars_income,-99999,-99999.0
bank_txn_income_centrelink_count_62d,model_vars_income,-99999,-99999.0
bank_txn_income_centrelink_maxamount_62d,model_vars_income,-99999,-99999.0
bank_txn_income_centrelink_amount_92d,model_vars_income,-99999,-99999.0
bank_txn_income_centrelink_count_92d,model_vars_income,-99999,-99999.0
bank_txn_income_centrelink_maxamount_92d,model_vars_income,-99999,-99999.0
bank_txn_income_centrelink_amount_123d,model_vars_income,-99999,-99999.0
bank_txn_income_centrelink_count_123d,model_vars_income,-99999,-99999.0
bank_txn_income_centrelink_maxamount_123d,model_vars_income,-99999,-99999.0
bank_txn_income_centrelink_amount_153d,model_vars_income,-99999,-99999.0
bank_txn_income_centrelink_count_153d,model_vars_income,-99999,-99999.0
bank_txn_income_centrelink_maxamount_153d,model_vars_income,-99999,-99999.0
bank_txn_income_centrelink_amount_184d,model_vars_income,-99999,-99999.0
bank_txn_income_centrelink_count_184d,model_vars_income,-99999,-99999.0
bank_txn_income_centrelink_maxamount_184d,model_vars_income,-99999,-99999.0
bank_txn_income_income_amount_31d,model_vars_income,-99999,-99999.0
bank_txn_income_income_count_31d,model_vars_income,-99999,-99999.0
bank_txn_income_income_maxamount_31d,model_vars_income,-99999,-99999.0
bank_txn_income_income_amount_62d,model_vars_income,-99999,-99999.0
bank_txn_income_income_count_62d,model_vars_income,-99999,-99999.0
bank_txn_income_income_maxamount_62d,model_vars_income,-99999,-99999.0
bank_txn_income_income_amount_92d,model_vars_income,-99999,-99999.0
bank_txn_income_income_count_92d,model_vars_income,-99999,-99999.0
bank_txn_income_income_maxamount_92d,model_vars_income,-99999,-99999.0
bank_txn_income_income_amount_123d,model_vars_income,-99999,-99999.0
bank_txn_income_income_count_123d,model_vars_income,-99999,-99999.0
bank_txn_income_income_maxamount_123d,model_vars_income,-99999,-99999.0
bank_txn_income_income_amount_153d,model_vars_income,-99999,-99999.0
bank_txn_income_income_count_153d,model_vars_income,-99999,-99999.0
bank_txn_income_income_maxamount_153d,model_vars_income,-99999,-99999.0
bank_txn_income_income_amount_184d,model_vars_income,-99999,-99999.0
bank_txn_income_income_count_184d,model_vars_income,-99999,-99999.0
bank_txn_income_income_maxamount_184d,model_vars_income,-99999,-99999.0
bank_txn_income_wage_amountproportion_31d_62d,model_vars_income,-99999,-99999.0
bank_txn_income_wage_amountproportion_31d_92d,model_vars_income,-99999,-99999.0
bank_txn_income_wage_amountproportion_31d_184d,model_vars_income,-99999,-99999.0
bank_txn_income_wage_amountproportion_62d_123d,model_vars_income,-99999,-99999.0
bank_txn_income_wage_amountproportion_62d_184d,model_vars_income,-99999,-99999.0
bank_txn_income_wage_amountproportion_92d_184d,model_vars_income,-99999,-99999.0
bank_txn_income_wage_amount_32_62d,model_vars_income,-99999,-99999.0
bank_txn_income_wage_amount_63_92d,model_vars_income,-99999,-99999.0
bank_txn_income_wage_amount_93_123d,model_vars_income,-99999,-99999.0
bank_txn_income_wage_amount_124_153d,model_vars_income,-99999,-99999.0
bank_txn_income_wage_amount_154_184d,model_vars_income,-99999,-99999.0
bank_txn_income_wage_amountcv_past3months,model_vars_income,-99999,-99999.0
bank_txn_income_wage_amountcv_past4months,model_vars_income,-99999,-99999.0
bank_txn_income_wage_amountcv_past5months,model_vars_income,-99999,-99999.0
bank_txn_income_wage_amountcv_past6months,model_vars_income,-99999,-99999.0
bank_txn_income_wage_maxamount_singlemth_propotion_6mths,model_vars_income,-99999,-99999.0
bank_txn_income_wage_maxamount_singlemth_propotion_3mths,model_vars_income,-99999,-99999.0
bank_txn_income_last6mth_monm_wage_amount_incrementnumber,model_vars_income,-99999,-99999.0
bank_txn_income_last3mth_wage_mthcount,model_vars_income,-99999,-99999.0
bank_txn_income_last4mth_wage_mthcount,model_vars_income,-99999,-99999.0
bank_txn_income_last5mth_wage_mthcount,model_vars_income,-99999,-99999.0
bank_txn_income_last6mth_wage_mthcount,model_vars_income,-99999,-99999.0
bank_txn_income_centrelink_amountproportion_31d_62d,model_vars_income,-99999,-99999.0
bank_txn_income_centrelink_amountproportion_31d_92d,model_vars_income,-99999,-99999.0
bank_txn_income_centrelink_amountproportion_31d_184d,model_vars_income,-99999,-99999.0
bank_txn_income_centrelink_amountproportion_62d_123d,model_vars_income,-99999,-99999.0
bank_txn_income_centrelink_amountproportion_62d_184d,model_vars_income,-99999,-99999.0
bank_txn_income_centrelink_amountproportion_92d_184d,model_vars_income,-99999,-99999.0
bank_txn_income_centrelink_amount_32_62d,model_vars_income,-99999,-99999.0
bank_txn_income_centrelink_amount_63_92d,model_vars_income,-99999,-99999.0
bank_txn_income_centrelink_amount_93_123d,model_vars_income,-99999,-99999.0
bank_txn_income_centrelink_amount_124_153d,model_vars_income,-99999,-99999.0
bank_txn_income_centrelink_amount_154_184d,model_vars_income,-99999,-99999.0
bank_txn_income_centrelink_amountcv_past3months,model_vars_income,-99999,-99999.0
bank_txn_income_centrelink_amountcv_past4months,model_vars_income,-99999,-99999.0
bank_txn_income_centrelink_amountcv_past5months,model_vars_income,-99999,-99999.0
bank_txn_income_centrelink_amountcv_past6months,model_vars_income,-99999,-99999.0
bank_txn_income_centrelink_maxamount_singlemth_propotion_6mths,model_vars_income,-99999,-99999.0
bank_txn_income_centrelink_maxamount_singlemth_propotion_3mths,model_vars_income,-99999,-99999.0
bank_txn_income_last6mth_monm_centrelink_amount_incrementnumber,model_vars_income,-99999,-99999.0
bank_txn_income_last3mth_centrelink_mthcount,model_vars_income,-99999,-99999.0
bank_txn_income_last4mth_centrelink_mthcount,model_vars_income,-99999,-99999.0
bank_txn_income_last5mth_centrelink_mthcount,model_vars_income,-99999,-99999.0
bank_txn_income_last6mth_centrelink_mthcount,model_vars_income,-99999,-99999.0
bank_txn_income_income_amountproportion_31d_62d,model_vars_income,-99999,-99999.0
bank_txn_income_income_amountproportion_31d_92d,model_vars_income,-99999,-99999.0
bank_txn_income_income_amountproportion_31d_184d,model_vars_income,-99999,-99999.0
bank_txn_income_income_amountproportion_62d_123d,model_vars_income,-99999,-99999.0
bank_txn_income_income_amountproportion_62d_184d,model_vars_income,-99999,-99999.0
bank_txn_income_income_amountproportion_92d_184d,model_vars_income,-99999,-99999.0
bank_txn_income_income_amount_32_62d,model_vars_income,-99999,-99999.0
bank_txn_income_income_amount_63_92d,model_vars_income,-99999,-99999.0
bank_txn_income_income_amount_93_123d,model_vars_income,-99999,-99999.0
bank_txn_income_income_amount_124_153d,model_vars_income,-99999,-99999.0
bank_txn_income_income_amount_154_184d,model_vars_income,-99999,-99999.0
bank_txn_income_income_amountcv_past3months,model_vars_income,-99999,-99999.0
bank_txn_income_income_amountcv_past4months,model_vars_income,-99999,-99999.0
bank_txn_income_income_amountcv_past5months,model_vars_income,-99999,-99999.0
bank_txn_income_income_amountcv_past6months,model_vars_income,-99999,-99999.0
bank_txn_income_income_maxamount_singlemth_propotion_6mths,model_vars_income,-99999,-99999.0
bank_txn_income_income_maxamount_singlemth_propotion_3mths,model_vars_income,-99999,-99999.0
bank_txn_income_last6mth_monm_income_amount_incrementnumber,model_vars_income,-99999,-99999.0
bank_txn_income_last3mth_income_mthcount,model_vars_income,-99999,-99999.0
bank_txn_income_last4mth_income_mthcount,model_vars_income,-99999,-99999.0
bank_txn_income_last5mth_income_mthcount,model_vars_income,-99999,-99999.0
bank_txn_income_last6mth_income_mthcount,model_vars_income,-99999,-99999.0
bank_txn_lender_disburse_single_loan_count_max,model_vars_lender,-1,-1.0
bank_txn_lender_disburse_single_bnpl_count_max,model_vars_lender,-1,-1.0
bank_txn_lender_disburse_single_advance_count_max,model_vars_lender,-1,-1.0
bank_txn_lender_disburse_single_bank_count_max,model_vars_lender,-1,-1.0
bank_txn_lender_disburse_single_loan_amount_max,model_vars_lender,-1,-1.0
bank_txn_lender_disburse_single_bnpl_amount_max,model_vars_lender,-1,-1.0
bank_txn_lender_disburse_single_advance_amount_max,model_vars_lender,-1,-1.0
bank_txn_lender_disburse_single_bank_amount_max,model_vars_lender,-1,-1.0
bank_txn_lender_disburse_single_count_max,model_vars_lender,-1,-1.0
bank_txn_lender_disburse_single_amount_max,model_vars_lender,-1,-1.0
bank_txn_lender_repay_single_loan_count_max,model_vars_lender,-1,-1.0
bank_txn_lender_repay_single_bnpl_count_max,model_vars_lender,-1,-1.0
bank_txn_lender_repay_single_advance_count_max,model_vars_lender,-1,-1.0
bank_txn_lender_repay_single_bank_count_max,model_vars_lender,-1,-1.0
bank_txn_lender_repay_single_loan_amount_max,model_vars_lender,-1,-1.0
bank_txn_lender_repay_single_bnpl_amount_max,model_vars_lender,-1,-1.0
bank_txn_lender_repay_single_advance_amount_max,model_vars_lender,-1,-1.0
bank_txn_lender_repay_single_bank_amount_max,model_vars_lender,-1,-1.0
bank_txn_lender_repay_single_count_max,model_vars_lender,-1,-1.0
bank_txn_lender_repay_single_amount_max,model_vars_lender,-1,-1.0
bank_txn_lender_repay_loan_amount_sum_l7d,model_vars_lender,-1,-1.0
bank_txn_lender_repay_bnpl_amount_sum_l7d,model_vars_lender,-1,-1.0
bank_txn_lender_repay_advance_amount_sum_l7d,model_vars_lender,-1,-1.0
bank_txn_lender_repay_bank_amount_sum_l7d,model_vars_lender,-1,-1.0
bank_txn_lender_repay_loan_amount_avg_l7d,model_vars_lender,-1,-1.0
bank_txn_lender_repay_bnpl_amount_avg_l7d,model_vars_lender,-1,-1.0
bank_txn_lender_repay_advance_amount_avg_l7d,model_vars_lender,-1,-1.0
bank_txn_lender_repay_bank_amount_avg_l7d,model_vars_lender,-1,-1.0
bank_txn_lender_repay_loan_count_l7d,model_vars_lender,-1,-1.0
bank_txn_lender_repay_bnpl_count_l7d,model_vars_lender,-1,-1.0
bank_txn_lender_repay_advance_count_l7d,model_vars_lender,-1,-1.0
bank_txn_lender_repay_bank_count_l7d,model_vars_lender,-1,-1.0
bank_txn_lender_repay_loan_amount_max_l7d,model_vars_lender,-1,-1.0
bank_txn_lender_repay_bnpl_amount_max_l7d,model_vars_lender,-1,-1.0
bank_txn_lender_repay_advance_amount_max_l7d,model_vars_lender,-1,-1.0
bank_txn_lender_repay_bank_amount_max_l7d,model_vars_lender,-1,-1.0
bank_txn_lender_repay_loan_amount_min_l7d,model_vars_lender,-1,-1.0
bank_txn_lender_repay_bnpl_amount_min_l7d,model_vars_lender,-1,-1.0
bank_txn_lender_repay_advance_amount_min_l7d,model_vars_lender,-1,-1.0
bank_txn_lender_repay_bank_amount_min_l7d,model_vars_lender,-1,-1.0
bank_txn_lender_repay_loan_amount_sum_l14d,model_vars_lender,-1,-1.0
bank_txn_lender_repay_bnpl_amount_sum_l14d,model_vars_lender,-1,-1.0
bank_txn_lender_repay_advance_amount_sum_l14d,model_vars_lender,-1,-1.0
bank_txn_lender_repay_bank_amount_sum_l14d,model_vars_lender,-1,-1.0
bank_txn_lender_repay_loan_amount_avg_l14d,model_vars_lender,-1,-1.0
bank_txn_lender_repay_bnpl_amount_avg_l14d,model_vars_lender,-1,-1.0
bank_txn_lender_repay_advance_amount_avg_l14d,model_vars_lender,-1,-1.0
bank_txn_lender_repay_bank_amount_avg_l14d,model_vars_lender,-1,-1.0
bank_txn_lender_repay_loan_count_l14d,model_vars_lender,-1,-1.0
bank_txn_lender_repay_bnpl_count_l14d,model_vars_lender,-1,-1.0
bank_txn_lender_repay_advance_count_l14d,model_vars_lender,-1,-1.0
bank_txn_lender_repay_bank_count_l14d,model_vars_lender,-1,-1.0
bank_txn_lender_repay_loan_amount_max_l14d,model_vars_lender,-1,-1.0
bank_txn_lender_repay_bnpl_amount_max_l14d,model_vars_lender,-1,-1.0
bank_txn_lender_repay_advance_amount_max_l14d,model_vars_lender,-1,-1.0
bank_txn_lender_repay_bank_amount_max_l14d,model_vars_lender,-1,-1.0
bank_txn_lender_repay_loan_amount_min_l14d,model_vars_lender,-1,-1.0
bank_txn_lender_repay_bnpl_amount_min_l14d,model_vars_lender,-1,-1.0
bank_txn_lender_repay_advance_amount_min_l14d,model_vars_lender,-1,-1.0
bank_txn_lender_repay_bank_amount_min_l14d,model_vars_lender,-1,-1.0
bank_txn_lender_repay_loan_amount_sum_l28d,model_vars_lender,-1,-1.0
bank_txn_lender_repay_bnpl_amount_sum_l28d,model_vars_lender,-1,-1.0
bank_txn_lender_repay_advance_amount_sum_l28d,model_vars_lender,-1,-1.0
bank_txn_lender_repay_bank_amount_sum_l28d,model_vars_lender,-1,-1.0
bank_txn_lender_repay_loan_amount_avg_l28d,model_vars_lender,-1,-1.0
bank_txn_lender_repay_bnpl_amount_avg_l28d,model_vars_lender,-1,-1.0
bank_txn_lender_repay_advance_amount_avg_l28d,model_vars_lender,-1,-1.0
bank_txn_lender_repay_bank_amount_avg_l28d,model_vars_lender,-1,-1.0
bank_txn_lender_repay_loan_count_l28d,model_vars_lender,-1,-1.0
bank_txn_lender_repay_bnpl_count_l28d,model_vars_lender,-1,-1.0
bank_txn_lender_repay_advance_count_l28d,model_vars_lender,-1,-1.0
bank_txn_lender_repay_bank_count_l28d,model_vars_lender,-1,-1.0
bank_txn_lender_repay_loan_amount_max_l28d,model_vars_lender,-1,-1.0
bank_txn_lender_repay_bnpl_amount_max_l28d,model_vars_lender,-1,-1.0
bank_txn_lender_repay_advance_amount_max_l28d,model_vars_lender,-1,-1.0
bank_txn_lender_repay_bank_amount_max_l28d,model_vars_lender,-1,-1.0
bank_txn_lender_repay_loan_amount_min_l28d,model_vars_lender,-1,-1.0
bank_txn_lender_repay_bnpl_amount_min_l28d,model_vars_lender,-1,-1.0
bank_txn_lender_repay_advance_amount_min_l28d,model_vars_lender,-1,-1.0
bank_txn_lender_repay_bank_amount_min_l28d,model_vars_lender,-1,-1.0
bank_txn_lender_repay_loan_amount_sum_l56d,model_vars_lender,-1,-1.0
bank_txn_lender_repay_bnpl_amount_sum_l56d,model_vars_lender,-1,-1.0
bank_txn_lender_repay_advance_amount_sum_l56d,model_vars_lender,-1,-1.0
bank_txn_lender_repay_bank_amount_sum_l56d,model_vars_lender,-1,-1.0
bank_txn_lender_repay_loan_amount_avg_l56d,model_vars_lender,-1,-1.0
bank_txn_lender_repay_bnpl_amount_avg_l56d,model_vars_lender,-1,-1.0
bank_txn_lender_repay_advance_amount_avg_l56d,model_vars_lender,-1,-1.0
bank_txn_lender_repay_bank_amount_avg_l56d,model_vars_lender,-1,-1.0
bank_txn_lender_repay_loan_count_l56d,model_vars_lender,-1,-1.0
bank_txn_lender_repay_bnpl_count_l56d,model_vars_lender,-1,-1.0
bank_txn_lender_repay_advance_count_l56d,model_vars_lender,-1,-1.0
bank_txn_lender_repay_bank_count_l56d,model_vars_lender,-1,-1.0
bank_txn_lender_repay_loan_amount_max_l56d,model_vars_lender,-1,-1.0
bank_txn_lender_repay_bnpl_amount_max_l56d,model_vars_lender,-1,-1.0
bank_txn_lender_repay_advance_amount_max_l56d,model_vars_lender,-1,-1.0
bank_txn_lender_repay_bank_amount_max_l56d,model_vars_lender,-1,-1.0
bank_txn_lender_repay_loan_amount_min_l56d,model_vars_lender,-1,-1.0
bank_txn_lender_repay_bnpl_amount_min_l56d,model_vars_lender,-1,-1.0
bank_txn_lender_repay_advance_amount_min_l56d,model_vars_lender,-1,-1.0
bank_txn_lender_repay_bank_amount_min_l56d,model_vars_lender,-1,-1.0
bank_txn_lender_repay_loan_amount_sum_l84d,model_vars_lender,-1,-1.0
bank_txn_lender_repay_bnpl_amount_sum_l84d,model_vars_lender,-1,-1.0
bank_txn_lender_repay_advance_amount_sum_l84d,model_vars_lender,-1,-1.0
bank_txn_lender_repay_bank_amount_sum_l84d,model_vars_lender,-1,-1.0
bank_txn_lender_repay_loan_amount_avg_l84d,model_vars_lender,-1,-1.0
bank_txn_lender_repay_bnpl_amount_avg_l84d,model_vars_lender,-1,-1.0
bank_txn_lender_repay_advance_amount_avg_l84d,model_vars_lender,-1,-1.0
bank_txn_lender_repay_bank_amount_avg_l84d,model_vars_lender,-1,-1.0
bank_txn_lender_repay_loan_count_l84d,model_vars_lender,-1,-1.0
bank_txn_lender_repay_bnpl_count_l84d,model_vars_lender,-1,-1.0
bank_txn_lender_repay_advance_count_l84d,model_vars_lender,-1,-1.0
bank_txn_lender_repay_bank_count_l84d,model_vars_lender,-1,-1.0
bank_txn_lender_repay_loan_amount_max_l84d,model_vars_lender,-1,-1.0
bank_txn_lender_repay_bnpl_amount_max_l84d,model_vars_lender,-1,-1.0
bank_txn_lender_repay_advance_amount_max_l84d,model_vars_lender,-1,-1.0
bank_txn_lender_repay_bank_amount_max_l84d,model_vars_lender,-1,-1.0
bank_txn_lender_repay_loan_amount_min_l84d,model_vars_lender,-1,-1.0
bank_txn_lender_repay_bnpl_amount_min_l84d,model_vars_lender,-1,-1.0
bank_txn_lender_repay_advance_amount_min_l84d,model_vars_lender,-1,-1.0
bank_txn_lender_repay_bank_amount_min_l84d,model_vars_lender,-1,-1.0
bank_txn_lender_repay_loan_amount_sum_l168d,model_vars_lender,-1,-1.0
bank_txn_lender_repay_bnpl_amount_sum_l168d,model_vars_lender,-1,-1.0
bank_txn_lender_repay_advance_amount_sum_l168d,model_vars_lender,-1,-1.0
bank_txn_lender_repay_bank_amount_sum_l168d,model_vars_lender,-1,-1.0
bank_txn_lender_repay_loan_amount_avg_l168d,model_vars_lender,-1,-1.0
bank_txn_lender_repay_bnpl_amount_avg_l168d,model_vars_lender,-1,-1.0
bank_txn_lender_repay_advance_amount_avg_l168d,model_vars_lender,-1,-1.0
bank_txn_lender_repay_bank_amount_avg_l168d,model_vars_lender,-1,-1.0
bank_txn_lender_repay_loan_count_l168d,model_vars_lender,-1,-1.0
bank_txn_lender_repay_bnpl_count_l168d,model_vars_lender,-1,-1.0
bank_txn_lender_repay_advance_count_l168d,model_vars_lender,-1,-1.0
bank_txn_lender_repay_bank_count_l168d,model_vars_lender,-1,-1.0
bank_txn_lender_repay_loan_amount_max_l168d,model_vars_lender,-1,-1.0
bank_txn_lender_repay_bnpl_amount_max_l168d,model_vars_lender,-1,-1.0
bank_txn_lender_repay_advance_amount_max_l168d,model_vars_lender,-1,-1.0
bank_txn_lender_repay_bank_amount_max_l168d,model_vars_lender,-1,-1.0
bank_txn_lender_repay_loan_amount_min_l168d,model_vars_lender,-1,-1.0
bank_txn_lender_repay_bnpl_amount_min_l168d,model_vars_lender,-1,-1.0
bank_txn_lender_repay_advance_amount_min_l168d,model_vars_lender,-1,-1.0
bank_txn_lender_repay_bank_amount_min_l168d,model_vars_lender,-1,-1.0
bank_txn_lender_repay_loan_amount_sum_l182d,model_vars_lender,-1,-1.0
bank_txn_lender_repay_bnpl_amount_sum_l182d,model_vars_lender,-1,-1.0
bank_txn_lender_repay_advance_amount_sum_l182d,model_vars_lender,-1,-1.0
bank_txn_lender_repay_bank_amount_sum_l182d,model_vars_lender,-1,-1.0
bank_txn_lender_repay_loan_amount_avg_l182d,model_vars_lender,-1,-1.0
bank_txn_lender_repay_bnpl_amount_avg_l182d,model_vars_lender,-1,-1.0
bank_txn_lender_repay_advance_amount_avg_l182d,model_vars_lender,-1,-1.0
bank_txn_lender_repay_bank_amount_avg_l182d,model_vars_lender,-1,-1.0
bank_txn_lender_repay_loan_count_l182d,model_vars_lender,-1,-1.0
bank_txn_lender_repay_bnpl_count_l182d,model_vars_lender,-1,-1.0
bank_txn_lender_repay_advance_count_l182d,model_vars_lender,-1,-1.0
bank_txn_lender_repay_bank_count_l182d,model_vars_lender,-1,-1.0
bank_txn_lender_repay_loan_amount_max_l182d,model_vars_lender,-1,-1.0
bank_txn_lender_repay_bnpl_amount_max_l182d,model_vars_lender,-1,-1.0
bank_txn_lender_repay_advance_amount_max_l182d,model_vars_lender,-1,-1.0
bank_txn_lender_repay_bank_amount_max_l182d,model_vars_lender,-1,-1.0
bank_txn_lender_repay_loan_amount_min_l182d,model_vars_lender,-1,-1.0
bank_txn_lender_repay_bnpl_amount_min_l182d,model_vars_lender,-1,-1.0
bank_txn_lender_repay_advance_amount_min_l182d,model_vars_lender,-1,-1.0
bank_txn_lender_repay_bank_amount_min_l182d,model_vars_lender,-1,-1.0
bank_txn_lender_disburse_loan_amount_sum_l7d,model_vars_lender,-1,-1.0
bank_txn_lender_disburse_bnpl_amount_sum_l7d,model_vars_lender,-1,-1.0
bank_txn_lender_disburse_advance_amount_sum_l7d,model_vars_lender,-1,-1.0
bank_txn_lender_disburse_bank_amount_sum_l7d,model_vars_lender,-1,-1.0
bank_txn_lender_disburse_loan_amount_avg_l7d,model_vars_lender,-1,-1.0
bank_txn_lender_disburse_bnpl_amount_avg_l7d,model_vars_lender,-1,-1.0
bank_txn_lender_disburse_advance_amount_avg_l7d,model_vars_lender,-1,-1.0
bank_txn_lender_disburse_bank_amount_avg_l7d,model_vars_lender,-1,-1.0
bank_txn_lender_disburse_loan_count_l7d,model_vars_lender,-1,-1.0
bank_txn_lender_disburse_bnpl_count_l7d,model_vars_lender,-1,-1.0
bank_txn_lender_disburse_advance_count_l7d,model_vars_lender,-1,-1.0
bank_txn_lender_disburse_bank_count_l7d,model_vars_lender,-1,-1.0
bank_txn_lender_disburse_loan_amount_max_l7d,model_vars_lender,-1,-1.0
bank_txn_lender_disburse_bnpl_amount_max_l7d,model_vars_lender,-1,-1.0
bank_txn_lender_disburse_advance_amount_max_l7d,model_vars_lender,-1,-1.0
bank_txn_lender_disburse_bank_amount_max_l7d,model_vars_lender,-1,-1.0
bank_txn_lender_disburse_loan_amount_min_l7d,model_vars_lender,-1,-1.0
bank_txn_lender_disburse_bnpl_amount_min_l7d,model_vars_lender,-1,-1.0
bank_txn_lender_disburse_advance_amount_min_l7d,model_vars_lender,-1,-1.0
bank_txn_lender_disburse_bank_amount_min_l7d,model_vars_lender,-1,-1.0
bank_txn_lender_disburse_loan_amount_sum_l14d,model_vars_lender,-1,-1.0
bank_txn_lender_disburse_bnpl_amount_sum_l14d,model_vars_lender,-1,-1.0
bank_txn_lender_disburse_advance_amount_sum_l14d,model_vars_lender,-1,-1.0
bank_txn_lender_disburse_bank_amount_sum_l14d,model_vars_lender,-1,-1.0
bank_txn_lender_disburse_loan_amount_avg_l14d,model_vars_lender,-1,-1.0
bank_txn_lender_disburse_bnpl_amount_avg_l14d,model_vars_lender,-1,-1.0
bank_txn_lender_disburse_advance_amount_avg_l14d,model_vars_lender,-1,-1.0
bank_txn_lender_disburse_bank_amount_avg_l14d,model_vars_lender,-1,-1.0
bank_txn_lender_disburse_loan_count_l14d,model_vars_lender,-1,-1.0
bank_txn_lender_disburse_bnpl_count_l14d,model_vars_lender,-1,-1.0
bank_txn_lender_disburse_advance_count_l14d,model_vars_lender,-1,-1.0
bank_txn_lender_disburse_bank_count_l14d,model_vars_lender,-1,-1.0
bank_txn_lender_disburse_loan_amount_max_l14d,model_vars_lender,-1,-1.0
bank_txn_lender_disburse_bnpl_amount_max_l14d,model_vars_lender,-1,-1.0
bank_txn_lender_disburse_advance_amount_max_l14d,model_vars_lender,-1,-1.0
bank_txn_lender_disburse_bank_amount_max_l14d,model_vars_lender,-1,-1.0
bank_txn_lender_disburse_loan_amount_min_l14d,model_vars_lender,-1,-1.0
bank_txn_lender_disburse_bnpl_amount_min_l14d,model_vars_lender,-1,-1.0
bank_txn_lender_disburse_advance_amount_min_l14d,model_vars_lender,-1,-1.0
bank_txn_lender_disburse_bank_amount_min_l14d,model_vars_lender,-1,-1.0
bank_txn_lender_disburse_loan_amount_sum_l28d,model_vars_lender,-1,-1.0
bank_txn_lender_disburse_bnpl_amount_sum_l28d,model_vars_lender,-1,-1.0
bank_txn_lender_disburse_advance_amount_sum_l28d,model_vars_lender,-1,-1.0
bank_txn_lender_disburse_bank_amount_sum_l28d,model_vars_lender,-1,-1.0
bank_txn_lender_disburse_loan_amount_avg_l28d,model_vars_lender,-1,-1.0
bank_txn_lender_disburse_bnpl_amount_avg_l28d,model_vars_lender,-1,-1.0
bank_txn_lender_disburse_advance_amount_avg_l28d,model_vars_lender,-1,-1.0
bank_txn_lender_disburse_bank_amount_avg_l28d,model_vars_lender,-1,-1.0
bank_txn_lender_disburse_loan_count_l28d,model_vars_lender,-1,-1.0
bank_txn_lender_disburse_bnpl_count_l28d,model_vars_lender,-1,-1.0
bank_txn_lender_disburse_advance_count_l28d,model_vars_lender,-1,-1.0
bank_txn_lender_disburse_bank_count_l28d,model_vars_lender,-1,-1.0
bank_txn_lender_disburse_loan_amount_max_l28d,model_vars_lender,-1,-1.0
bank_txn_lender_disburse_bnpl_amount_max_l28d,model_vars_lender,-1,-1.0
bank_txn_lender_disburse_advance_amount_max_l28d,model_vars_lender,-1,-1.0
bank_txn_lender_disburse_bank_amount_max_l28d,model_vars_lender,-1,-1.0
bank_txn_lender_disburse_loan_amount_min_l28d,model_vars_lender,-1,-1.0
bank_txn_lender_disburse_bnpl_amount_min_l28d,model_vars_lender,-1,-1.0
bank_txn_lender_disburse_advance_amount_min_l28d,model_vars_lender,-1,-1.0
bank_txn_lender_disburse_bank_amount_min_l28d,model_vars_lender,-1,-1.0
bank_txn_lender_disburse_loan_amount_sum_l56d,model_vars_lender,-1,-1.0
bank_txn_lender_disburse_bnpl_amount_sum_l56d,model_vars_lender,-1,-1.0
bank_txn_lender_disburse_advance_amount_sum_l56d,model_vars_lender,-1,-1.0
bank_txn_lender_disburse_bank_amount_sum_l56d,model_vars_lender,-1,-1.0
bank_txn_lender_disburse_loan_amount_avg_l56d,model_vars_lender,-1,-1.0
bank_txn_lender_disburse_bnpl_amount_avg_l56d,model_vars_lender,-1,-1.0
bank_txn_lender_disburse_advance_amount_avg_l56d,model_vars_lender,-1,-1.0
bank_txn_lender_disburse_bank_amount_avg_l56d,model_vars_lender,-1,-1.0
bank_txn_lender_disburse_loan_count_l56d,model_vars_lender,-1,-1.0
bank_txn_lender_disburse_bnpl_count_l56d,model_vars_lender,-1,-1.0
bank_txn_lender_disburse_advance_count_l56d,model_vars_lender,-1,-1.0
bank_txn_lender_disburse_bank_count_l56d,model_vars_lender,-1,-1.0
bank_txn_lender_disburse_loan_amount_max_l56d,model_vars_lender,-1,-1.0
bank_txn_lender_disburse_bnpl_amount_max_l56d,model_vars_lender,-1,-1.0
bank_txn_lender_disburse_advance_amount_max_l56d,model_vars_lender,-1,-1.0
bank_txn_lender_disburse_bank_amount_max_l56d,model_vars_lender,-1,-1.0
bank_txn_lender_disburse_loan_amount_min_l56d,model_vars_lender,-1,-1.0
bank_txn_lender_disburse_bnpl_amount_min_l56d,model_vars_lender,-1,-1.0
bank_txn_lender_disburse_advance_amount_min_l56d,model_vars_lender,-1,-1.0
bank_txn_lender_disburse_bank_amount_min_l56d,model_vars_lender,-1,-1.0
bank_txn_lender_disburse_loan_amount_sum_l84d,model_vars_lender,-1,-1.0
bank_txn_lender_disburse_bnpl_amount_sum_l84d,model_vars_lender,-1,-1.0
bank_txn_lender_disburse_advance_amount_sum_l84d,model_vars_lender,-1,-1.0
bank_txn_lender_disburse_bank_amount_sum_l84d,model_vars_lender,-1,-1.0
bank_txn_lender_disburse_loan_amount_avg_l84d,model_vars_lender,-1,-1.0
bank_txn_lender_disburse_bnpl_amount_avg_l84d,model_vars_lender,-1,-1.0
bank_txn_lender_disburse_advance_amount_avg_l84d,model_vars_lender,-1,-1.0
bank_txn_lender_disburse_bank_amount_avg_l84d,model_vars_lender,-1,-1.0
bank_txn_lender_disburse_loan_count_l84d,model_vars_lender,-1,-1.0
bank_txn_lender_disburse_bnpl_count_l84d,model_vars_lender,-1,-1.0
bank_txn_lender_disburse_advance_count_l84d,model_vars_lender,-1,-1.0
bank_txn_lender_disburse_bank_count_l84d,model_vars_lender,-1,-1.0
bank_txn_lender_disburse_loan_amount_max_l84d,model_vars_lender,-1,-1.0
bank_txn_lender_disburse_bnpl_amount_max_l84d,model_vars_lender,-1,-1.0
bank_txn_lender_disburse_advance_amount_max_l84d,model_vars_lender,-1,-1.0
bank_txn_lender_disburse_bank_amount_max_l84d,model_vars_lender,-1,-1.0
bank_txn_lender_disburse_loan_amount_min_l84d,model_vars_lender,-1,-1.0
bank_txn_lender_disburse_bnpl_amount_min_l84d,model_vars_lender,-1,-1.0
bank_txn_lender_disburse_advance_amount_min_l84d,model_vars_lender,-1,-1.0
bank_txn_lender_disburse_bank_amount_min_l84d,model_vars_lender,-1,-1.0
bank_txn_lender_disburse_loan_amount_sum_l168d,model_vars_lender,-1,-1.0
bank_txn_lender_disburse_bnpl_amount_sum_l168d,model_vars_lender,-1,-1.0
bank_txn_lender_disburse_advance_amount_sum_l168d,model_vars_lender,-1,-1.0
bank_txn_lender_disburse_bank_amount_sum_l168d,model_vars_lender,-1,-1.0
bank_txn_lender_disburse_loan_amount_avg_l168d,model_vars_lender,-1,-1.0
bank_txn_lender_disburse_bnpl_amount_avg_l168d,model_vars_lender,-1,-1.0
bank_txn_lender_disburse_advance_amount_avg_l168d,model_vars_lender,-1,-1.0
bank_txn_lender_disburse_bank_amount_avg_l168d,model_vars_lender,-1,-1.0
bank_txn_lender_disburse_loan_count_l168d,model_vars_lender,-1,-1.0
bank_txn_lender_disburse_bnpl_count_l168d,model_vars_lender,-1,-1.0
bank_txn_lender_disburse_advance_count_l168d,model_vars_lender,-1,-1.0
bank_txn_lender_disburse_bank_count_l168d,model_vars_lender,-1,-1.0
bank_txn_lender_disburse_loan_amount_max_l168d,model_vars_lender,-1,-1.0
bank_txn_lender_disburse_bnpl_amount_max_l168d,model_vars_lender,-1,-1.0
bank_txn_lender_disburse_advance_amount_max_l168d,model_vars_lender,-1,-1.0
bank_txn_lender_disburse_bank_amount_max_l168d,model_vars_lender,-1,-1.0
bank_txn_lender_disburse_loan_amount_min_l168d,model_vars_lender,-1,-1.0
bank_txn_lender_disburse_bnpl_amount_min_l168d,model_vars_lender,-1,-1.0
bank_txn_lender_disburse_advance_amount_min_l168d,model_vars_lender,-1,-1.0
bank_txn_lender_disburse_bank_amount_min_l168d,model_vars_lender,-1,-1.0
bank_txn_lender_disburse_loan_amount_sum_l182d,model_vars_lender,-1,-1.0
bank_txn_lender_disburse_bnpl_amount_sum_l182d,model_vars_lender,-1,-1.0
bank_txn_lender_disburse_advance_amount_sum_l182d,model_vars_lender,-1,-1.0
bank_txn_lender_disburse_bank_amount_sum_l182d,model_vars_lender,-1,-1.0
bank_txn_lender_disburse_loan_amount_avg_l182d,model_vars_lender,-1,-1.0
bank_txn_lender_disburse_bnpl_amount_avg_l182d,model_vars_lender,-1,-1.0
bank_txn_lender_disburse_advance_amount_avg_l182d,model_vars_lender,-1,-1.0
bank_txn_lender_disburse_bank_amount_avg_l182d,model_vars_lender,-1,-1.0
bank_txn_lender_disburse_loan_count_l182d,model_vars_lender,-1,-1.0
bank_txn_lender_disburse_bnpl_count_l182d,model_vars_lender,-1,-1.0
bank_txn_lender_disburse_advance_count_l182d,model_vars_lender,-1,-1.0
bank_txn_lender_disburse_bank_count_l182d,model_vars_lender,-1,-1.0
bank_txn_lender_disburse_loan_amount_max_l182d,model_vars_lender,-1,-1.0
bank_txn_lender_disburse_bnpl_amount_max_l182d,model_vars_lender,-1,-1.0
bank_txn_lender_disburse_advance_amount_max_l182d,model_vars_lender,-1,-1.0
bank_txn_lender_disburse_bank_amount_max_l182d,model_vars_lender,-1,-1.0
bank_txn_lender_disburse_loan_amount_min_l182d,model_vars_lender,-1,-1.0
bank_txn_lender_disburse_bnpl_amount_min_l182d,model_vars_lender,-1,-1.0
bank_txn_lender_disburse_advance_amount_min_l182d,model_vars_lender,-1,-1.0
bank_txn_lender_disburse_bank_amount_min_l182d,model_vars_lender,-1,-1.0
bank_txn_lender_repay_amount_sum_l7d,model_vars_lender,-1,-1.0
bank_txn_lender_repay_amount_avg_l7d,model_vars_lender,-1,-1.0
bank_txn_lender_repay_amount_count_l7d,model_vars_lender,-1,-1.0
bank_txn_lender_repay_amount_min_l7d,model_vars_lender,-1,-1.0
bank_txn_lender_repay_amount_max_l7d,model_vars_lender,-1,-1.0
bank_txn_lender_repay_amount_sum_l14d,model_vars_lender,-1,-1.0
bank_txn_lender_repay_amount_avg_l14d,model_vars_lender,-1,-1.0
bank_txn_lender_repay_amount_count_l14d,model_vars_lender,-1,-1.0
bank_txn_lender_repay_amount_min_l14d,model_vars_lender,-1,-1.0
bank_txn_lender_repay_amount_max_l14d,model_vars_lender,-1,-1.0
bank_txn_lender_repay_amount_sum_l28d,model_vars_lender,-1,-1.0
bank_txn_lender_repay_amount_avg_l28d,model_vars_lender,-1,-1.0
bank_txn_lender_repay_amount_count_l28d,model_vars_lender,-1,-1.0
bank_txn_lender_repay_amount_min_l28d,model_vars_lender,-1,-1.0
bank_txn_lender_repay_amount_max_l28d,model_vars_lender,-1,-1.0
bank_txn_lender_repay_amount_sum_l56d,model_vars_lender,-1,-1.0
bank_txn_lender_repay_amount_avg_l56d,model_vars_lender,-1,-1.0
bank_txn_lender_repay_amount_count_l56d,model_vars_lender,-1,-1.0
bank_txn_lender_repay_amount_min_l56d,model_vars_lender,-1,-1.0
bank_txn_lender_repay_amount_max_l56d,model_vars_lender,-1,-1.0
bank_txn_lender_repay_amount_sum_l84d,model_vars_lender,-1,-1.0
bank_txn_lender_repay_amount_avg_l84d,model_vars_lender,-1,-1.0
bank_txn_lender_repay_amount_count_l84d,model_vars_lender,-1,-1.0
bank_txn_lender_repay_amount_min_l84d,model_vars_lender,-1,-1.0
bank_txn_lender_repay_amount_max_l84d,model_vars_lender,-1,-1.0
bank_txn_lender_repay_amount_sum_l168d,model_vars_lender,-1,-1.0
bank_txn_lender_repay_amount_avg_l168d,model_vars_lender,-1,-1.0
bank_txn_lender_repay_amount_count_l168d,model_vars_lender,-1,-1.0
bank_txn_lender_repay_amount_min_l168d,model_vars_lender,-1,-1.0
bank_txn_lender_repay_amount_max_l168d,model_vars_lender,-1,-1.0
bank_txn_lender_repay_amount_sum_l182d,model_vars_lender,-1,-1.0
bank_txn_lender_repay_amount_avg_l182d,model_vars_lender,-1,-1.0
bank_txn_lender_repay_amount_count_l182d,model_vars_lender,-1,-1.0
bank_txn_lender_repay_amount_min_l182d,model_vars_lender,-1,-1.0
bank_txn_lender_repay_amount_max_l182d,model_vars_lender,-1,-1.0
bank_txn_lender_disburse_amount_sum_l7d,model_vars_lender,-1,-1.0
bank_txn_lender_disburse_amount_sum_l14d,model_vars_lender,-1,-1.0
bank_txn_lender_disburse_amount_sum_l28d,model_vars_lender,-1,-1.0
bank_txn_lender_disburse_amount_sum_l56d,model_vars_lender,-1,-1.0
bank_txn_lender_disburse_amount_sum_l84d,model_vars_lender,-1,-1.0
bank_txn_lender_disburse_amount_sum_l168d,model_vars_lender,-1,-1.0
bank_txn_lender_disburse_amount_avg_l168d,model_vars_lender,-1,-1.0
bank_txn_lender_disburse_amount_count_l168d,model_vars_lender,-1,-1.0
bank_txn_lender_disburse_amount_min_l168d,model_vars_lender,-1,-1.0
bank_txn_lender_disburse_amount_max_l168d,model_vars_lender,-1,-1.0
bank_txn_lender_disburse_amount_sum_l182d,model_vars_lender,-1,-1.0
bank_txn_lender_disburse_amount_avg_l182d,model_vars_lender,-1,-1.0
bank_txn_lender_disburse_amount_count_l182d,model_vars_lender,-1,-1.0
bank_txn_lender_disburse_amount_min_l182d,model_vars_lender,-1,-1.0
bank_txn_lender_disburse_amount_max_l182d,model_vars_lender,-1,-1.0
