feature,model_vars,default
bank_txn_balance_anomaly_days_14d,model_vars_balance,-1000000
bank_txn_balance_anomaly_days_168d,model_vars_balance,-1000000
bank_txn_balance_anomaly_days_182d,model_vars_balance,-1000000
bank_txn_balance_anomaly_days_28d,model_vars_balance,-1000000
bank_txn_balance_anomaly_days_56d,model_vars_balance,-1000000
bank_txn_balance_anomaly_days_7d,model_vars_balance,-1000000
bank_txn_balance_anomaly_days_84d,model_vars_balance,-1000000
bank_txn_balance_ar1_c_14d,model_vars_balance,-1000000
bank_txn_balance_ar1_c_168d,model_vars_balance,-1000000
bank_txn_balance_ar1_c_182d,model_vars_balance,-1000000
bank_txn_balance_ar1_c_28d,model_vars_balance,-1000000
bank_txn_balance_ar1_c_56d,model_vars_balance,-1000000
bank_txn_balance_ar1_c_7d,model_vars_balance,-1000000
bank_txn_balance_ar1_c_84d,model_vars_balance,-1000000
bank_txn_balance_ar1_phi_14d,model_vars_balance,-1000000
bank_txn_balance_ar1_phi_168d,model_vars_balance,-1000000
bank_txn_balance_ar1_phi_182d,model_vars_balance,-1000000
bank_txn_balance_ar1_phi_28d,model_vars_balance,-1000000
bank_txn_balance_ar1_phi_56d,model_vars_balance,-1000000
bank_txn_balance_ar1_phi_7d,model_vars_balance,-1000000
bank_txn_balance_ar1_phi_84d,model_vars_balance,-1000000
bank_txn_balance_ar1_resid_std_14d,model_vars_balance,-1000000
bank_txn_balance_ar1_resid_std_168d,model_vars_balance,-1000000
bank_txn_balance_ar1_resid_std_182d,model_vars_balance,-1000000
bank_txn_balance_ar1_resid_std_28d,model_vars_balance,-1000000
bank_txn_balance_ar1_resid_std_56d,model_vars_balance,-1000000
bank_txn_balance_ar1_resid_std_7d,model_vars_balance,-1000000
bank_txn_balance_ar1_resid_std_84d,model_vars_balance,-1000000
bank_txn_balance_autocorr1_14d,model_vars_balance,-1000000
bank_txn_balance_autocorr1_168d,model_vars_balance,-1000000
bank_txn_balance_autocorr1_182d,model_vars_balance,-1000000
bank_txn_balance_autocorr1_28d,model_vars_balance,-1000000
bank_txn_balance_autocorr1_56d,model_vars_balance,-1000000
bank_txn_balance_autocorr1_7d,model_vars_balance,-1000000
bank_txn_balance_autocorr1_84d,model_vars_balance,-1000000
bank_txn_balance_autocorr7_14d,model_vars_balance,-1000000
bank_txn_balance_autocorr7_168d,model_vars_balance,-1000000
bank_txn_balance_autocorr7_182d,model_vars_balance,-1000000
bank_txn_balance_autocorr7_28d,model_vars_balance,-1000000
bank_txn_balance_autocorr7_56d,model_vars_balance,-1000000
bank_txn_balance_autocorr7_7d,model_vars_balance,-1000000
bank_txn_balance_autocorr7_84d,model_vars_balance,-1000000
bank_txn_balance_below_avg_ratio_14d,model_vars_balance,-1000000
bank_txn_balance_below_avg_ratio_168d,model_vars_balance,-1000000
bank_txn_balance_below_avg_ratio_182d,model_vars_balance,-1000000
bank_txn_balance_below_avg_ratio_28d,model_vars_balance,-1000000
bank_txn_balance_below_avg_ratio_56d,model_vars_balance,-1000000
bank_txn_balance_below_avg_ratio_7d,model_vars_balance,-1000000
bank_txn_balance_below_avg_ratio_84d,model_vars_balance,-1000000
bank_txn_balance_credit_autocorr7_14d,model_vars_balance,-1000000
bank_txn_balance_credit_autocorr7_168d,model_vars_balance,-1000000
bank_txn_balance_credit_autocorr7_182d,model_vars_balance,-1000000
bank_txn_balance_credit_autocorr7_28d,model_vars_balance,-1000000
bank_txn_balance_credit_autocorr7_56d,model_vars_balance,-1000000
bank_txn_balance_credit_autocorr7_7d,model_vars_balance,-1000000
bank_txn_balance_credit_autocorr7_84d,model_vars_balance,-1000000
bank_txn_balance_credit_big_ratio_14d,model_vars_balance,-1000000
bank_txn_balance_credit_big_ratio_168d,model_vars_balance,-1000000
bank_txn_balance_credit_big_ratio_182d,model_vars_balance,-1000000
bank_txn_balance_credit_big_ratio_28d,model_vars_balance,-1000000
bank_txn_balance_credit_big_ratio_56d,model_vars_balance,-1000000
bank_txn_balance_credit_big_ratio_7d,model_vars_balance,-1000000
bank_txn_balance_credit_big_ratio_84d,model_vars_balance,-1000000
bank_txn_balance_credit_concentration_14d,model_vars_balance,-1000000
bank_txn_balance_credit_concentration_168d,model_vars_balance,-1000000
bank_txn_balance_credit_concentration_182d,model_vars_balance,-1000000
bank_txn_balance_credit_concentration_28d,model_vars_balance,-1000000
bank_txn_balance_credit_concentration_56d,model_vars_balance,-1000000
bank_txn_balance_credit_concentration_7d,model_vars_balance,-1000000
bank_txn_balance_credit_concentration_84d,model_vars_balance,-1000000
bank_txn_balance_credit_cv_14d,model_vars_balance,-1000000
bank_txn_balance_credit_cv_168d,model_vars_balance,-1000000
bank_txn_balance_credit_cv_182d,model_vars_balance,-1000000
bank_txn_balance_credit_cv_28d,model_vars_balance,-1000000
bank_txn_balance_credit_cv_56d,model_vars_balance,-1000000
bank_txn_balance_credit_cv_7d,model_vars_balance,-1000000
bank_txn_balance_credit_cv_84d,model_vars_balance,-1000000
bank_txn_balance_credit_days_14d,model_vars_balance,-1000000
bank_txn_balance_credit_days_168d,model_vars_balance,-1000000
bank_txn_balance_credit_days_182d,model_vars_balance,-1000000
bank_txn_balance_credit_days_28d,model_vars_balance,-1000000
bank_txn_balance_credit_days_56d,model_vars_balance,-1000000
bank_txn_balance_credit_days_7d,model_vars_balance,-1000000
bank_txn_balance_credit_days_84d,model_vars_balance,-1000000
bank_txn_balance_credit_entropy_14d,model_vars_balance,-1000000
bank_txn_balance_credit_entropy_168d,model_vars_balance,-1000000
bank_txn_balance_credit_entropy_182d,model_vars_balance,-1000000
bank_txn_balance_credit_entropy_28d,model_vars_balance,-1000000
bank_txn_balance_credit_entropy_56d,model_vars_balance,-1000000
bank_txn_balance_credit_entropy_7d,model_vars_balance,-1000000
bank_txn_balance_credit_entropy_84d,model_vars_balance,-1000000
bank_txn_balance_credit_fortnight_amount_14d,model_vars_balance,-1000000
bank_txn_balance_credit_fortnight_amount_168d,model_vars_balance,-1000000
bank_txn_balance_credit_fortnight_amount_182d,model_vars_balance,-1000000
bank_txn_balance_credit_fortnight_amount_28d,model_vars_balance,-1000000
bank_txn_balance_credit_fortnight_amount_56d,model_vars_balance,-1000000
bank_txn_balance_credit_fortnight_amount_7d,model_vars_balance,-1000000
bank_txn_balance_credit_fortnight_amount_84d,model_vars_balance,-1000000
bank_txn_balance_credit_fortnight_days_14d,model_vars_balance,-1000000
bank_txn_balance_credit_fortnight_days_168d,model_vars_balance,-1000000
bank_txn_balance_credit_fortnight_days_182d,model_vars_balance,-1000000
bank_txn_balance_credit_fortnight_days_28d,model_vars_balance,-1000000
bank_txn_balance_credit_fortnight_days_56d,model_vars_balance,-1000000
bank_txn_balance_credit_fortnight_days_7d,model_vars_balance,-1000000
bank_txn_balance_credit_fortnight_days_84d,model_vars_balance,-1000000
bank_txn_balance_credit_freq_14d,model_vars_balance,-1000000
bank_txn_balance_credit_freq_168d,model_vars_balance,-1000000
bank_txn_balance_credit_freq_182d,model_vars_balance,-1000000
bank_txn_balance_credit_freq_28d,model_vars_balance,-1000000
bank_txn_balance_credit_freq_56d,model_vars_balance,-1000000
bank_txn_balance_credit_freq_7d,model_vars_balance,-1000000
bank_txn_balance_credit_freq_84d,model_vars_balance,-1000000
bank_txn_balance_credit_gap_max_14d,model_vars_balance,-1000000
bank_txn_balance_credit_gap_max_168d,model_vars_balance,-1000000
bank_txn_balance_credit_gap_max_182d,model_vars_balance,-1000000
bank_txn_balance_credit_gap_max_28d,model_vars_balance,-1000000
bank_txn_balance_credit_gap_max_56d,model_vars_balance,-1000000
bank_txn_balance_credit_gap_max_7d,model_vars_balance,-1000000
bank_txn_balance_credit_gap_max_84d,model_vars_balance,-1000000
bank_txn_balance_credit_gap_mean_14d,model_vars_balance,-1000000
bank_txn_balance_credit_gap_mean_168d,model_vars_balance,-1000000
bank_txn_balance_credit_gap_mean_182d,model_vars_balance,-1000000
bank_txn_balance_credit_gap_mean_28d,model_vars_balance,-1000000
bank_txn_balance_credit_gap_mean_56d,model_vars_balance,-1000000
bank_txn_balance_credit_gap_mean_7d,model_vars_balance,-1000000
bank_txn_balance_credit_gap_mean_84d,model_vars_balance,-1000000
bank_txn_balance_credit_gini_14d,model_vars_balance,-1000000
bank_txn_balance_credit_gini_168d,model_vars_balance,-1000000
bank_txn_balance_credit_gini_182d,model_vars_balance,-1000000
bank_txn_balance_credit_gini_28d,model_vars_balance,-1000000
bank_txn_balance_credit_gini_56d,model_vars_balance,-1000000
bank_txn_balance_credit_gini_7d,model_vars_balance,-1000000
bank_txn_balance_credit_gini_84d,model_vars_balance,-1000000
bank_txn_balance_credit_max_14d,model_vars_balance,-1000000
bank_txn_balance_credit_max_168d,model_vars_balance,-1000000
bank_txn_balance_credit_max_182d,model_vars_balance,-1000000
bank_txn_balance_credit_max_28d,model_vars_balance,-1000000
bank_txn_balance_credit_max_56d,model_vars_balance,-1000000
bank_txn_balance_credit_max_7d,model_vars_balance,-1000000
bank_txn_balance_credit_max_84d,model_vars_balance,-1000000
bank_txn_balance_credit_max_ratio_14d,model_vars_balance,-1000000
bank_txn_balance_credit_max_ratio_168d,model_vars_balance,-1000000
bank_txn_balance_credit_max_ratio_182d,model_vars_balance,-1000000
bank_txn_balance_credit_max_ratio_28d,model_vars_balance,-1000000
bank_txn_balance_credit_max_ratio_56d,model_vars_balance,-1000000
bank_txn_balance_credit_max_ratio_7d,model_vars_balance,-1000000
bank_txn_balance_credit_max_ratio_84d,model_vars_balance,-1000000
bank_txn_balance_credit_mean_14d,model_vars_balance,-1000000
bank_txn_balance_credit_mean_168d,model_vars_balance,-1000000
bank_txn_balance_credit_mean_182d,model_vars_balance,-1000000
bank_txn_balance_credit_mean_28d,model_vars_balance,-1000000
bank_txn_balance_credit_mean_56d,model_vars_balance,-1000000
bank_txn_balance_credit_mean_7d,model_vars_balance,-1000000
bank_txn_balance_credit_mean_84d,model_vars_balance,-1000000
bank_txn_balance_credit_no_txn_ratio_14d,model_vars_balance,-1000000
bank_txn_balance_credit_no_txn_ratio_168d,model_vars_balance,-1000000
bank_txn_balance_credit_no_txn_ratio_182d,model_vars_balance,-1000000
bank_txn_balance_credit_no_txn_ratio_28d,model_vars_balance,-1000000
bank_txn_balance_credit_no_txn_ratio_56d,model_vars_balance,-1000000
bank_txn_balance_credit_no_txn_ratio_7d,model_vars_balance,-1000000
bank_txn_balance_credit_no_txn_ratio_84d,model_vars_balance,-1000000
bank_txn_balance_credit_snapshot_last_14d,model_vars_balance,-1000000
bank_txn_balance_credit_snapshot_last_168d,model_vars_balance,-1000000
bank_txn_balance_credit_snapshot_last_182d,model_vars_balance,-1000000
bank_txn_balance_credit_snapshot_last_28d,model_vars_balance,-1000000
bank_txn_balance_credit_snapshot_last_56d,model_vars_balance,-1000000
bank_txn_balance_credit_snapshot_last_7d,model_vars_balance,-1000000
bank_txn_balance_credit_snapshot_last_84d,model_vars_balance,-1000000
bank_txn_balance_credit_std_14d,model_vars_balance,-1000000
bank_txn_balance_credit_std_168d,model_vars_balance,-1000000
bank_txn_balance_credit_std_182d,model_vars_balance,-1000000
bank_txn_balance_credit_std_28d,model_vars_balance,-1000000
bank_txn_balance_credit_std_56d,model_vars_balance,-1000000
bank_txn_balance_credit_std_7d,model_vars_balance,-1000000
bank_txn_balance_credit_std_84d,model_vars_balance,-1000000
bank_txn_balance_credit_sum_14d,model_vars_balance,-1000000
bank_txn_balance_credit_sum_168d,model_vars_balance,-1000000
bank_txn_balance_credit_sum_182d,model_vars_balance,-1000000
bank_txn_balance_credit_sum_28d,model_vars_balance,-1000000
bank_txn_balance_credit_sum_56d,model_vars_balance,-1000000
bank_txn_balance_credit_sum_7d,model_vars_balance,-1000000
bank_txn_balance_credit_sum_84d,model_vars_balance,-1000000
bank_txn_balance_credit_tail_ratio_14d,model_vars_balance,-1000000
bank_txn_balance_credit_tail_ratio_168d,model_vars_balance,-1000000
bank_txn_balance_credit_tail_ratio_182d,model_vars_balance,-1000000
bank_txn_balance_credit_tail_ratio_28d,model_vars_balance,-1000000
bank_txn_balance_credit_tail_ratio_56d,model_vars_balance,-1000000
bank_txn_balance_credit_tail_ratio_7d,model_vars_balance,-1000000
bank_txn_balance_credit_tail_ratio_84d,model_vars_balance,-1000000
bank_txn_balance_credit_top1_share_14d,model_vars_balance,-1000000
bank_txn_balance_credit_top1_share_168d,model_vars_balance,-1000000
bank_txn_balance_credit_top1_share_182d,model_vars_balance,-1000000
bank_txn_balance_credit_top1_share_28d,model_vars_balance,-1000000
bank_txn_balance_credit_top1_share_56d,model_vars_balance,-1000000
bank_txn_balance_credit_top1_share_7d,model_vars_balance,-1000000
bank_txn_balance_credit_top1_share_84d,model_vars_balance,-1000000
bank_txn_balance_cv_14d,model_vars_balance,-1000000
bank_txn_balance_cv_168d,model_vars_balance,-1000000
bank_txn_balance_cv_182d,model_vars_balance,-1000000
bank_txn_balance_cv_28d,model_vars_balance,-1000000
bank_txn_balance_cv_56d,model_vars_balance,-1000000
bank_txn_balance_cv_7d,model_vars_balance,-1000000
bank_txn_balance_cv_84d,model_vars_balance,-1000000
bank_txn_balance_debit_after_big_avg_drop_14d,model_vars_balance,-1000000
bank_txn_balance_debit_after_big_avg_drop_168d,model_vars_balance,-1000000
bank_txn_balance_debit_after_big_avg_drop_182d,model_vars_balance,-1000000
bank_txn_balance_debit_after_big_avg_drop_28d,model_vars_balance,-1000000
bank_txn_balance_debit_after_big_avg_drop_56d,model_vars_balance,-1000000
bank_txn_balance_debit_after_big_avg_drop_7d,model_vars_balance,-1000000
bank_txn_balance_debit_after_big_avg_drop_84d,model_vars_balance,-1000000
bank_txn_balance_debit_autocorr7_14d,model_vars_balance,-1000000
bank_txn_balance_debit_autocorr7_168d,model_vars_balance,-1000000
bank_txn_balance_debit_autocorr7_182d,model_vars_balance,-1000000
bank_txn_balance_debit_autocorr7_28d,model_vars_balance,-1000000
bank_txn_balance_debit_autocorr7_56d,model_vars_balance,-1000000
bank_txn_balance_debit_autocorr7_7d,model_vars_balance,-1000000
bank_txn_balance_debit_autocorr7_84d,model_vars_balance,-1000000
bank_txn_balance_debit_big_ratio_14d,model_vars_balance,-1000000
bank_txn_balance_debit_big_ratio_168d,model_vars_balance,-1000000
bank_txn_balance_debit_big_ratio_182d,model_vars_balance,-1000000
bank_txn_balance_debit_big_ratio_28d,model_vars_balance,-1000000
bank_txn_balance_debit_big_ratio_56d,model_vars_balance,-1000000
bank_txn_balance_debit_big_ratio_7d,model_vars_balance,-1000000
bank_txn_balance_debit_big_ratio_84d,model_vars_balance,-1000000
bank_txn_balance_debit_concentration_14d,model_vars_balance,-1000000
bank_txn_balance_debit_concentration_168d,model_vars_balance,-1000000
bank_txn_balance_debit_concentration_182d,model_vars_balance,-1000000
bank_txn_balance_debit_concentration_28d,model_vars_balance,-1000000
bank_txn_balance_debit_concentration_56d,model_vars_balance,-1000000
bank_txn_balance_debit_concentration_7d,model_vars_balance,-1000000
bank_txn_balance_debit_concentration_84d,model_vars_balance,-1000000
bank_txn_balance_debit_corr_14d,model_vars_balance,-1000000
bank_txn_balance_debit_corr_168d,model_vars_balance,-1000000
bank_txn_balance_debit_corr_182d,model_vars_balance,-1000000
bank_txn_balance_debit_corr_28d,model_vars_balance,-1000000
bank_txn_balance_debit_corr_56d,model_vars_balance,-1000000
bank_txn_balance_debit_corr_7d,model_vars_balance,-1000000
bank_txn_balance_debit_corr_84d,model_vars_balance,-1000000
bank_txn_balance_debit_cv_14d,model_vars_balance,-1000000
bank_txn_balance_debit_cv_168d,model_vars_balance,-1000000
bank_txn_balance_debit_cv_182d,model_vars_balance,-1000000
bank_txn_balance_debit_cv_28d,model_vars_balance,-1000000
bank_txn_balance_debit_cv_56d,model_vars_balance,-1000000
bank_txn_balance_debit_cv_7d,model_vars_balance,-1000000
bank_txn_balance_debit_cv_84d,model_vars_balance,-1000000
bank_txn_balance_debit_days_14d,model_vars_balance,-1000000
bank_txn_balance_debit_days_168d,model_vars_balance,-1000000
bank_txn_balance_debit_days_182d,model_vars_balance,-1000000
bank_txn_balance_debit_days_28d,model_vars_balance,-1000000
bank_txn_balance_debit_days_56d,model_vars_balance,-1000000
bank_txn_balance_debit_days_7d,model_vars_balance,-1000000
bank_txn_balance_debit_days_84d,model_vars_balance,-1000000
bank_txn_balance_debit_entropy_14d,model_vars_balance,-1000000
bank_txn_balance_debit_entropy_168d,model_vars_balance,-1000000
bank_txn_balance_debit_entropy_182d,model_vars_balance,-1000000
bank_txn_balance_debit_entropy_28d,model_vars_balance,-1000000
bank_txn_balance_debit_entropy_56d,model_vars_balance,-1000000
bank_txn_balance_debit_entropy_7d,model_vars_balance,-1000000
bank_txn_balance_debit_entropy_84d,model_vars_balance,-1000000
bank_txn_balance_debit_fortnight_amount_14d,model_vars_balance,-1000000
bank_txn_balance_debit_fortnight_amount_168d,model_vars_balance,-1000000
bank_txn_balance_debit_fortnight_amount_182d,model_vars_balance,-1000000
bank_txn_balance_debit_fortnight_amount_28d,model_vars_balance,-1000000
bank_txn_balance_debit_fortnight_amount_56d,model_vars_balance,-1000000
bank_txn_balance_debit_fortnight_amount_7d,model_vars_balance,-1000000
bank_txn_balance_debit_fortnight_amount_84d,model_vars_balance,-1000000
bank_txn_balance_debit_fortnight_days_14d,model_vars_balance,-1000000
bank_txn_balance_debit_fortnight_days_168d,model_vars_balance,-1000000
bank_txn_balance_debit_fortnight_days_182d,model_vars_balance,-1000000
bank_txn_balance_debit_fortnight_days_28d,model_vars_balance,-1000000
bank_txn_balance_debit_fortnight_days_56d,model_vars_balance,-1000000
bank_txn_balance_debit_fortnight_days_7d,model_vars_balance,-1000000
bank_txn_balance_debit_fortnight_days_84d,model_vars_balance,-1000000
bank_txn_balance_debit_freq_14d,model_vars_balance,-1000000
bank_txn_balance_debit_freq_168d,model_vars_balance,-1000000
bank_txn_balance_debit_freq_182d,model_vars_balance,-1000000
bank_txn_balance_debit_freq_28d,model_vars_balance,-1000000
bank_txn_balance_debit_freq_56d,model_vars_balance,-1000000
bank_txn_balance_debit_freq_7d,model_vars_balance,-1000000
bank_txn_balance_debit_freq_84d,model_vars_balance,-1000000
bank_txn_balance_debit_gap_max_14d,model_vars_balance,-1000000
bank_txn_balance_debit_gap_max_168d,model_vars_balance,-1000000
bank_txn_balance_debit_gap_max_182d,model_vars_balance,-1000000
bank_txn_balance_debit_gap_max_28d,model_vars_balance,-1000000
bank_txn_balance_debit_gap_max_56d,model_vars_balance,-1000000
bank_txn_balance_debit_gap_max_7d,model_vars_balance,-1000000
bank_txn_balance_debit_gap_max_84d,model_vars_balance,-1000000
bank_txn_balance_debit_gap_mean_14d,model_vars_balance,-1000000
bank_txn_balance_debit_gap_mean_168d,model_vars_balance,-1000000
bank_txn_balance_debit_gap_mean_182d,model_vars_balance,-1000000
bank_txn_balance_debit_gap_mean_28d,model_vars_balance,-1000000
bank_txn_balance_debit_gap_mean_56d,model_vars_balance,-1000000
bank_txn_balance_debit_gap_mean_7d,model_vars_balance,-1000000
bank_txn_balance_debit_gap_mean_84d,model_vars_balance,-1000000
bank_txn_balance_debit_gini_14d,model_vars_balance,-1000000
bank_txn_balance_debit_gini_168d,model_vars_balance,-1000000
bank_txn_balance_debit_gini_182d,model_vars_balance,-1000000
bank_txn_balance_debit_gini_28d,model_vars_balance,-1000000
bank_txn_balance_debit_gini_56d,model_vars_balance,-1000000
bank_txn_balance_debit_gini_7d,model_vars_balance,-1000000
bank_txn_balance_debit_gini_84d,model_vars_balance,-1000000
bank_txn_balance_debit_max_14d,model_vars_balance,-1000000
bank_txn_balance_debit_max_168d,model_vars_balance,-1000000
bank_txn_balance_debit_max_182d,model_vars_balance,-1000000
bank_txn_balance_debit_max_28d,model_vars_balance,-1000000
bank_txn_balance_debit_max_56d,model_vars_balance,-1000000
bank_txn_balance_debit_max_7d,model_vars_balance,-1000000
bank_txn_balance_debit_max_84d,model_vars_balance,-1000000
bank_txn_balance_debit_max_ratio_14d,model_vars_balance,-1000000
bank_txn_balance_debit_max_ratio_168d,model_vars_balance,-1000000
bank_txn_balance_debit_max_ratio_182d,model_vars_balance,-1000000
bank_txn_balance_debit_max_ratio_28d,model_vars_balance,-1000000
bank_txn_balance_debit_max_ratio_56d,model_vars_balance,-1000000
bank_txn_balance_debit_max_ratio_7d,model_vars_balance,-1000000
bank_txn_balance_debit_max_ratio_84d,model_vars_balance,-1000000
bank_txn_balance_debit_mean_14d,model_vars_balance,-1000000
bank_txn_balance_debit_mean_168d,model_vars_balance,-1000000
bank_txn_balance_debit_mean_182d,model_vars_balance,-1000000
bank_txn_balance_debit_mean_28d,model_vars_balance,-1000000
bank_txn_balance_debit_mean_56d,model_vars_balance,-1000000
bank_txn_balance_debit_mean_7d,model_vars_balance,-1000000
bank_txn_balance_debit_mean_84d,model_vars_balance,-1000000
bank_txn_balance_debit_no_txn_ratio_14d,model_vars_balance,-1000000
bank_txn_balance_debit_no_txn_ratio_168d,model_vars_balance,-1000000
bank_txn_balance_debit_no_txn_ratio_182d,model_vars_balance,-1000000
bank_txn_balance_debit_no_txn_ratio_28d,model_vars_balance,-1000000
bank_txn_balance_debit_no_txn_ratio_56d,model_vars_balance,-1000000
bank_txn_balance_debit_no_txn_ratio_7d,model_vars_balance,-1000000
bank_txn_balance_debit_no_txn_ratio_84d,model_vars_balance,-1000000
bank_txn_balance_debit_snapshot_last_14d,model_vars_balance,-1000000
bank_txn_balance_debit_snapshot_last_168d,model_vars_balance,-1000000
bank_txn_balance_debit_snapshot_last_182d,model_vars_balance,-1000000
bank_txn_balance_debit_snapshot_last_28d,model_vars_balance,-1000000
bank_txn_balance_debit_snapshot_last_56d,model_vars_balance,-1000000
bank_txn_balance_debit_snapshot_last_7d,model_vars_balance,-1000000
bank_txn_balance_debit_snapshot_last_84d,model_vars_balance,-1000000
bank_txn_balance_debit_std_14d,model_vars_balance,-1000000
bank_txn_balance_debit_std_168d,model_vars_balance,-1000000
bank_txn_balance_debit_std_182d,model_vars_balance,-1000000
bank_txn_balance_debit_std_28d,model_vars_balance,-1000000
bank_txn_balance_debit_std_56d,model_vars_balance,-1000000
bank_txn_balance_debit_std_7d,model_vars_balance,-1000000
bank_txn_balance_debit_std_84d,model_vars_balance,-1000000
bank_txn_balance_debit_sum_14d,model_vars_balance,-1000000
bank_txn_balance_debit_sum_168d,model_vars_balance,-1000000
bank_txn_balance_debit_sum_182d,model_vars_balance,-1000000
bank_txn_balance_debit_sum_28d,model_vars_balance,-1000000
bank_txn_balance_debit_sum_56d,model_vars_balance,-1000000
bank_txn_balance_debit_sum_7d,model_vars_balance,-1000000
bank_txn_balance_debit_sum_84d,model_vars_balance,-1000000
bank_txn_balance_debit_tail_ratio_14d,model_vars_balance,-1000000
bank_txn_balance_debit_tail_ratio_168d,model_vars_balance,-1000000
bank_txn_balance_debit_tail_ratio_182d,model_vars_balance,-1000000
bank_txn_balance_debit_tail_ratio_28d,model_vars_balance,-1000000
bank_txn_balance_debit_tail_ratio_56d,model_vars_balance,-1000000
bank_txn_balance_debit_tail_ratio_7d,model_vars_balance,-1000000
bank_txn_balance_debit_tail_ratio_84d,model_vars_balance,-1000000
bank_txn_balance_debit_top1_share_14d,model_vars_balance,-1000000
bank_txn_balance_debit_top1_share_168d,model_vars_balance,-1000000
bank_txn_balance_debit_top1_share_182d,model_vars_balance,-1000000
bank_txn_balance_debit_top1_share_28d,model_vars_balance,-1000000
bank_txn_balance_debit_top1_share_56d,model_vars_balance,-1000000
bank_txn_balance_debit_top1_share_7d,model_vars_balance,-1000000
bank_txn_balance_debit_top1_share_84d,model_vars_balance,-1000000
bank_txn_balance_dev_from_hist_mean_14d,model_vars_balance,-1000000
bank_txn_balance_dev_from_hist_mean_168d,model_vars_balance,-1000000
bank_txn_balance_dev_from_hist_mean_182d,model_vars_balance,-1000000
bank_txn_balance_dev_from_hist_mean_28d,model_vars_balance,-1000000
bank_txn_balance_dev_from_hist_mean_56d,model_vars_balance,-1000000
bank_txn_balance_dev_from_hist_mean_7d,model_vars_balance,-1000000
bank_txn_balance_dev_from_hist_mean_84d,model_vars_balance,-1000000
bank_txn_balance_ewma_resid_ac1_14d,model_vars_balance,-1000000
bank_txn_balance_ewma_resid_ac1_168d,model_vars_balance,-1000000
bank_txn_balance_ewma_resid_ac1_182d,model_vars_balance,-1000000
bank_txn_balance_ewma_resid_ac1_28d,model_vars_balance,-1000000
bank_txn_balance_ewma_resid_ac1_56d,model_vars_balance,-1000000
bank_txn_balance_ewma_resid_ac1_7d,model_vars_balance,-1000000
bank_txn_balance_ewma_resid_ac1_84d,model_vars_balance,-1000000
bank_txn_balance_ewma_resid_mae_14d,model_vars_balance,-1000000
bank_txn_balance_ewma_resid_mae_168d,model_vars_balance,-1000000
bank_txn_balance_ewma_resid_mae_182d,model_vars_balance,-1000000
bank_txn_balance_ewma_resid_mae_28d,model_vars_balance,-1000000
bank_txn_balance_ewma_resid_mae_56d,model_vars_balance,-1000000
bank_txn_balance_ewma_resid_mae_7d,model_vars_balance,-1000000
bank_txn_balance_ewma_resid_mae_84d,model_vars_balance,-1000000
bank_txn_balance_ewma_resid_std_14d,model_vars_balance,-1000000
bank_txn_balance_ewma_resid_std_168d,model_vars_balance,-1000000
bank_txn_balance_ewma_resid_std_182d,model_vars_balance,-1000000
bank_txn_balance_ewma_resid_std_28d,model_vars_balance,-1000000
bank_txn_balance_ewma_resid_std_56d,model_vars_balance,-1000000
bank_txn_balance_ewma_resid_std_7d,model_vars_balance,-1000000
bank_txn_balance_ewma_resid_std_84d,model_vars_balance,-1000000
bank_txn_balance_extreme_ratio_14d,model_vars_balance,-1000000
bank_txn_balance_extreme_ratio_168d,model_vars_balance,-1000000
bank_txn_balance_extreme_ratio_182d,model_vars_balance,-1000000
bank_txn_balance_extreme_ratio_28d,model_vars_balance,-1000000
bank_txn_balance_extreme_ratio_56d,model_vars_balance,-1000000
bank_txn_balance_extreme_ratio_7d,model_vars_balance,-1000000
bank_txn_balance_extreme_ratio_84d,model_vars_balance,-1000000
bank_txn_balance_fluctuation_anomaly_days_14d,model_vars_balance,-1000000
bank_txn_balance_fluctuation_anomaly_days_168d,model_vars_balance,-1000000
bank_txn_balance_fluctuation_anomaly_days_182d,model_vars_balance,-1000000
bank_txn_balance_fluctuation_anomaly_days_28d,model_vars_balance,-1000000
bank_txn_balance_fluctuation_anomaly_days_56d,model_vars_balance,-1000000
bank_txn_balance_fluctuation_anomaly_days_7d,model_vars_balance,-1000000
bank_txn_balance_fluctuation_anomaly_days_84d,model_vars_balance,-1000000
bank_txn_balance_global_balance_to_debit_ratio_mean_14d,model_vars_balance,-1000000
bank_txn_balance_global_balance_to_debit_ratio_mean_168d,model_vars_balance,-1000000
bank_txn_balance_global_balance_to_debit_ratio_mean_182d,model_vars_balance,-1000000
bank_txn_balance_global_balance_to_debit_ratio_mean_28d,model_vars_balance,-1000000
bank_txn_balance_global_balance_to_debit_ratio_mean_56d,model_vars_balance,-1000000
bank_txn_balance_global_balance_to_debit_ratio_mean_7d,model_vars_balance,-1000000
bank_txn_balance_global_balance_to_debit_ratio_mean_84d,model_vars_balance,-1000000
bank_txn_balance_global_coverage_ratio_14d,model_vars_balance,-1000000
bank_txn_balance_global_coverage_ratio_168d,model_vars_balance,-1000000
bank_txn_balance_global_coverage_ratio_182d,model_vars_balance,-1000000
bank_txn_balance_global_coverage_ratio_28d,model_vars_balance,-1000000
bank_txn_balance_global_coverage_ratio_56d,model_vars_balance,-1000000
bank_txn_balance_global_coverage_ratio_7d,model_vars_balance,-1000000
bank_txn_balance_global_coverage_ratio_84d,model_vars_balance,-1000000
bank_txn_balance_global_debit_credit_ratio_14d,model_vars_balance,-1000000
bank_txn_balance_global_debit_credit_ratio_168d,model_vars_balance,-1000000
bank_txn_balance_global_debit_credit_ratio_182d,model_vars_balance,-1000000
bank_txn_balance_global_debit_credit_ratio_28d,model_vars_balance,-1000000
bank_txn_balance_global_debit_credit_ratio_56d,model_vars_balance,-1000000
bank_txn_balance_global_debit_credit_ratio_7d,model_vars_balance,-1000000
bank_txn_balance_global_debit_credit_ratio_84d,model_vars_balance,-1000000
bank_txn_balance_global_net_burn_per_day_14d,model_vars_balance,-1000000
bank_txn_balance_global_net_burn_per_day_168d,model_vars_balance,-1000000
bank_txn_balance_global_net_burn_per_day_182d,model_vars_balance,-1000000
bank_txn_balance_global_net_burn_per_day_28d,model_vars_balance,-1000000
bank_txn_balance_global_net_burn_per_day_56d,model_vars_balance,-1000000
bank_txn_balance_global_net_burn_per_day_7d,model_vars_balance,-1000000
bank_txn_balance_global_net_burn_per_day_84d,model_vars_balance,-1000000
bank_txn_balance_global_pca_pc1_loading_balance_14d,model_vars_balance,-1000000
bank_txn_balance_global_pca_pc1_loading_balance_168d,model_vars_balance,-1000000
bank_txn_balance_global_pca_pc1_loading_balance_182d,model_vars_balance,-1000000
bank_txn_balance_global_pca_pc1_loading_balance_28d,model_vars_balance,-1000000
bank_txn_balance_global_pca_pc1_loading_balance_56d,model_vars_balance,-1000000
bank_txn_balance_global_pca_pc1_loading_balance_7d,model_vars_balance,-1000000
bank_txn_balance_global_pca_pc1_loading_balance_84d,model_vars_balance,-1000000
bank_txn_balance_global_pca_pc1_loading_credit_14d,model_vars_balance,-1000000
bank_txn_balance_global_pca_pc1_loading_credit_168d,model_vars_balance,-1000000
bank_txn_balance_global_pca_pc1_loading_credit_182d,model_vars_balance,-1000000
bank_txn_balance_global_pca_pc1_loading_credit_28d,model_vars_balance,-1000000
bank_txn_balance_global_pca_pc1_loading_credit_56d,model_vars_balance,-1000000
bank_txn_balance_global_pca_pc1_loading_credit_7d,model_vars_balance,-1000000
bank_txn_balance_global_pca_pc1_loading_credit_84d,model_vars_balance,-1000000
bank_txn_balance_global_pca_pc1_loading_debit_14d,model_vars_balance,-1000000
bank_txn_balance_global_pca_pc1_loading_debit_168d,model_vars_balance,-1000000
bank_txn_balance_global_pca_pc1_loading_debit_182d,model_vars_balance,-1000000
bank_txn_balance_global_pca_pc1_loading_debit_28d,model_vars_balance,-1000000
bank_txn_balance_global_pca_pc1_loading_debit_56d,model_vars_balance,-1000000
bank_txn_balance_global_pca_pc1_loading_debit_7d,model_vars_balance,-1000000
bank_txn_balance_global_pca_pc1_loading_debit_84d,model_vars_balance,-1000000
bank_txn_balance_global_pca_var_exp_14d,model_vars_balance,-1000000
bank_txn_balance_global_pca_var_exp_168d,model_vars_balance,-1000000
bank_txn_balance_global_pca_var_exp_182d,model_vars_balance,-1000000
bank_txn_balance_global_pca_var_exp_28d,model_vars_balance,-1000000
bank_txn_balance_global_pca_var_exp_56d,model_vars_balance,-1000000
bank_txn_balance_global_pca_var_exp_7d,model_vars_balance,-1000000
bank_txn_balance_global_pca_var_exp_84d,model_vars_balance,-1000000
bank_txn_balance_global_savings_rate_14d,model_vars_balance,-1000000
bank_txn_balance_global_savings_rate_168d,model_vars_balance,-1000000
bank_txn_balance_global_savings_rate_182d,model_vars_balance,-1000000
bank_txn_balance_global_savings_rate_28d,model_vars_balance,-1000000
bank_txn_balance_global_savings_rate_56d,model_vars_balance,-1000000
bank_txn_balance_global_savings_rate_7d,model_vars_balance,-1000000
bank_txn_balance_global_savings_rate_84d,model_vars_balance,-1000000
bank_txn_balance_hurst_14d,model_vars_balance,-1000000
bank_txn_balance_hurst_168d,model_vars_balance,-1000000
bank_txn_balance_hurst_182d,model_vars_balance,-1000000
bank_txn_balance_hurst_28d,model_vars_balance,-1000000
bank_txn_balance_hurst_56d,model_vars_balance,-1000000
bank_txn_balance_hurst_7d,model_vars_balance,-1000000
bank_txn_balance_hurst_84d,model_vars_balance,-1000000
bank_txn_balance_kgram1_neg_14d,model_vars_balance,-1000000
bank_txn_balance_kgram1_neg_168d,model_vars_balance,-1000000
bank_txn_balance_kgram1_neg_182d,model_vars_balance,-1000000
bank_txn_balance_kgram1_neg_28d,model_vars_balance,-1000000
bank_txn_balance_kgram1_neg_56d,model_vars_balance,-1000000
bank_txn_balance_kgram1_neg_7d,model_vars_balance,-1000000
bank_txn_balance_kgram1_neg_84d,model_vars_balance,-1000000
bank_txn_balance_kgram1_pos_14d,model_vars_balance,-1000000
bank_txn_balance_kgram1_pos_168d,model_vars_balance,-1000000
bank_txn_balance_kgram1_pos_182d,model_vars_balance,-1000000
bank_txn_balance_kgram1_pos_28d,model_vars_balance,-1000000
bank_txn_balance_kgram1_pos_56d,model_vars_balance,-1000000
bank_txn_balance_kgram1_pos_7d,model_vars_balance,-1000000
bank_txn_balance_kgram1_pos_84d,model_vars_balance,-1000000
bank_txn_balance_kgram1_zero_14d,model_vars_balance,-1000000
bank_txn_balance_kgram1_zero_168d,model_vars_balance,-1000000
bank_txn_balance_kgram1_zero_182d,model_vars_balance,-1000000
bank_txn_balance_kgram1_zero_28d,model_vars_balance,-1000000
bank_txn_balance_kgram1_zero_56d,model_vars_balance,-1000000
bank_txn_balance_kgram1_zero_7d,model_vars_balance,-1000000
bank_txn_balance_kgram1_zero_84d,model_vars_balance,-1000000
bank_txn_balance_kgram2-1_-1_14d,model_vars_balance,-1000000
bank_txn_balance_kgram2-1_-1_168d,model_vars_balance,-1000000
bank_txn_balance_kgram2-1_-1_182d,model_vars_balance,-1000000
bank_txn_balance_kgram2-1_-1_28d,model_vars_balance,-1000000
bank_txn_balance_kgram2-1_-1_56d,model_vars_balance,-1000000
bank_txn_balance_kgram2-1_-1_7d,model_vars_balance,-1000000
bank_txn_balance_kgram2-1_-1_84d,model_vars_balance,-1000000
bank_txn_balance_kgram2-1_0_14d,model_vars_balance,-1000000
bank_txn_balance_kgram2-1_0_168d,model_vars_balance,-1000000
bank_txn_balance_kgram2-1_0_182d,model_vars_balance,-1000000
bank_txn_balance_kgram2-1_0_28d,model_vars_balance,-1000000
bank_txn_balance_kgram2-1_0_56d,model_vars_balance,-1000000
bank_txn_balance_kgram2-1_0_7d,model_vars_balance,-1000000
bank_txn_balance_kgram2-1_0_84d,model_vars_balance,-1000000
bank_txn_balance_kgram2-1_1_14d,model_vars_balance,-1000000
bank_txn_balance_kgram2-1_1_168d,model_vars_balance,-1000000
bank_txn_balance_kgram2-1_1_182d,model_vars_balance,-1000000
bank_txn_balance_kgram2-1_1_28d,model_vars_balance,-1000000
bank_txn_balance_kgram2-1_1_56d,model_vars_balance,-1000000
bank_txn_balance_kgram2-1_1_7d,model_vars_balance,-1000000
bank_txn_balance_kgram2-1_1_84d,model_vars_balance,-1000000
bank_txn_balance_kgram20_-1_14d,model_vars_balance,-1000000
bank_txn_balance_kgram20_-1_168d,model_vars_balance,-1000000
bank_txn_balance_kgram20_-1_182d,model_vars_balance,-1000000
bank_txn_balance_kgram20_-1_28d,model_vars_balance,-1000000
bank_txn_balance_kgram20_-1_56d,model_vars_balance,-1000000
bank_txn_balance_kgram20_-1_7d,model_vars_balance,-1000000
bank_txn_balance_kgram20_-1_84d,model_vars_balance,-1000000
bank_txn_balance_kgram20_0_14d,model_vars_balance,-1000000
bank_txn_balance_kgram20_0_168d,model_vars_balance,-1000000
bank_txn_balance_kgram20_0_182d,model_vars_balance,-1000000
bank_txn_balance_kgram20_0_28d,model_vars_balance,-1000000
bank_txn_balance_kgram20_0_56d,model_vars_balance,-1000000
bank_txn_balance_kgram20_0_7d,model_vars_balance,-1000000
bank_txn_balance_kgram20_0_84d,model_vars_balance,-1000000
bank_txn_balance_kgram20_1_14d,model_vars_balance,-1000000
bank_txn_balance_kgram20_1_168d,model_vars_balance,-1000000
bank_txn_balance_kgram20_1_182d,model_vars_balance,-1000000
bank_txn_balance_kgram20_1_28d,model_vars_balance,-1000000
bank_txn_balance_kgram20_1_56d,model_vars_balance,-1000000
bank_txn_balance_kgram20_1_7d,model_vars_balance,-1000000
bank_txn_balance_kgram20_1_84d,model_vars_balance,-1000000
bank_txn_balance_kgram21_-1_14d,model_vars_balance,-1000000
bank_txn_balance_kgram21_-1_168d,model_vars_balance,-1000000
bank_txn_balance_kgram21_-1_182d,model_vars_balance,-1000000
bank_txn_balance_kgram21_-1_28d,model_vars_balance,-1000000
bank_txn_balance_kgram21_-1_56d,model_vars_balance,-1000000
bank_txn_balance_kgram21_-1_7d,model_vars_balance,-1000000
bank_txn_balance_kgram21_-1_84d,model_vars_balance,-1000000
bank_txn_balance_kgram21_0_14d,model_vars_balance,-1000000
bank_txn_balance_kgram21_0_168d,model_vars_balance,-1000000
bank_txn_balance_kgram21_0_182d,model_vars_balance,-1000000
bank_txn_balance_kgram21_0_28d,model_vars_balance,-1000000
bank_txn_balance_kgram21_0_56d,model_vars_balance,-1000000
bank_txn_balance_kgram21_0_7d,model_vars_balance,-1000000
bank_txn_balance_kgram21_0_84d,model_vars_balance,-1000000
bank_txn_balance_kgram21_1_14d,model_vars_balance,-1000000
bank_txn_balance_kgram21_1_168d,model_vars_balance,-1000000
bank_txn_balance_kgram21_1_182d,model_vars_balance,-1000000
bank_txn_balance_kgram21_1_28d,model_vars_balance,-1000000
bank_txn_balance_kgram21_1_56d,model_vars_balance,-1000000
bank_txn_balance_kgram21_1_7d,model_vars_balance,-1000000
bank_txn_balance_kgram21_1_84d,model_vars_balance,-1000000
bank_txn_balance_kmeans2_c0_14d,model_vars_balance,-1000000
bank_txn_balance_kmeans2_c0_168d,model_vars_balance,-1000000
bank_txn_balance_kmeans2_c0_182d,model_vars_balance,-1000000
bank_txn_balance_kmeans2_c0_28d,model_vars_balance,-1000000
bank_txn_balance_kmeans2_c0_56d,model_vars_balance,-1000000
bank_txn_balance_kmeans2_c0_7d,model_vars_balance,-1000000
bank_txn_balance_kmeans2_c0_84d,model_vars_balance,-1000000
bank_txn_balance_kmeans2_c1_14d,model_vars_balance,-1000000
bank_txn_balance_kmeans2_c1_168d,model_vars_balance,-1000000
bank_txn_balance_kmeans2_c1_182d,model_vars_balance,-1000000
bank_txn_balance_kmeans2_c1_28d,model_vars_balance,-1000000
bank_txn_balance_kmeans2_c1_56d,model_vars_balance,-1000000
bank_txn_balance_kmeans2_c1_7d,model_vars_balance,-1000000
bank_txn_balance_kmeans2_c1_84d,model_vars_balance,-1000000
bank_txn_balance_kmeans2_sep_14d,model_vars_balance,-1000000
bank_txn_balance_kmeans2_sep_168d,model_vars_balance,-1000000
bank_txn_balance_kmeans2_sep_182d,model_vars_balance,-1000000
bank_txn_balance_kmeans2_sep_28d,model_vars_balance,-1000000
bank_txn_balance_kmeans2_sep_56d,model_vars_balance,-1000000
bank_txn_balance_kmeans2_sep_7d,model_vars_balance,-1000000
bank_txn_balance_kmeans2_sep_84d,model_vars_balance,-1000000
bank_txn_balance_kmeans2_size0_14d,model_vars_balance,-1000000
bank_txn_balance_kmeans2_size0_168d,model_vars_balance,-1000000
bank_txn_balance_kmeans2_size0_182d,model_vars_balance,-1000000
bank_txn_balance_kmeans2_size0_28d,model_vars_balance,-1000000
bank_txn_balance_kmeans2_size0_56d,model_vars_balance,-1000000
bank_txn_balance_kmeans2_size0_7d,model_vars_balance,-1000000
bank_txn_balance_kmeans2_size0_84d,model_vars_balance,-1000000
bank_txn_balance_kmeans2_size1_14d,model_vars_balance,-1000000
bank_txn_balance_kmeans2_size1_168d,model_vars_balance,-1000000
bank_txn_balance_kmeans2_size1_182d,model_vars_balance,-1000000
bank_txn_balance_kmeans2_size1_28d,model_vars_balance,-1000000
bank_txn_balance_kmeans2_size1_56d,model_vars_balance,-1000000
bank_txn_balance_kmeans2_size1_7d,model_vars_balance,-1000000
bank_txn_balance_kmeans2_size1_84d,model_vars_balance,-1000000
bank_txn_balance_kmeans2_wcss_14d,model_vars_balance,-1000000
bank_txn_balance_kmeans2_wcss_168d,model_vars_balance,-1000000
bank_txn_balance_kmeans2_wcss_182d,model_vars_balance,-1000000
bank_txn_balance_kmeans2_wcss_28d,model_vars_balance,-1000000
bank_txn_balance_kmeans2_wcss_56d,model_vars_balance,-1000000
bank_txn_balance_kmeans2_wcss_7d,model_vars_balance,-1000000
bank_txn_balance_kmeans2_wcss_84d,model_vars_balance,-1000000
bank_txn_balance_kurtosis_14d,model_vars_balance,-1000000
bank_txn_balance_kurtosis_168d,model_vars_balance,-1000000
bank_txn_balance_kurtosis_182d,model_vars_balance,-1000000
bank_txn_balance_kurtosis_28d,model_vars_balance,-1000000
bank_txn_balance_kurtosis_56d,model_vars_balance,-1000000
bank_txn_balance_kurtosis_7d,model_vars_balance,-1000000
bank_txn_balance_kurtosis_84d,model_vars_balance,-1000000
bank_txn_balance_max_14d,model_vars_balance,-1000000
bank_txn_balance_max_168d,model_vars_balance,-1000000
bank_txn_balance_max_182d,model_vars_balance,-1000000
bank_txn_balance_max_28d,model_vars_balance,-1000000
bank_txn_balance_max_56d,model_vars_balance,-1000000
bank_txn_balance_max_7d,model_vars_balance,-1000000
bank_txn_balance_max_84d,model_vars_balance,-1000000
bank_txn_balance_max_drawdown_14d,model_vars_balance,-1000000
bank_txn_balance_max_drawdown_168d,model_vars_balance,-1000000
bank_txn_balance_max_drawdown_182d,model_vars_balance,-1000000
bank_txn_balance_max_drawdown_28d,model_vars_balance,-1000000
bank_txn_balance_max_drawdown_56d,model_vars_balance,-1000000
bank_txn_balance_max_drawdown_7d,model_vars_balance,-1000000
bank_txn_balance_max_drawdown_84d,model_vars_balance,-1000000
bank_txn_balance_mean_14d,model_vars_balance,-1000000
bank_txn_balance_mean_168d,model_vars_balance,-1000000
bank_txn_balance_mean_182d,model_vars_balance,-1000000
bank_txn_balance_mean_28d,model_vars_balance,-1000000
bank_txn_balance_mean_56d,model_vars_balance,-1000000
bank_txn_balance_mean_7d,model_vars_balance,-1000000
bank_txn_balance_mean_84d,model_vars_balance,-1000000
bank_txn_balance_min_14d,model_vars_balance,-1000000
bank_txn_balance_min_168d,model_vars_balance,-1000000
bank_txn_balance_min_182d,model_vars_balance,-1000000
bank_txn_balance_min_28d,model_vars_balance,-1000000
bank_txn_balance_min_56d,model_vars_balance,-1000000
bank_txn_balance_min_7d,model_vars_balance,-1000000
bank_txn_balance_min_84d,model_vars_balance,-1000000
bank_txn_balance_monotonicity_14d,model_vars_balance,-1000000
bank_txn_balance_monotonicity_168d,model_vars_balance,-1000000
bank_txn_balance_monotonicity_182d,model_vars_balance,-1000000
bank_txn_balance_monotonicity_28d,model_vars_balance,-1000000
bank_txn_balance_monotonicity_56d,model_vars_balance,-1000000
bank_txn_balance_monotonicity_7d,model_vars_balance,-1000000
bank_txn_balance_monotonicity_84d,model_vars_balance,-1000000
bank_txn_balance_netinflow_corr_14d,model_vars_balance,-1000000
bank_txn_balance_netinflow_corr_168d,model_vars_balance,-1000000
bank_txn_balance_netinflow_corr_182d,model_vars_balance,-1000000
bank_txn_balance_netinflow_corr_28d,model_vars_balance,-1000000
bank_txn_balance_netinflow_corr_56d,model_vars_balance,-1000000
bank_txn_balance_netinflow_corr_7d,model_vars_balance,-1000000
bank_txn_balance_netinflow_corr_84d,model_vars_balance,-1000000
bank_txn_balance_ols_r2_14d,model_vars_balance,-1000000
bank_txn_balance_ols_r2_168d,model_vars_balance,-1000000
bank_txn_balance_ols_r2_182d,model_vars_balance,-1000000
bank_txn_balance_ols_r2_28d,model_vars_balance,-1000000
bank_txn_balance_ols_r2_56d,model_vars_balance,-1000000
bank_txn_balance_ols_r2_7d,model_vars_balance,-1000000
bank_txn_balance_ols_r2_84d,model_vars_balance,-1000000
bank_txn_balance_ols_slope_14d,model_vars_balance,-1000000
bank_txn_balance_ols_slope_168d,model_vars_balance,-1000000
bank_txn_balance_ols_slope_182d,model_vars_balance,-1000000
bank_txn_balance_ols_slope_28d,model_vars_balance,-1000000
bank_txn_balance_ols_slope_56d,model_vars_balance,-1000000
bank_txn_balance_ols_slope_7d,model_vars_balance,-1000000
bank_txn_balance_ols_slope_84d,model_vars_balance,-1000000
bank_txn_balance_pct_change_mean_14d,model_vars_balance,-1000000
bank_txn_balance_pct_change_mean_168d,model_vars_balance,-1000000
bank_txn_balance_pct_change_mean_182d,model_vars_balance,-1000000
bank_txn_balance_pct_change_mean_28d,model_vars_balance,-1000000
bank_txn_balance_pct_change_mean_56d,model_vars_balance,-1000000
bank_txn_balance_pct_change_mean_7d,model_vars_balance,-1000000
bank_txn_balance_pct_change_mean_84d,model_vars_balance,-1000000
bank_txn_balance_pct_change_std_14d,model_vars_balance,-1000000
bank_txn_balance_pct_change_std_168d,model_vars_balance,-1000000
bank_txn_balance_pct_change_std_182d,model_vars_balance,-1000000
bank_txn_balance_pct_change_std_28d,model_vars_balance,-1000000
bank_txn_balance_pct_change_std_56d,model_vars_balance,-1000000
bank_txn_balance_pct_change_std_7d,model_vars_balance,-1000000
bank_txn_balance_pct_change_std_84d,model_vars_balance,-1000000
bank_txn_balance_poly2_r2_14d,model_vars_balance,-1000000
bank_txn_balance_poly2_r2_168d,model_vars_balance,-1000000
bank_txn_balance_poly2_r2_182d,model_vars_balance,-1000000
bank_txn_balance_poly2_r2_28d,model_vars_balance,-1000000
bank_txn_balance_poly2_r2_56d,model_vars_balance,-1000000
bank_txn_balance_poly2_r2_7d,model_vars_balance,-1000000
bank_txn_balance_poly2_r2_84d,model_vars_balance,-1000000
bank_txn_balance_poly2_slope1_14d,model_vars_balance,-1000000
bank_txn_balance_poly2_slope1_168d,model_vars_balance,-1000000
bank_txn_balance_poly2_slope1_182d,model_vars_balance,-1000000
bank_txn_balance_poly2_slope1_28d,model_vars_balance,-1000000
bank_txn_balance_poly2_slope1_56d,model_vars_balance,-1000000
bank_txn_balance_poly2_slope1_7d,model_vars_balance,-1000000
bank_txn_balance_poly2_slope1_84d,model_vars_balance,-1000000
bank_txn_balance_positive_return_ratio_14d,model_vars_balance,-1000000
bank_txn_balance_positive_return_ratio_168d,model_vars_balance,-1000000
bank_txn_balance_positive_return_ratio_182d,model_vars_balance,-1000000
bank_txn_balance_positive_return_ratio_28d,model_vars_balance,-1000000
bank_txn_balance_positive_return_ratio_56d,model_vars_balance,-1000000
bank_txn_balance_positive_return_ratio_7d,model_vars_balance,-1000000
bank_txn_balance_positive_return_ratio_84d,model_vars_balance,-1000000
bank_txn_balance_quad_curvature_14d,model_vars_balance,-1000000
bank_txn_balance_quad_curvature_168d,model_vars_balance,-1000000
bank_txn_balance_quad_curvature_182d,model_vars_balance,-1000000
bank_txn_balance_quad_curvature_28d,model_vars_balance,-1000000
bank_txn_balance_quad_curvature_56d,model_vars_balance,-1000000
bank_txn_balance_quad_curvature_7d,model_vars_balance,-1000000
bank_txn_balance_quad_curvature_84d,model_vars_balance,-1000000
bank_txn_balance_rate_dec_max_14d,model_vars_balance,-1000000
bank_txn_balance_rate_dec_max_168d,model_vars_balance,-1000000
bank_txn_balance_rate_dec_max_182d,model_vars_balance,-1000000
bank_txn_balance_rate_dec_max_28d,model_vars_balance,-1000000
bank_txn_balance_rate_dec_max_56d,model_vars_balance,-1000000
bank_txn_balance_rate_dec_max_7d,model_vars_balance,-1000000
bank_txn_balance_rate_dec_max_84d,model_vars_balance,-1000000
bank_txn_balance_rate_inc_max_14d,model_vars_balance,-1000000
bank_txn_balance_rate_inc_max_168d,model_vars_balance,-1000000
bank_txn_balance_rate_inc_max_182d,model_vars_balance,-1000000
bank_txn_balance_rate_inc_max_28d,model_vars_balance,-1000000
bank_txn_balance_rate_inc_max_56d,model_vars_balance,-1000000
bank_txn_balance_rate_inc_max_7d,model_vars_balance,-1000000
bank_txn_balance_rate_inc_max_84d,model_vars_balance,-1000000
bank_txn_balance_ridge1_r2_14d,model_vars_balance,-1000000
bank_txn_balance_ridge1_r2_168d,model_vars_balance,-1000000
bank_txn_balance_ridge1_r2_182d,model_vars_balance,-1000000
bank_txn_balance_ridge1_r2_28d,model_vars_balance,-1000000
bank_txn_balance_ridge1_r2_56d,model_vars_balance,-1000000
bank_txn_balance_ridge1_r2_7d,model_vars_balance,-1000000
bank_txn_balance_ridge1_r2_84d,model_vars_balance,-1000000
bank_txn_balance_ridge1_slope_14d,model_vars_balance,-1000000
bank_txn_balance_ridge1_slope_168d,model_vars_balance,-1000000
bank_txn_balance_ridge1_slope_182d,model_vars_balance,-1000000
bank_txn_balance_ridge1_slope_28d,model_vars_balance,-1000000
bank_txn_balance_ridge1_slope_56d,model_vars_balance,-1000000
bank_txn_balance_ridge1_slope_7d,model_vars_balance,-1000000
bank_txn_balance_ridge1_slope_84d,model_vars_balance,-1000000
bank_txn_balance_sign_change_count_14d,model_vars_balance,-1000000
bank_txn_balance_sign_change_count_168d,model_vars_balance,-1000000
bank_txn_balance_sign_change_count_182d,model_vars_balance,-1000000
bank_txn_balance_sign_change_count_28d,model_vars_balance,-1000000
bank_txn_balance_sign_change_count_56d,model_vars_balance,-1000000
bank_txn_balance_sign_change_count_7d,model_vars_balance,-1000000
bank_txn_balance_sign_change_count_84d,model_vars_balance,-1000000
bank_txn_balance_skewness_14d,model_vars_balance,-1000000
bank_txn_balance_skewness_168d,model_vars_balance,-1000000
bank_txn_balance_skewness_182d,model_vars_balance,-1000000
bank_txn_balance_skewness_28d,model_vars_balance,-1000000
bank_txn_balance_skewness_56d,model_vars_balance,-1000000
bank_txn_balance_skewness_7d,model_vars_balance,-1000000
bank_txn_balance_skewness_84d,model_vars_balance,-1000000
bank_txn_balance_slope_14d,model_vars_balance,-1000000
bank_txn_balance_slope_168d,model_vars_balance,-1000000
bank_txn_balance_slope_182d,model_vars_balance,-1000000
bank_txn_balance_slope_28d,model_vars_balance,-1000000
bank_txn_balance_slope_56d,model_vars_balance,-1000000
bank_txn_balance_slope_7d,model_vars_balance,-1000000
bank_txn_balance_slope_84d,model_vars_balance,-1000000
bank_txn_balance_snapshot_last_14d,model_vars_balance,-1000000
bank_txn_balance_snapshot_last_168d,model_vars_balance,-1000000
bank_txn_balance_snapshot_last_182d,model_vars_balance,-1000000
bank_txn_balance_snapshot_last_28d,model_vars_balance,-1000000
bank_txn_balance_snapshot_last_56d,model_vars_balance,-1000000
bank_txn_balance_snapshot_last_7d,model_vars_balance,-1000000
bank_txn_balance_snapshot_last_84d,model_vars_balance,-1000000
bank_txn_balance_std_14d,model_vars_balance,-1000000
bank_txn_balance_std_168d,model_vars_balance,-1000000
bank_txn_balance_std_182d,model_vars_balance,-1000000
bank_txn_balance_std_28d,model_vars_balance,-1000000
bank_txn_balance_std_56d,model_vars_balance,-1000000
bank_txn_balance_std_7d,model_vars_balance,-1000000
bank_txn_balance_std_84d,model_vars_balance,-1000000
bank_txn_balance_streak_dec_max_14d,model_vars_balance,-1000000
bank_txn_balance_streak_dec_max_168d,model_vars_balance,-1000000
bank_txn_balance_streak_dec_max_182d,model_vars_balance,-1000000
bank_txn_balance_streak_dec_max_28d,model_vars_balance,-1000000
bank_txn_balance_streak_dec_max_56d,model_vars_balance,-1000000
bank_txn_balance_streak_dec_max_7d,model_vars_balance,-1000000
bank_txn_balance_streak_dec_max_84d,model_vars_balance,-1000000
bank_txn_balance_streak_inc_max_14d,model_vars_balance,-1000000
bank_txn_balance_streak_inc_max_168d,model_vars_balance,-1000000
bank_txn_balance_streak_inc_max_182d,model_vars_balance,-1000000
bank_txn_balance_streak_inc_max_28d,model_vars_balance,-1000000
bank_txn_balance_streak_inc_max_56d,model_vars_balance,-1000000
bank_txn_balance_streak_inc_max_7d,model_vars_balance,-1000000
bank_txn_balance_streak_inc_max_84d,model_vars_balance,-1000000
bank_txn_balance_theilsen_slope_14d,model_vars_balance,-1000000
bank_txn_balance_theilsen_slope_168d,model_vars_balance,-1000000
bank_txn_balance_theilsen_slope_182d,model_vars_balance,-1000000
bank_txn_balance_theilsen_slope_28d,model_vars_balance,-1000000
bank_txn_balance_theilsen_slope_56d,model_vars_balance,-1000000
bank_txn_balance_theilsen_slope_7d,model_vars_balance,-1000000
bank_txn_balance_theilsen_slope_84d,model_vars_balance,-1000000
bank_txn_balance_unchanged_days_14d,model_vars_balance,-1000000
bank_txn_balance_unchanged_days_168d,model_vars_balance,-1000000
bank_txn_balance_unchanged_days_182d,model_vars_balance,-1000000
bank_txn_balance_unchanged_days_28d,model_vars_balance,-1000000
bank_txn_balance_unchanged_days_56d,model_vars_balance,-1000000
bank_txn_balance_unchanged_days_7d,model_vars_balance,-1000000
bank_txn_balance_unchanged_days_84d,model_vars_balance,-1000000
bank_txn_balance_volatility_14d,model_vars_balance,-1000000
bank_txn_balance_volatility_168d,model_vars_balance,-1000000
bank_txn_balance_volatility_182d,model_vars_balance,-1000000
bank_txn_balance_volatility_28d,model_vars_balance,-1000000
bank_txn_balance_volatility_56d,model_vars_balance,-1000000
bank_txn_balance_volatility_7d,model_vars_balance,-1000000
bank_txn_balance_volatility_84d,model_vars_balance,-1000000
bank_txn_category_active_days_14d,model_vars_category,-1000000
bank_txn_category_active_days_168d,model_vars_category,-1000000
bank_txn_category_active_days_182d,model_vars_category,-1000000
bank_txn_category_active_days_28d,model_vars_category,-1000000
bank_txn_category_active_days_56d,model_vars_category,-1000000
bank_txn_category_active_days_7d,model_vars_category,-1000000
bank_txn_category_active_days_84d,model_vars_category,-1000000
bank_txn_category_all_other_credits_amt_14d,model_vars_category,-1000000
bank_txn_category_all_other_credits_amt_168d,model_vars_category,-1000000
bank_txn_category_all_other_credits_amt_182d,model_vars_category,-1000000
bank_txn_category_all_other_credits_amt_28d,model_vars_category,-1000000
bank_txn_category_all_other_credits_amt_56d,model_vars_category,-1000000
bank_txn_category_all_other_credits_amt_7d,model_vars_category,-1000000
bank_txn_category_all_other_credits_amt_84d,model_vars_category,-1000000
bank_txn_category_all_other_credits_avg_ticket_14d,model_vars_category,-1000000
bank_txn_category_all_other_credits_avg_ticket_168d,model_vars_category,-1000000
bank_txn_category_all_other_credits_avg_ticket_182d,model_vars_category,-1000000
bank_txn_category_all_other_credits_avg_ticket_28d,model_vars_category,-1000000
bank_txn_category_all_other_credits_avg_ticket_56d,model_vars_category,-1000000
bank_txn_category_all_other_credits_avg_ticket_7d,model_vars_category,-1000000
bank_txn_category_all_other_credits_avg_ticket_84d,model_vars_category,-1000000
bank_txn_category_all_other_credits_cnt_14d,model_vars_category,-1000000
bank_txn_category_all_other_credits_cnt_168d,model_vars_category,-1000000
bank_txn_category_all_other_credits_cnt_182d,model_vars_category,-1000000
bank_txn_category_all_other_credits_cnt_28d,model_vars_category,-1000000
bank_txn_category_all_other_credits_cnt_56d,model_vars_category,-1000000
bank_txn_category_all_other_credits_cnt_7d,model_vars_category,-1000000
bank_txn_category_all_other_credits_cnt_84d,model_vars_category,-1000000
bank_txn_category_all_other_credits_credit_amt_14d,model_vars_category,-1000000
bank_txn_category_all_other_credits_credit_amt_168d,model_vars_category,-1000000
bank_txn_category_all_other_credits_credit_amt_182d,model_vars_category,-1000000
bank_txn_category_all_other_credits_credit_amt_28d,model_vars_category,-1000000
bank_txn_category_all_other_credits_credit_amt_56d,model_vars_category,-1000000
bank_txn_category_all_other_credits_credit_amt_7d,model_vars_category,-1000000
bank_txn_category_all_other_credits_credit_amt_84d,model_vars_category,-1000000
bank_txn_category_all_other_credits_credit_cnt_14d,model_vars_category,-1000000
bank_txn_category_all_other_credits_credit_cnt_168d,model_vars_category,-1000000
bank_txn_category_all_other_credits_credit_cnt_182d,model_vars_category,-1000000
bank_txn_category_all_other_credits_credit_cnt_28d,model_vars_category,-1000000
bank_txn_category_all_other_credits_credit_cnt_56d,model_vars_category,-1000000
bank_txn_category_all_other_credits_credit_cnt_7d,model_vars_category,-1000000
bank_txn_category_all_other_credits_credit_cnt_84d,model_vars_category,-1000000
bank_txn_category_all_other_credits_debit_amt_14d,model_vars_category,-1000000
bank_txn_category_all_other_credits_debit_amt_168d,model_vars_category,-1000000
bank_txn_category_all_other_credits_debit_amt_182d,model_vars_category,-1000000
bank_txn_category_all_other_credits_debit_amt_28d,model_vars_category,-1000000
bank_txn_category_all_other_credits_debit_amt_56d,model_vars_category,-1000000
bank_txn_category_all_other_credits_debit_amt_7d,model_vars_category,-1000000
bank_txn_category_all_other_credits_debit_amt_84d,model_vars_category,-1000000
bank_txn_category_all_other_credits_debit_cnt_14d,model_vars_category,-1000000
bank_txn_category_all_other_credits_debit_cnt_168d,model_vars_category,-1000000
bank_txn_category_all_other_credits_debit_cnt_182d,model_vars_category,-1000000
bank_txn_category_all_other_credits_debit_cnt_28d,model_vars_category,-1000000
bank_txn_category_all_other_credits_debit_cnt_56d,model_vars_category,-1000000
bank_txn_category_all_other_credits_debit_cnt_7d,model_vars_category,-1000000
bank_txn_category_all_other_credits_debit_cnt_84d,model_vars_category,-1000000
bank_txn_category_all_other_credits_share_14d,model_vars_category,-1000000
bank_txn_category_all_other_credits_share_168d,model_vars_category,-1000000
bank_txn_category_all_other_credits_share_182d,model_vars_category,-1000000
bank_txn_category_all_other_credits_share_28d,model_vars_category,-1000000
bank_txn_category_all_other_credits_share_56d,model_vars_category,-1000000
bank_txn_category_all_other_credits_share_7d,model_vars_category,-1000000
bank_txn_category_all_other_credits_share_84d,model_vars_category,-1000000
bank_txn_category_automotive_amt_14d,model_vars_category,-1000000
bank_txn_category_automotive_amt_168d,model_vars_category,-1000000
bank_txn_category_automotive_amt_182d,model_vars_category,-1000000
bank_txn_category_automotive_amt_28d,model_vars_category,-1000000
bank_txn_category_automotive_amt_56d,model_vars_category,-1000000
bank_txn_category_automotive_amt_7d,model_vars_category,-1000000
bank_txn_category_automotive_amt_84d,model_vars_category,-1000000
bank_txn_category_automotive_avg_ticket_14d,model_vars_category,-1000000
bank_txn_category_automotive_avg_ticket_168d,model_vars_category,-1000000
bank_txn_category_automotive_avg_ticket_182d,model_vars_category,-1000000
bank_txn_category_automotive_avg_ticket_28d,model_vars_category,-1000000
bank_txn_category_automotive_avg_ticket_56d,model_vars_category,-1000000
bank_txn_category_automotive_avg_ticket_7d,model_vars_category,-1000000
bank_txn_category_automotive_avg_ticket_84d,model_vars_category,-1000000
bank_txn_category_automotive_cnt_14d,model_vars_category,-1000000
bank_txn_category_automotive_cnt_168d,model_vars_category,-1000000
bank_txn_category_automotive_cnt_182d,model_vars_category,-1000000
bank_txn_category_automotive_cnt_28d,model_vars_category,-1000000
bank_txn_category_automotive_cnt_56d,model_vars_category,-1000000
bank_txn_category_automotive_cnt_7d,model_vars_category,-1000000
bank_txn_category_automotive_cnt_84d,model_vars_category,-1000000
bank_txn_category_automotive_credit_amt_14d,model_vars_category,-1000000
bank_txn_category_automotive_credit_amt_168d,model_vars_category,-1000000
bank_txn_category_automotive_credit_amt_182d,model_vars_category,-1000000
bank_txn_category_automotive_credit_amt_28d,model_vars_category,-1000000
bank_txn_category_automotive_credit_amt_56d,model_vars_category,-1000000
bank_txn_category_automotive_credit_amt_7d,model_vars_category,-1000000
bank_txn_category_automotive_credit_amt_84d,model_vars_category,-1000000
bank_txn_category_automotive_credit_cnt_14d,model_vars_category,-1000000
bank_txn_category_automotive_credit_cnt_168d,model_vars_category,-1000000
bank_txn_category_automotive_credit_cnt_182d,model_vars_category,-1000000
bank_txn_category_automotive_credit_cnt_28d,model_vars_category,-1000000
bank_txn_category_automotive_credit_cnt_56d,model_vars_category,-1000000
bank_txn_category_automotive_credit_cnt_7d,model_vars_category,-1000000
bank_txn_category_automotive_credit_cnt_84d,model_vars_category,-1000000
bank_txn_category_automotive_debit_amt_14d,model_vars_category,-1000000
bank_txn_category_automotive_debit_amt_168d,model_vars_category,-1000000
bank_txn_category_automotive_debit_amt_182d,model_vars_category,-1000000
bank_txn_category_automotive_debit_amt_28d,model_vars_category,-1000000
bank_txn_category_automotive_debit_amt_56d,model_vars_category,-1000000
bank_txn_category_automotive_debit_amt_7d,model_vars_category,-1000000
bank_txn_category_automotive_debit_amt_84d,model_vars_category,-1000000
bank_txn_category_automotive_debit_cnt_14d,model_vars_category,-1000000
bank_txn_category_automotive_debit_cnt_168d,model_vars_category,-1000000
bank_txn_category_automotive_debit_cnt_182d,model_vars_category,-1000000
bank_txn_category_automotive_debit_cnt_28d,model_vars_category,-1000000
bank_txn_category_automotive_debit_cnt_56d,model_vars_category,-1000000
bank_txn_category_automotive_debit_cnt_7d,model_vars_category,-1000000
bank_txn_category_automotive_debit_cnt_84d,model_vars_category,-1000000
bank_txn_category_automotive_share_14d,model_vars_category,-1000000
bank_txn_category_automotive_share_168d,model_vars_category,-1000000
bank_txn_category_automotive_share_182d,model_vars_category,-1000000
bank_txn_category_automotive_share_28d,model_vars_category,-1000000
bank_txn_category_automotive_share_56d,model_vars_category,-1000000
bank_txn_category_automotive_share_7d,model_vars_category,-1000000
bank_txn_category_automotive_share_84d,model_vars_category,-1000000
bank_txn_category_centrelink_amt_14d,model_vars_category,-1000000
bank_txn_category_centrelink_amt_168d,model_vars_category,-1000000
bank_txn_category_centrelink_amt_182d,model_vars_category,-1000000
bank_txn_category_centrelink_amt_28d,model_vars_category,-1000000
bank_txn_category_centrelink_amt_56d,model_vars_category,-1000000
bank_txn_category_centrelink_amt_7d,model_vars_category,-1000000
bank_txn_category_centrelink_amt_84d,model_vars_category,-1000000
bank_txn_category_centrelink_avg_ticket_14d,model_vars_category,-1000000
bank_txn_category_centrelink_avg_ticket_168d,model_vars_category,-1000000
bank_txn_category_centrelink_avg_ticket_182d,model_vars_category,-1000000
bank_txn_category_centrelink_avg_ticket_28d,model_vars_category,-1000000
bank_txn_category_centrelink_avg_ticket_56d,model_vars_category,-1000000
bank_txn_category_centrelink_avg_ticket_7d,model_vars_category,-1000000
bank_txn_category_centrelink_avg_ticket_84d,model_vars_category,-1000000
bank_txn_category_centrelink_cnt_14d,model_vars_category,-1000000
bank_txn_category_centrelink_cnt_168d,model_vars_category,-1000000
bank_txn_category_centrelink_cnt_182d,model_vars_category,-1000000
bank_txn_category_centrelink_cnt_28d,model_vars_category,-1000000
bank_txn_category_centrelink_cnt_56d,model_vars_category,-1000000
bank_txn_category_centrelink_cnt_7d,model_vars_category,-1000000
bank_txn_category_centrelink_cnt_84d,model_vars_category,-1000000
bank_txn_category_centrelink_credit_amt_14d,model_vars_category,-1000000
bank_txn_category_centrelink_credit_amt_168d,model_vars_category,-1000000
bank_txn_category_centrelink_credit_amt_182d,model_vars_category,-1000000
bank_txn_category_centrelink_credit_amt_28d,model_vars_category,-1000000
bank_txn_category_centrelink_credit_amt_56d,model_vars_category,-1000000
bank_txn_category_centrelink_credit_amt_7d,model_vars_category,-1000000
bank_txn_category_centrelink_credit_amt_84d,model_vars_category,-1000000
bank_txn_category_centrelink_credit_cnt_14d,model_vars_category,-1000000
bank_txn_category_centrelink_credit_cnt_168d,model_vars_category,-1000000
bank_txn_category_centrelink_credit_cnt_182d,model_vars_category,-1000000
bank_txn_category_centrelink_credit_cnt_28d,model_vars_category,-1000000
bank_txn_category_centrelink_credit_cnt_56d,model_vars_category,-1000000
bank_txn_category_centrelink_credit_cnt_7d,model_vars_category,-1000000
bank_txn_category_centrelink_credit_cnt_84d,model_vars_category,-1000000
bank_txn_category_centrelink_debit_amt_14d,model_vars_category,-1000000
bank_txn_category_centrelink_debit_amt_168d,model_vars_category,-1000000
bank_txn_category_centrelink_debit_amt_182d,model_vars_category,-1000000
bank_txn_category_centrelink_debit_amt_28d,model_vars_category,-1000000
bank_txn_category_centrelink_debit_amt_56d,model_vars_category,-1000000
bank_txn_category_centrelink_debit_amt_7d,model_vars_category,-1000000
bank_txn_category_centrelink_debit_amt_84d,model_vars_category,-1000000
bank_txn_category_centrelink_debit_cnt_14d,model_vars_category,-1000000
bank_txn_category_centrelink_debit_cnt_168d,model_vars_category,-1000000
bank_txn_category_centrelink_debit_cnt_182d,model_vars_category,-1000000
bank_txn_category_centrelink_debit_cnt_28d,model_vars_category,-1000000
bank_txn_category_centrelink_debit_cnt_56d,model_vars_category,-1000000
bank_txn_category_centrelink_debit_cnt_7d,model_vars_category,-1000000
bank_txn_category_centrelink_debit_cnt_84d,model_vars_category,-1000000
bank_txn_category_centrelink_share_14d,model_vars_category,-1000000
bank_txn_category_centrelink_share_168d,model_vars_category,-1000000
bank_txn_category_centrelink_share_182d,model_vars_category,-1000000
bank_txn_category_centrelink_share_28d,model_vars_category,-1000000
bank_txn_category_centrelink_share_56d,model_vars_category,-1000000
bank_txn_category_centrelink_share_7d,model_vars_category,-1000000
bank_txn_category_centrelink_share_84d,model_vars_category,-1000000
bank_txn_category_cluster_collections_avg_ticket_14d,model_vars_category,-1000000
bank_txn_category_cluster_collections_avg_ticket_168d,model_vars_category,-1000000
bank_txn_category_cluster_collections_avg_ticket_182d,model_vars_category,-1000000
bank_txn_category_cluster_collections_avg_ticket_28d,model_vars_category,-1000000
bank_txn_category_cluster_collections_avg_ticket_56d,model_vars_category,-1000000
bank_txn_category_cluster_collections_avg_ticket_7d,model_vars_category,-1000000
bank_txn_category_cluster_collections_avg_ticket_84d,model_vars_category,-1000000
bank_txn_category_cluster_collections_share_14d,model_vars_category,-1000000
bank_txn_category_cluster_collections_share_168d,model_vars_category,-1000000
bank_txn_category_cluster_collections_share_182d,model_vars_category,-1000000
bank_txn_category_cluster_collections_share_28d,model_vars_category,-1000000
bank_txn_category_cluster_collections_share_56d,model_vars_category,-1000000
bank_txn_category_cluster_collections_share_7d,model_vars_category,-1000000
bank_txn_category_cluster_collections_share_84d,model_vars_category,-1000000
bank_txn_category_cluster_collections_share_accel_14_28_56,model_vars_category,-1000000
bank_txn_category_cluster_collections_share_accel_28_56_84,model_vars_category,-1000000
bank_txn_category_cluster_collections_share_accel_56_84_168,model_vars_category,-1000000
bank_txn_category_cluster_collections_share_accel_7_14_28,model_vars_category,-1000000
bank_txn_category_cluster_collections_share_accel_84_168_182,model_vars_category,-1000000
bank_txn_category_cluster_collections_share_delta_14v28,model_vars_category,-1000000
bank_txn_category_cluster_collections_share_delta_168v182,model_vars_category,-1000000
bank_txn_category_cluster_collections_share_delta_28v56,model_vars_category,-1000000
bank_txn_category_cluster_collections_share_delta_56v84,model_vars_category,-1000000
bank_txn_category_cluster_collections_share_delta_7v14,model_vars_category,-1000000
bank_txn_category_cluster_collections_share_delta_84v168,model_vars_category,-1000000
bank_txn_category_cluster_communications_avg_ticket_14d,model_vars_category,-1000000
bank_txn_category_cluster_communications_avg_ticket_168d,model_vars_category,-1000000
bank_txn_category_cluster_communications_avg_ticket_182d,model_vars_category,-1000000
bank_txn_category_cluster_communications_avg_ticket_28d,model_vars_category,-1000000
bank_txn_category_cluster_communications_avg_ticket_56d,model_vars_category,-1000000
bank_txn_category_cluster_communications_avg_ticket_7d,model_vars_category,-1000000
bank_txn_category_cluster_communications_avg_ticket_84d,model_vars_category,-1000000
bank_txn_category_cluster_communications_share_14d,model_vars_category,-1000000
bank_txn_category_cluster_communications_share_168d,model_vars_category,-1000000
bank_txn_category_cluster_communications_share_182d,model_vars_category,-1000000
bank_txn_category_cluster_communications_share_28d,model_vars_category,-1000000
bank_txn_category_cluster_communications_share_56d,model_vars_category,-1000000
bank_txn_category_cluster_communications_share_7d,model_vars_category,-1000000
bank_txn_category_cluster_communications_share_84d,model_vars_category,-1000000
bank_txn_category_cluster_debt_avg_ticket_14d,model_vars_category,-1000000
bank_txn_category_cluster_debt_avg_ticket_168d,model_vars_category,-1000000
bank_txn_category_cluster_debt_avg_ticket_182d,model_vars_category,-1000000
bank_txn_category_cluster_debt_avg_ticket_28d,model_vars_category,-1000000
bank_txn_category_cluster_debt_avg_ticket_56d,model_vars_category,-1000000
bank_txn_category_cluster_debt_avg_ticket_7d,model_vars_category,-1000000
bank_txn_category_cluster_debt_avg_ticket_84d,model_vars_category,-1000000
bank_txn_category_cluster_debt_cc_repayments_avg_ticket_14d,model_vars_category,-1000000
bank_txn_category_cluster_debt_cc_repayments_avg_ticket_168d,model_vars_category,-1000000
bank_txn_category_cluster_debt_cc_repayments_avg_ticket_182d,model_vars_category,-1000000
bank_txn_category_cluster_debt_cc_repayments_avg_ticket_28d,model_vars_category,-1000000
bank_txn_category_cluster_debt_cc_repayments_avg_ticket_56d,model_vars_category,-1000000
bank_txn_category_cluster_debt_cc_repayments_avg_ticket_7d,model_vars_category,-1000000
bank_txn_category_cluster_debt_cc_repayments_avg_ticket_84d,model_vars_category,-1000000
bank_txn_category_cluster_debt_cc_repayments_share_14d,model_vars_category,-1000000
bank_txn_category_cluster_debt_cc_repayments_share_168d,model_vars_category,-1000000
bank_txn_category_cluster_debt_cc_repayments_share_182d,model_vars_category,-1000000
bank_txn_category_cluster_debt_cc_repayments_share_28d,model_vars_category,-1000000
bank_txn_category_cluster_debt_cc_repayments_share_56d,model_vars_category,-1000000
bank_txn_category_cluster_debt_cc_repayments_share_7d,model_vars_category,-1000000
bank_txn_category_cluster_debt_cc_repayments_share_84d,model_vars_category,-1000000
bank_txn_category_cluster_debt_consolidation_avg_ticket_14d,model_vars_category,-1000000
bank_txn_category_cluster_debt_consolidation_avg_ticket_168d,model_vars_category,-1000000
bank_txn_category_cluster_debt_consolidation_avg_ticket_182d,model_vars_category,-1000000
bank_txn_category_cluster_debt_consolidation_avg_ticket_28d,model_vars_category,-1000000
bank_txn_category_cluster_debt_consolidation_avg_ticket_56d,model_vars_category,-1000000
bank_txn_category_cluster_debt_consolidation_avg_ticket_7d,model_vars_category,-1000000
bank_txn_category_cluster_debt_consolidation_avg_ticket_84d,model_vars_category,-1000000
bank_txn_category_cluster_debt_consolidation_share_14d,model_vars_category,-1000000
bank_txn_category_cluster_debt_consolidation_share_168d,model_vars_category,-1000000
bank_txn_category_cluster_debt_consolidation_share_182d,model_vars_category,-1000000
bank_txn_category_cluster_debt_consolidation_share_28d,model_vars_category,-1000000
bank_txn_category_cluster_debt_consolidation_share_56d,model_vars_category,-1000000
bank_txn_category_cluster_debt_consolidation_share_7d,model_vars_category,-1000000
bank_txn_category_cluster_debt_consolidation_share_84d,model_vars_category,-1000000
bank_txn_category_cluster_debt_non_sacc_avg_ticket_14d,model_vars_category,-1000000
bank_txn_category_cluster_debt_non_sacc_avg_ticket_168d,model_vars_category,-1000000
bank_txn_category_cluster_debt_non_sacc_avg_ticket_182d,model_vars_category,-1000000
bank_txn_category_cluster_debt_non_sacc_avg_ticket_28d,model_vars_category,-1000000
bank_txn_category_cluster_debt_non_sacc_avg_ticket_56d,model_vars_category,-1000000
bank_txn_category_cluster_debt_non_sacc_avg_ticket_7d,model_vars_category,-1000000
bank_txn_category_cluster_debt_non_sacc_avg_ticket_84d,model_vars_category,-1000000
bank_txn_category_cluster_debt_non_sacc_share_14d,model_vars_category,-1000000
bank_txn_category_cluster_debt_non_sacc_share_168d,model_vars_category,-1000000
bank_txn_category_cluster_debt_non_sacc_share_182d,model_vars_category,-1000000
bank_txn_category_cluster_debt_non_sacc_share_28d,model_vars_category,-1000000
bank_txn_category_cluster_debt_non_sacc_share_56d,model_vars_category,-1000000
bank_txn_category_cluster_debt_non_sacc_share_7d,model_vars_category,-1000000
bank_txn_category_cluster_debt_non_sacc_share_84d,model_vars_category,-1000000
bank_txn_category_cluster_debt_sacc_avg_ticket_14d,model_vars_category,-1000000
bank_txn_category_cluster_debt_sacc_avg_ticket_168d,model_vars_category,-1000000
bank_txn_category_cluster_debt_sacc_avg_ticket_182d,model_vars_category,-1000000
bank_txn_category_cluster_debt_sacc_avg_ticket_28d,model_vars_category,-1000000
bank_txn_category_cluster_debt_sacc_avg_ticket_56d,model_vars_category,-1000000
bank_txn_category_cluster_debt_sacc_avg_ticket_7d,model_vars_category,-1000000
bank_txn_category_cluster_debt_sacc_avg_ticket_84d,model_vars_category,-1000000
bank_txn_category_cluster_debt_sacc_share_14d,model_vars_category,-1000000
bank_txn_category_cluster_debt_sacc_share_168d,model_vars_category,-1000000
bank_txn_category_cluster_debt_sacc_share_182d,model_vars_category,-1000000
bank_txn_category_cluster_debt_sacc_share_28d,model_vars_category,-1000000
bank_txn_category_cluster_debt_sacc_share_56d,model_vars_category,-1000000
bank_txn_category_cluster_debt_sacc_share_7d,model_vars_category,-1000000
bank_txn_category_cluster_debt_sacc_share_84d,model_vars_category,-1000000
bank_txn_category_cluster_debt_share_14d,model_vars_category,-1000000
bank_txn_category_cluster_debt_share_168d,model_vars_category,-1000000
bank_txn_category_cluster_debt_share_182d,model_vars_category,-1000000
bank_txn_category_cluster_debt_share_28d,model_vars_category,-1000000
bank_txn_category_cluster_debt_share_56d,model_vars_category,-1000000
bank_txn_category_cluster_debt_share_7d,model_vars_category,-1000000
bank_txn_category_cluster_debt_share_84d,model_vars_category,-1000000
bank_txn_category_cluster_debt_share_accel_14_28_56,model_vars_category,-1000000
bank_txn_category_cluster_debt_share_accel_28_56_84,model_vars_category,-1000000
bank_txn_category_cluster_debt_share_accel_56_84_168,model_vars_category,-1000000
bank_txn_category_cluster_debt_share_accel_7_14_28,model_vars_category,-1000000
bank_txn_category_cluster_debt_share_accel_84_168_182,model_vars_category,-1000000
bank_txn_category_cluster_debt_share_delta_14v28,model_vars_category,-1000000
bank_txn_category_cluster_debt_share_delta_168v182,model_vars_category,-1000000
bank_txn_category_cluster_debt_share_delta_28v56,model_vars_category,-1000000
bank_txn_category_cluster_debt_share_delta_56v84,model_vars_category,-1000000
bank_txn_category_cluster_debt_share_delta_7v14,model_vars_category,-1000000
bank_txn_category_cluster_debt_share_delta_84v168,model_vars_category,-1000000
bank_txn_category_cluster_dining_avg_ticket_14d,model_vars_category,-1000000
bank_txn_category_cluster_dining_avg_ticket_168d,model_vars_category,-1000000
bank_txn_category_cluster_dining_avg_ticket_182d,model_vars_category,-1000000
bank_txn_category_cluster_dining_avg_ticket_28d,model_vars_category,-1000000
bank_txn_category_cluster_dining_avg_ticket_56d,model_vars_category,-1000000
bank_txn_category_cluster_dining_avg_ticket_7d,model_vars_category,-1000000
bank_txn_category_cluster_dining_avg_ticket_84d,model_vars_category,-1000000
bank_txn_category_cluster_dining_share_14d,model_vars_category,-1000000
bank_txn_category_cluster_dining_share_168d,model_vars_category,-1000000
bank_txn_category_cluster_dining_share_182d,model_vars_category,-1000000
bank_txn_category_cluster_dining_share_28d,model_vars_category,-1000000
bank_txn_category_cluster_dining_share_56d,model_vars_category,-1000000
bank_txn_category_cluster_dining_share_7d,model_vars_category,-1000000
bank_txn_category_cluster_dining_share_84d,model_vars_category,-1000000
bank_txn_category_cluster_dining_share_accel_14_28_56,model_vars_category,-1000000
bank_txn_category_cluster_dining_share_accel_28_56_84,model_vars_category,-1000000
bank_txn_category_cluster_dining_share_accel_56_84_168,model_vars_category,-1000000
bank_txn_category_cluster_dining_share_accel_7_14_28,model_vars_category,-1000000
bank_txn_category_cluster_dining_share_accel_84_168_182,model_vars_category,-1000000
bank_txn_category_cluster_dining_share_delta_14v28,model_vars_category,-1000000
bank_txn_category_cluster_dining_share_delta_168v182,model_vars_category,-1000000
bank_txn_category_cluster_dining_share_delta_28v56,model_vars_category,-1000000
bank_txn_category_cluster_dining_share_delta_56v84,model_vars_category,-1000000
bank_txn_category_cluster_dining_share_delta_7v14,model_vars_category,-1000000
bank_txn_category_cluster_dining_share_delta_84v168,model_vars_category,-1000000
bank_txn_category_cluster_discretionary_avg_ticket_14d,model_vars_category,-1000000
bank_txn_category_cluster_discretionary_avg_ticket_168d,model_vars_category,-1000000
bank_txn_category_cluster_discretionary_avg_ticket_182d,model_vars_category,-1000000
bank_txn_category_cluster_discretionary_avg_ticket_28d,model_vars_category,-1000000
bank_txn_category_cluster_discretionary_avg_ticket_56d,model_vars_category,-1000000
bank_txn_category_cluster_discretionary_avg_ticket_7d,model_vars_category,-1000000
bank_txn_category_cluster_discretionary_avg_ticket_84d,model_vars_category,-1000000
bank_txn_category_cluster_discretionary_share_14d,model_vars_category,-1000000
bank_txn_category_cluster_discretionary_share_168d,model_vars_category,-1000000
bank_txn_category_cluster_discretionary_share_182d,model_vars_category,-1000000
bank_txn_category_cluster_discretionary_share_28d,model_vars_category,-1000000
bank_txn_category_cluster_discretionary_share_56d,model_vars_category,-1000000
bank_txn_category_cluster_discretionary_share_7d,model_vars_category,-1000000
bank_txn_category_cluster_discretionary_share_84d,model_vars_category,-1000000
bank_txn_category_cluster_donations_avg_ticket_14d,model_vars_category,-1000000
bank_txn_category_cluster_donations_avg_ticket_168d,model_vars_category,-1000000
bank_txn_category_cluster_donations_avg_ticket_182d,model_vars_category,-1000000
bank_txn_category_cluster_donations_avg_ticket_28d,model_vars_category,-1000000
bank_txn_category_cluster_donations_avg_ticket_56d,model_vars_category,-1000000
bank_txn_category_cluster_donations_avg_ticket_7d,model_vars_category,-1000000
bank_txn_category_cluster_donations_avg_ticket_84d,model_vars_category,-1000000
bank_txn_category_cluster_donations_share_14d,model_vars_category,-1000000
bank_txn_category_cluster_donations_share_168d,model_vars_category,-1000000
bank_txn_category_cluster_donations_share_182d,model_vars_category,-1000000
bank_txn_category_cluster_donations_share_28d,model_vars_category,-1000000
bank_txn_category_cluster_donations_share_56d,model_vars_category,-1000000
bank_txn_category_cluster_donations_share_7d,model_vars_category,-1000000
bank_txn_category_cluster_donations_share_84d,model_vars_category,-1000000
bank_txn_category_cluster_education_avg_ticket_14d,model_vars_category,-1000000
bank_txn_category_cluster_education_avg_ticket_168d,model_vars_category,-1000000
bank_txn_category_cluster_education_avg_ticket_182d,model_vars_category,-1000000
bank_txn_category_cluster_education_avg_ticket_28d,model_vars_category,-1000000
bank_txn_category_cluster_education_avg_ticket_56d,model_vars_category,-1000000
bank_txn_category_cluster_education_avg_ticket_7d,model_vars_category,-1000000
bank_txn_category_cluster_education_avg_ticket_84d,model_vars_category,-1000000
bank_txn_category_cluster_education_share_14d,model_vars_category,-1000000
bank_txn_category_cluster_education_share_168d,model_vars_category,-1000000
bank_txn_category_cluster_education_share_182d,model_vars_category,-1000000
bank_txn_category_cluster_education_share_28d,model_vars_category,-1000000
bank_txn_category_cluster_education_share_56d,model_vars_category,-1000000
bank_txn_category_cluster_education_share_7d,model_vars_category,-1000000
bank_txn_category_cluster_education_share_84d,model_vars_category,-1000000
bank_txn_category_cluster_entertainment_avg_ticket_14d,model_vars_category,-1000000
bank_txn_category_cluster_entertainment_avg_ticket_168d,model_vars_category,-1000000
bank_txn_category_cluster_entertainment_avg_ticket_182d,model_vars_category,-1000000
bank_txn_category_cluster_entertainment_avg_ticket_28d,model_vars_category,-1000000
bank_txn_category_cluster_entertainment_avg_ticket_56d,model_vars_category,-1000000
bank_txn_category_cluster_entertainment_avg_ticket_7d,model_vars_category,-1000000
bank_txn_category_cluster_entertainment_avg_ticket_84d,model_vars_category,-1000000
bank_txn_category_cluster_entertainment_share_14d,model_vars_category,-1000000
bank_txn_category_cluster_entertainment_share_168d,model_vars_category,-1000000
bank_txn_category_cluster_entertainment_share_182d,model_vars_category,-1000000
bank_txn_category_cluster_entertainment_share_28d,model_vars_category,-1000000
bank_txn_category_cluster_entertainment_share_56d,model_vars_category,-1000000
bank_txn_category_cluster_entertainment_share_7d,model_vars_category,-1000000
bank_txn_category_cluster_entertainment_share_84d,model_vars_category,-1000000
bank_txn_category_cluster_entertainment_share_accel_14_28_56,model_vars_category,-1000000
bank_txn_category_cluster_entertainment_share_accel_28_56_84,model_vars_category,-1000000
bank_txn_category_cluster_entertainment_share_accel_56_84_168,model_vars_category,-1000000
bank_txn_category_cluster_entertainment_share_accel_7_14_28,model_vars_category,-1000000
bank_txn_category_cluster_entertainment_share_accel_84_168_182,model_vars_category,-1000000
bank_txn_category_cluster_entertainment_share_delta_14v28,model_vars_category,-1000000
bank_txn_category_cluster_entertainment_share_delta_168v182,model_vars_category,-1000000
bank_txn_category_cluster_entertainment_share_delta_28v56,model_vars_category,-1000000
bank_txn_category_cluster_entertainment_share_delta_56v84,model_vars_category,-1000000
bank_txn_category_cluster_entertainment_share_delta_7v14,model_vars_category,-1000000
bank_txn_category_cluster_entertainment_share_delta_84v168,model_vars_category,-1000000
bank_txn_category_cluster_essentials_avg_ticket_14d,model_vars_category,-1000000
bank_txn_category_cluster_essentials_avg_ticket_168d,model_vars_category,-1000000
bank_txn_category_cluster_essentials_avg_ticket_182d,model_vars_category,-1000000
bank_txn_category_cluster_essentials_avg_ticket_28d,model_vars_category,-1000000
bank_txn_category_cluster_essentials_avg_ticket_56d,model_vars_category,-1000000
bank_txn_category_cluster_essentials_avg_ticket_7d,model_vars_category,-1000000
bank_txn_category_cluster_essentials_avg_ticket_84d,model_vars_category,-1000000
bank_txn_category_cluster_essentials_share_14d,model_vars_category,-1000000
bank_txn_category_cluster_essentials_share_168d,model_vars_category,-1000000
bank_txn_category_cluster_essentials_share_182d,model_vars_category,-1000000
bank_txn_category_cluster_essentials_share_28d,model_vars_category,-1000000
bank_txn_category_cluster_essentials_share_56d,model_vars_category,-1000000
bank_txn_category_cluster_essentials_share_7d,model_vars_category,-1000000
bank_txn_category_cluster_essentials_share_84d,model_vars_category,-1000000
bank_txn_category_cluster_fees_overdraft_avg_ticket_14d,model_vars_category,-1000000
bank_txn_category_cluster_fees_overdraft_avg_ticket_168d,model_vars_category,-1000000
bank_txn_category_cluster_fees_overdraft_avg_ticket_182d,model_vars_category,-1000000
bank_txn_category_cluster_fees_overdraft_avg_ticket_28d,model_vars_category,-1000000
bank_txn_category_cluster_fees_overdraft_avg_ticket_56d,model_vars_category,-1000000
bank_txn_category_cluster_fees_overdraft_avg_ticket_7d,model_vars_category,-1000000
bank_txn_category_cluster_fees_overdraft_avg_ticket_84d,model_vars_category,-1000000
bank_txn_category_cluster_fees_overdraft_share_14d,model_vars_category,-1000000
bank_txn_category_cluster_fees_overdraft_share_168d,model_vars_category,-1000000
bank_txn_category_cluster_fees_overdraft_share_182d,model_vars_category,-1000000
bank_txn_category_cluster_fees_overdraft_share_28d,model_vars_category,-1000000
bank_txn_category_cluster_fees_overdraft_share_56d,model_vars_category,-1000000
bank_txn_category_cluster_fees_overdraft_share_7d,model_vars_category,-1000000
bank_txn_category_cluster_fees_overdraft_share_84d,model_vars_category,-1000000
bank_txn_category_cluster_fees_overdraft_share_accel_14_28_56,model_vars_category,-1000000
bank_txn_category_cluster_fees_overdraft_share_accel_28_56_84,model_vars_category,-1000000
bank_txn_category_cluster_fees_overdraft_share_accel_56_84_168,model_vars_category,-1000000
bank_txn_category_cluster_fees_overdraft_share_accel_7_14_28,model_vars_category,-1000000
bank_txn_category_cluster_fees_overdraft_share_accel_84_168_182,model_vars_category,-1000000
bank_txn_category_cluster_fees_overdraft_share_delta_14v28,model_vars_category,-1000000
bank_txn_category_cluster_fees_overdraft_share_delta_168v182,model_vars_category,-1000000
bank_txn_category_cluster_fees_overdraft_share_delta_28v56,model_vars_category,-1000000
bank_txn_category_cluster_fees_overdraft_share_delta_56v84,model_vars_category,-1000000
bank_txn_category_cluster_fees_overdraft_share_delta_7v14,model_vars_category,-1000000
bank_txn_category_cluster_fees_overdraft_share_delta_84v168,model_vars_category,-1000000
bank_txn_category_cluster_gambling_avg_ticket_14d,model_vars_category,-1000000
bank_txn_category_cluster_gambling_avg_ticket_168d,model_vars_category,-1000000
bank_txn_category_cluster_gambling_avg_ticket_182d,model_vars_category,-1000000
bank_txn_category_cluster_gambling_avg_ticket_28d,model_vars_category,-1000000
bank_txn_category_cluster_gambling_avg_ticket_56d,model_vars_category,-1000000
bank_txn_category_cluster_gambling_avg_ticket_7d,model_vars_category,-1000000
bank_txn_category_cluster_gambling_avg_ticket_84d,model_vars_category,-1000000
bank_txn_category_cluster_gambling_share_14d,model_vars_category,-1000000
bank_txn_category_cluster_gambling_share_168d,model_vars_category,-1000000
bank_txn_category_cluster_gambling_share_182d,model_vars_category,-1000000
bank_txn_category_cluster_gambling_share_28d,model_vars_category,-1000000
bank_txn_category_cluster_gambling_share_56d,model_vars_category,-1000000
bank_txn_category_cluster_gambling_share_7d,model_vars_category,-1000000
bank_txn_category_cluster_gambling_share_84d,model_vars_category,-1000000
bank_txn_category_cluster_gambling_share_accel_14_28_56,model_vars_category,-1000000
bank_txn_category_cluster_gambling_share_accel_28_56_84,model_vars_category,-1000000
bank_txn_category_cluster_gambling_share_accel_56_84_168,model_vars_category,-1000000
bank_txn_category_cluster_gambling_share_accel_7_14_28,model_vars_category,-1000000
bank_txn_category_cluster_gambling_share_accel_84_168_182,model_vars_category,-1000000
bank_txn_category_cluster_gambling_share_delta_14v28,model_vars_category,-1000000
bank_txn_category_cluster_gambling_share_delta_168v182,model_vars_category,-1000000
bank_txn_category_cluster_gambling_share_delta_28v56,model_vars_category,-1000000
bank_txn_category_cluster_gambling_share_delta_56v84,model_vars_category,-1000000
bank_txn_category_cluster_gambling_share_delta_7v14,model_vars_category,-1000000
bank_txn_category_cluster_gambling_share_delta_84v168,model_vars_category,-1000000
bank_txn_category_cluster_healthcare_avg_ticket_14d,model_vars_category,-1000000
bank_txn_category_cluster_healthcare_avg_ticket_168d,model_vars_category,-1000000
bank_txn_category_cluster_healthcare_avg_ticket_182d,model_vars_category,-1000000
bank_txn_category_cluster_healthcare_avg_ticket_28d,model_vars_category,-1000000
bank_txn_category_cluster_healthcare_avg_ticket_56d,model_vars_category,-1000000
bank_txn_category_cluster_healthcare_avg_ticket_7d,model_vars_category,-1000000
bank_txn_category_cluster_healthcare_avg_ticket_84d,model_vars_category,-1000000
bank_txn_category_cluster_healthcare_share_14d,model_vars_category,-1000000
bank_txn_category_cluster_healthcare_share_168d,model_vars_category,-1000000
bank_txn_category_cluster_healthcare_share_182d,model_vars_category,-1000000
bank_txn_category_cluster_healthcare_share_28d,model_vars_category,-1000000
bank_txn_category_cluster_healthcare_share_56d,model_vars_category,-1000000
bank_txn_category_cluster_healthcare_share_7d,model_vars_category,-1000000
bank_txn_category_cluster_healthcare_share_84d,model_vars_category,-1000000
bank_txn_category_cluster_household_daily_avg_ticket_14d,model_vars_category,-1000000
bank_txn_category_cluster_household_daily_avg_ticket_168d,model_vars_category,-1000000
bank_txn_category_cluster_household_daily_avg_ticket_182d,model_vars_category,-1000000
bank_txn_category_cluster_household_daily_avg_ticket_28d,model_vars_category,-1000000
bank_txn_category_cluster_household_daily_avg_ticket_56d,model_vars_category,-1000000
bank_txn_category_cluster_household_daily_avg_ticket_7d,model_vars_category,-1000000
bank_txn_category_cluster_household_daily_avg_ticket_84d,model_vars_category,-1000000
bank_txn_category_cluster_household_daily_share_14d,model_vars_category,-1000000
bank_txn_category_cluster_household_daily_share_168d,model_vars_category,-1000000
bank_txn_category_cluster_household_daily_share_182d,model_vars_category,-1000000
bank_txn_category_cluster_household_daily_share_28d,model_vars_category,-1000000
bank_txn_category_cluster_household_daily_share_56d,model_vars_category,-1000000
bank_txn_category_cluster_household_daily_share_7d,model_vars_category,-1000000
bank_txn_category_cluster_household_daily_share_84d,model_vars_category,-1000000
bank_txn_category_cluster_housing_avg_ticket_14d,model_vars_category,-1000000
bank_txn_category_cluster_housing_avg_ticket_168d,model_vars_category,-1000000
bank_txn_category_cluster_housing_avg_ticket_182d,model_vars_category,-1000000
bank_txn_category_cluster_housing_avg_ticket_28d,model_vars_category,-1000000
bank_txn_category_cluster_housing_avg_ticket_56d,model_vars_category,-1000000
bank_txn_category_cluster_housing_avg_ticket_7d,model_vars_category,-1000000
bank_txn_category_cluster_housing_avg_ticket_84d,model_vars_category,-1000000
bank_txn_category_cluster_housing_share_14d,model_vars_category,-1000000
bank_txn_category_cluster_housing_share_168d,model_vars_category,-1000000
bank_txn_category_cluster_housing_share_182d,model_vars_category,-1000000
bank_txn_category_cluster_housing_share_28d,model_vars_category,-1000000
bank_txn_category_cluster_housing_share_56d,model_vars_category,-1000000
bank_txn_category_cluster_housing_share_7d,model_vars_category,-1000000
bank_txn_category_cluster_housing_share_84d,model_vars_category,-1000000
bank_txn_category_cluster_income_avg_ticket_14d,model_vars_category,-1000000
bank_txn_category_cluster_income_avg_ticket_168d,model_vars_category,-1000000
bank_txn_category_cluster_income_avg_ticket_182d,model_vars_category,-1000000
bank_txn_category_cluster_income_avg_ticket_28d,model_vars_category,-1000000
bank_txn_category_cluster_income_avg_ticket_56d,model_vars_category,-1000000
bank_txn_category_cluster_income_avg_ticket_7d,model_vars_category,-1000000
bank_txn_category_cluster_income_avg_ticket_84d,model_vars_category,-1000000
bank_txn_category_cluster_income_benefits_avg_ticket_14d,model_vars_category,-1000000
bank_txn_category_cluster_income_benefits_avg_ticket_168d,model_vars_category,-1000000
bank_txn_category_cluster_income_benefits_avg_ticket_182d,model_vars_category,-1000000
bank_txn_category_cluster_income_benefits_avg_ticket_28d,model_vars_category,-1000000
bank_txn_category_cluster_income_benefits_avg_ticket_56d,model_vars_category,-1000000
bank_txn_category_cluster_income_benefits_avg_ticket_7d,model_vars_category,-1000000
bank_txn_category_cluster_income_benefits_avg_ticket_84d,model_vars_category,-1000000
bank_txn_category_cluster_income_benefits_share_14d,model_vars_category,-1000000
bank_txn_category_cluster_income_benefits_share_168d,model_vars_category,-1000000
bank_txn_category_cluster_income_benefits_share_182d,model_vars_category,-1000000
bank_txn_category_cluster_income_benefits_share_28d,model_vars_category,-1000000
bank_txn_category_cluster_income_benefits_share_56d,model_vars_category,-1000000
bank_txn_category_cluster_income_benefits_share_7d,model_vars_category,-1000000
bank_txn_category_cluster_income_benefits_share_84d,model_vars_category,-1000000
bank_txn_category_cluster_income_share_14d,model_vars_category,-1000000
bank_txn_category_cluster_income_share_168d,model_vars_category,-1000000
bank_txn_category_cluster_income_share_182d,model_vars_category,-1000000
bank_txn_category_cluster_income_share_28d,model_vars_category,-1000000
bank_txn_category_cluster_income_share_56d,model_vars_category,-1000000
bank_txn_category_cluster_income_share_7d,model_vars_category,-1000000
bank_txn_category_cluster_income_share_84d,model_vars_category,-1000000
bank_txn_category_cluster_income_wages_avg_ticket_14d,model_vars_category,-1000000
bank_txn_category_cluster_income_wages_avg_ticket_168d,model_vars_category,-1000000
bank_txn_category_cluster_income_wages_avg_ticket_182d,model_vars_category,-1000000
bank_txn_category_cluster_income_wages_avg_ticket_28d,model_vars_category,-1000000
bank_txn_category_cluster_income_wages_avg_ticket_56d,model_vars_category,-1000000
bank_txn_category_cluster_income_wages_avg_ticket_7d,model_vars_category,-1000000
bank_txn_category_cluster_income_wages_avg_ticket_84d,model_vars_category,-1000000
bank_txn_category_cluster_income_wages_share_14d,model_vars_category,-1000000
bank_txn_category_cluster_income_wages_share_168d,model_vars_category,-1000000
bank_txn_category_cluster_income_wages_share_182d,model_vars_category,-1000000
bank_txn_category_cluster_income_wages_share_28d,model_vars_category,-1000000
bank_txn_category_cluster_income_wages_share_56d,model_vars_category,-1000000
bank_txn_category_cluster_income_wages_share_7d,model_vars_category,-1000000
bank_txn_category_cluster_income_wages_share_84d,model_vars_category,-1000000
bank_txn_category_cluster_memberships_subs_avg_ticket_14d,model_vars_category,-1000000
bank_txn_category_cluster_memberships_subs_avg_ticket_168d,model_vars_category,-1000000
bank_txn_category_cluster_memberships_subs_avg_ticket_182d,model_vars_category,-1000000
bank_txn_category_cluster_memberships_subs_avg_ticket_28d,model_vars_category,-1000000
bank_txn_category_cluster_memberships_subs_avg_ticket_56d,model_vars_category,-1000000
bank_txn_category_cluster_memberships_subs_avg_ticket_7d,model_vars_category,-1000000
bank_txn_category_cluster_memberships_subs_avg_ticket_84d,model_vars_category,-1000000
bank_txn_category_cluster_memberships_subs_share_14d,model_vars_category,-1000000
bank_txn_category_cluster_memberships_subs_share_168d,model_vars_category,-1000000
bank_txn_category_cluster_memberships_subs_share_182d,model_vars_category,-1000000
bank_txn_category_cluster_memberships_subs_share_28d,model_vars_category,-1000000
bank_txn_category_cluster_memberships_subs_share_56d,model_vars_category,-1000000
bank_txn_category_cluster_memberships_subs_share_7d,model_vars_category,-1000000
bank_txn_category_cluster_memberships_subs_share_84d,model_vars_category,-1000000
bank_txn_category_cluster_other_credits_avg_ticket_14d,model_vars_category,-1000000
bank_txn_category_cluster_other_credits_avg_ticket_168d,model_vars_category,-1000000
bank_txn_category_cluster_other_credits_avg_ticket_182d,model_vars_category,-1000000
bank_txn_category_cluster_other_credits_avg_ticket_28d,model_vars_category,-1000000
bank_txn_category_cluster_other_credits_avg_ticket_56d,model_vars_category,-1000000
bank_txn_category_cluster_other_credits_avg_ticket_7d,model_vars_category,-1000000
bank_txn_category_cluster_other_credits_avg_ticket_84d,model_vars_category,-1000000
bank_txn_category_cluster_other_credits_share_14d,model_vars_category,-1000000
bank_txn_category_cluster_other_credits_share_168d,model_vars_category,-1000000
bank_txn_category_cluster_other_credits_share_182d,model_vars_category,-1000000
bank_txn_category_cluster_other_credits_share_28d,model_vars_category,-1000000
bank_txn_category_cluster_other_credits_share_56d,model_vars_category,-1000000
bank_txn_category_cluster_other_credits_share_7d,model_vars_category,-1000000
bank_txn_category_cluster_other_credits_share_84d,model_vars_category,-1000000
bank_txn_category_cluster_personal_care_avg_ticket_14d,model_vars_category,-1000000
bank_txn_category_cluster_personal_care_avg_ticket_168d,model_vars_category,-1000000
bank_txn_category_cluster_personal_care_avg_ticket_182d,model_vars_category,-1000000
bank_txn_category_cluster_personal_care_avg_ticket_28d,model_vars_category,-1000000
bank_txn_category_cluster_personal_care_avg_ticket_56d,model_vars_category,-1000000
bank_txn_category_cluster_personal_care_avg_ticket_7d,model_vars_category,-1000000
bank_txn_category_cluster_personal_care_avg_ticket_84d,model_vars_category,-1000000
bank_txn_category_cluster_personal_care_share_14d,model_vars_category,-1000000
bank_txn_category_cluster_personal_care_share_168d,model_vars_category,-1000000
bank_txn_category_cluster_personal_care_share_182d,model_vars_category,-1000000
bank_txn_category_cluster_personal_care_share_28d,model_vars_category,-1000000
bank_txn_category_cluster_personal_care_share_56d,model_vars_category,-1000000
bank_txn_category_cluster_personal_care_share_7d,model_vars_category,-1000000
bank_txn_category_cluster_personal_care_share_84d,model_vars_category,-1000000
bank_txn_category_cluster_pet_avg_ticket_14d,model_vars_category,-1000000
bank_txn_category_cluster_pet_avg_ticket_168d,model_vars_category,-1000000
bank_txn_category_cluster_pet_avg_ticket_182d,model_vars_category,-1000000
bank_txn_category_cluster_pet_avg_ticket_28d,model_vars_category,-1000000
bank_txn_category_cluster_pet_avg_ticket_56d,model_vars_category,-1000000
bank_txn_category_cluster_pet_avg_ticket_7d,model_vars_category,-1000000
bank_txn_category_cluster_pet_avg_ticket_84d,model_vars_category,-1000000
bank_txn_category_cluster_pet_share_14d,model_vars_category,-1000000
bank_txn_category_cluster_pet_share_168d,model_vars_category,-1000000
bank_txn_category_cluster_pet_share_182d,model_vars_category,-1000000
bank_txn_category_cluster_pet_share_28d,model_vars_category,-1000000
bank_txn_category_cluster_pet_share_56d,model_vars_category,-1000000
bank_txn_category_cluster_pet_share_7d,model_vars_category,-1000000
bank_txn_category_cluster_pet_share_84d,model_vars_category,-1000000
bank_txn_category_cluster_recurring_bills_avg_ticket_14d,model_vars_category,-1000000
bank_txn_category_cluster_recurring_bills_avg_ticket_168d,model_vars_category,-1000000
bank_txn_category_cluster_recurring_bills_avg_ticket_182d,model_vars_category,-1000000
bank_txn_category_cluster_recurring_bills_avg_ticket_28d,model_vars_category,-1000000
bank_txn_category_cluster_recurring_bills_avg_ticket_56d,model_vars_category,-1000000
bank_txn_category_cluster_recurring_bills_avg_ticket_7d,model_vars_category,-1000000
bank_txn_category_cluster_recurring_bills_avg_ticket_84d,model_vars_category,-1000000
bank_txn_category_cluster_recurring_bills_share_14d,model_vars_category,-1000000
bank_txn_category_cluster_recurring_bills_share_168d,model_vars_category,-1000000
bank_txn_category_cluster_recurring_bills_share_182d,model_vars_category,-1000000
bank_txn_category_cluster_recurring_bills_share_28d,model_vars_category,-1000000
bank_txn_category_cluster_recurring_bills_share_56d,model_vars_category,-1000000
bank_txn_category_cluster_recurring_bills_share_7d,model_vars_category,-1000000
bank_txn_category_cluster_recurring_bills_share_84d,model_vars_category,-1000000
bank_txn_category_cluster_retail_avg_ticket_14d,model_vars_category,-1000000
bank_txn_category_cluster_retail_avg_ticket_168d,model_vars_category,-1000000
bank_txn_category_cluster_retail_avg_ticket_182d,model_vars_category,-1000000
bank_txn_category_cluster_retail_avg_ticket_28d,model_vars_category,-1000000
bank_txn_category_cluster_retail_avg_ticket_56d,model_vars_category,-1000000
bank_txn_category_cluster_retail_avg_ticket_7d,model_vars_category,-1000000
bank_txn_category_cluster_retail_avg_ticket_84d,model_vars_category,-1000000
bank_txn_category_cluster_retail_share_14d,model_vars_category,-1000000
bank_txn_category_cluster_retail_share_168d,model_vars_category,-1000000
bank_txn_category_cluster_retail_share_182d,model_vars_category,-1000000
bank_txn_category_cluster_retail_share_28d,model_vars_category,-1000000
bank_txn_category_cluster_retail_share_56d,model_vars_category,-1000000
bank_txn_category_cluster_retail_share_7d,model_vars_category,-1000000
bank_txn_category_cluster_retail_share_84d,model_vars_category,-1000000
bank_txn_category_cluster_retail_share_accel_14_28_56,model_vars_category,-1000000
bank_txn_category_cluster_retail_share_accel_28_56_84,model_vars_category,-1000000
bank_txn_category_cluster_retail_share_accel_56_84_168,model_vars_category,-1000000
bank_txn_category_cluster_retail_share_accel_7_14_28,model_vars_category,-1000000
bank_txn_category_cluster_retail_share_accel_84_168_182,model_vars_category,-1000000
bank_txn_category_cluster_retail_share_delta_14v28,model_vars_category,-1000000
bank_txn_category_cluster_retail_share_delta_168v182,model_vars_category,-1000000
bank_txn_category_cluster_retail_share_delta_28v56,model_vars_category,-1000000
bank_txn_category_cluster_retail_share_delta_56v84,model_vars_category,-1000000
bank_txn_category_cluster_retail_share_delta_7v14,model_vars_category,-1000000
bank_txn_category_cluster_retail_share_delta_84v168,model_vars_category,-1000000
bank_txn_category_cluster_risk_discretionary_avg_ticket_14d,model_vars_category,-1000000
bank_txn_category_cluster_risk_discretionary_avg_ticket_168d,model_vars_category,-1000000
bank_txn_category_cluster_risk_discretionary_avg_ticket_182d,model_vars_category,-1000000
bank_txn_category_cluster_risk_discretionary_avg_ticket_28d,model_vars_category,-1000000
bank_txn_category_cluster_risk_discretionary_avg_ticket_56d,model_vars_category,-1000000
bank_txn_category_cluster_risk_discretionary_avg_ticket_7d,model_vars_category,-1000000
bank_txn_category_cluster_risk_discretionary_avg_ticket_84d,model_vars_category,-1000000
bank_txn_category_cluster_risk_discretionary_share_14d,model_vars_category,-1000000
bank_txn_category_cluster_risk_discretionary_share_168d,model_vars_category,-1000000
bank_txn_category_cluster_risk_discretionary_share_182d,model_vars_category,-1000000
bank_txn_category_cluster_risk_discretionary_share_28d,model_vars_category,-1000000
bank_txn_category_cluster_risk_discretionary_share_56d,model_vars_category,-1000000
bank_txn_category_cluster_risk_discretionary_share_7d,model_vars_category,-1000000
bank_txn_category_cluster_risk_discretionary_share_84d,model_vars_category,-1000000
bank_txn_category_cluster_risk_discretionary_share_accel_14_28_56,model_vars_category,-1000000
bank_txn_category_cluster_risk_discretionary_share_accel_28_56_84,model_vars_category,-1000000
bank_txn_category_cluster_risk_discretionary_share_accel_56_84_168,model_vars_category,-1000000
bank_txn_category_cluster_risk_discretionary_share_accel_7_14_28,model_vars_category,-1000000
bank_txn_category_cluster_risk_discretionary_share_accel_84_168_182,model_vars_category,-1000000
bank_txn_category_cluster_risk_discretionary_share_delta_14v28,model_vars_category,-1000000
bank_txn_category_cluster_risk_discretionary_share_delta_168v182,model_vars_category,-1000000
bank_txn_category_cluster_risk_discretionary_share_delta_28v56,model_vars_category,-1000000
bank_txn_category_cluster_risk_discretionary_share_delta_56v84,model_vars_category,-1000000
bank_txn_category_cluster_risk_discretionary_share_delta_7v14,model_vars_category,-1000000
bank_txn_category_cluster_risk_discretionary_share_delta_84v168,model_vars_category,-1000000
bank_txn_category_cluster_risk_obligations_avg_ticket_14d,model_vars_category,-1000000
bank_txn_category_cluster_risk_obligations_avg_ticket_168d,model_vars_category,-1000000
bank_txn_category_cluster_risk_obligations_avg_ticket_182d,model_vars_category,-1000000
bank_txn_category_cluster_risk_obligations_avg_ticket_28d,model_vars_category,-1000000
bank_txn_category_cluster_risk_obligations_avg_ticket_56d,model_vars_category,-1000000
bank_txn_category_cluster_risk_obligations_avg_ticket_7d,model_vars_category,-1000000
bank_txn_category_cluster_risk_obligations_avg_ticket_84d,model_vars_category,-1000000
bank_txn_category_cluster_risk_obligations_share_14d,model_vars_category,-1000000
bank_txn_category_cluster_risk_obligations_share_168d,model_vars_category,-1000000
bank_txn_category_cluster_risk_obligations_share_182d,model_vars_category,-1000000
bank_txn_category_cluster_risk_obligations_share_28d,model_vars_category,-1000000
bank_txn_category_cluster_risk_obligations_share_56d,model_vars_category,-1000000
bank_txn_category_cluster_risk_obligations_share_7d,model_vars_category,-1000000
bank_txn_category_cluster_risk_obligations_share_84d,model_vars_category,-1000000
bank_txn_category_cluster_risk_obligations_share_accel_14_28_56,model_vars_category,-1000000
bank_txn_category_cluster_risk_obligations_share_accel_28_56_84,model_vars_category,-1000000
bank_txn_category_cluster_risk_obligations_share_accel_56_84_168,model_vars_category,-1000000
bank_txn_category_cluster_risk_obligations_share_accel_7_14_28,model_vars_category,-1000000
bank_txn_category_cluster_risk_obligations_share_accel_84_168_182,model_vars_category,-1000000
bank_txn_category_cluster_risk_obligations_share_delta_14v28,model_vars_category,-1000000
bank_txn_category_cluster_risk_obligations_share_delta_168v182,model_vars_category,-1000000
bank_txn_category_cluster_risk_obligations_share_delta_28v56,model_vars_category,-1000000
bank_txn_category_cluster_risk_obligations_share_delta_56v84,model_vars_category,-1000000
bank_txn_category_cluster_risk_obligations_share_delta_7v14,model_vars_category,-1000000
bank_txn_category_cluster_risk_obligations_share_delta_84v168,model_vars_category,-1000000
bank_txn_category_cluster_transfer_external_avg_ticket_14d,model_vars_category,-1000000
bank_txn_category_cluster_transfer_external_avg_ticket_168d,model_vars_category,-1000000
bank_txn_category_cluster_transfer_external_avg_ticket_182d,model_vars_category,-1000000
bank_txn_category_cluster_transfer_external_avg_ticket_28d,model_vars_category,-1000000
bank_txn_category_cluster_transfer_external_avg_ticket_56d,model_vars_category,-1000000
bank_txn_category_cluster_transfer_external_avg_ticket_7d,model_vars_category,-1000000
bank_txn_category_cluster_transfer_external_avg_ticket_84d,model_vars_category,-1000000
bank_txn_category_cluster_transfer_external_share_14d,model_vars_category,-1000000
bank_txn_category_cluster_transfer_external_share_168d,model_vars_category,-1000000
bank_txn_category_cluster_transfer_external_share_182d,model_vars_category,-1000000
bank_txn_category_cluster_transfer_external_share_28d,model_vars_category,-1000000
bank_txn_category_cluster_transfer_external_share_56d,model_vars_category,-1000000
bank_txn_category_cluster_transfer_external_share_7d,model_vars_category,-1000000
bank_txn_category_cluster_transfer_external_share_84d,model_vars_category,-1000000
bank_txn_category_cluster_transfer_internal_avg_ticket_14d,model_vars_category,-1000000
bank_txn_category_cluster_transfer_internal_avg_ticket_168d,model_vars_category,-1000000
bank_txn_category_cluster_transfer_internal_avg_ticket_182d,model_vars_category,-1000000
bank_txn_category_cluster_transfer_internal_avg_ticket_28d,model_vars_category,-1000000
bank_txn_category_cluster_transfer_internal_avg_ticket_56d,model_vars_category,-1000000
bank_txn_category_cluster_transfer_internal_avg_ticket_7d,model_vars_category,-1000000
bank_txn_category_cluster_transfer_internal_avg_ticket_84d,model_vars_category,-1000000
bank_txn_category_cluster_transfer_internal_share_14d,model_vars_category,-1000000
bank_txn_category_cluster_transfer_internal_share_168d,model_vars_category,-1000000
bank_txn_category_cluster_transfer_internal_share_182d,model_vars_category,-1000000
bank_txn_category_cluster_transfer_internal_share_28d,model_vars_category,-1000000
bank_txn_category_cluster_transfer_internal_share_56d,model_vars_category,-1000000
bank_txn_category_cluster_transfer_internal_share_7d,model_vars_category,-1000000
bank_txn_category_cluster_transfer_internal_share_84d,model_vars_category,-1000000
bank_txn_category_cluster_transfers_avg_ticket_14d,model_vars_category,-1000000
bank_txn_category_cluster_transfers_avg_ticket_168d,model_vars_category,-1000000
bank_txn_category_cluster_transfers_avg_ticket_182d,model_vars_category,-1000000
bank_txn_category_cluster_transfers_avg_ticket_28d,model_vars_category,-1000000
bank_txn_category_cluster_transfers_avg_ticket_56d,model_vars_category,-1000000
bank_txn_category_cluster_transfers_avg_ticket_7d,model_vars_category,-1000000
bank_txn_category_cluster_transfers_avg_ticket_84d,model_vars_category,-1000000
bank_txn_category_cluster_transfers_share_14d,model_vars_category,-1000000
bank_txn_category_cluster_transfers_share_168d,model_vars_category,-1000000
bank_txn_category_cluster_transfers_share_182d,model_vars_category,-1000000
bank_txn_category_cluster_transfers_share_28d,model_vars_category,-1000000
bank_txn_category_cluster_transfers_share_56d,model_vars_category,-1000000
bank_txn_category_cluster_transfers_share_7d,model_vars_category,-1000000
bank_txn_category_cluster_transfers_share_84d,model_vars_category,-1000000
bank_txn_category_cluster_transport_avg_ticket_14d,model_vars_category,-1000000
bank_txn_category_cluster_transport_avg_ticket_168d,model_vars_category,-1000000
bank_txn_category_cluster_transport_avg_ticket_182d,model_vars_category,-1000000
bank_txn_category_cluster_transport_avg_ticket_28d,model_vars_category,-1000000
bank_txn_category_cluster_transport_avg_ticket_56d,model_vars_category,-1000000
bank_txn_category_cluster_transport_avg_ticket_7d,model_vars_category,-1000000
bank_txn_category_cluster_transport_avg_ticket_84d,model_vars_category,-1000000
bank_txn_category_cluster_transport_share_14d,model_vars_category,-1000000
bank_txn_category_cluster_transport_share_168d,model_vars_category,-1000000
bank_txn_category_cluster_transport_share_182d,model_vars_category,-1000000
bank_txn_category_cluster_transport_share_28d,model_vars_category,-1000000
bank_txn_category_cluster_transport_share_56d,model_vars_category,-1000000
bank_txn_category_cluster_transport_share_7d,model_vars_category,-1000000
bank_txn_category_cluster_transport_share_84d,model_vars_category,-1000000
bank_txn_category_cluster_travel_avg_ticket_14d,model_vars_category,-1000000
bank_txn_category_cluster_travel_avg_ticket_168d,model_vars_category,-1000000
bank_txn_category_cluster_travel_avg_ticket_182d,model_vars_category,-1000000
bank_txn_category_cluster_travel_avg_ticket_28d,model_vars_category,-1000000
bank_txn_category_cluster_travel_avg_ticket_56d,model_vars_category,-1000000
bank_txn_category_cluster_travel_avg_ticket_7d,model_vars_category,-1000000
bank_txn_category_cluster_travel_avg_ticket_84d,model_vars_category,-1000000
bank_txn_category_cluster_travel_share_14d,model_vars_category,-1000000
bank_txn_category_cluster_travel_share_168d,model_vars_category,-1000000
bank_txn_category_cluster_travel_share_182d,model_vars_category,-1000000
bank_txn_category_cluster_travel_share_28d,model_vars_category,-1000000
bank_txn_category_cluster_travel_share_56d,model_vars_category,-1000000
bank_txn_category_cluster_travel_share_7d,model_vars_category,-1000000
bank_txn_category_cluster_travel_share_84d,model_vars_category,-1000000
bank_txn_category_cluster_travel_share_accel_14_28_56,model_vars_category,-1000000
bank_txn_category_cluster_travel_share_accel_28_56_84,model_vars_category,-1000000
bank_txn_category_cluster_travel_share_accel_56_84_168,model_vars_category,-1000000
bank_txn_category_cluster_travel_share_accel_7_14_28,model_vars_category,-1000000
bank_txn_category_cluster_travel_share_accel_84_168_182,model_vars_category,-1000000
bank_txn_category_cluster_travel_share_delta_14v28,model_vars_category,-1000000
bank_txn_category_cluster_travel_share_delta_168v182,model_vars_category,-1000000
bank_txn_category_cluster_travel_share_delta_28v56,model_vars_category,-1000000
bank_txn_category_cluster_travel_share_delta_56v84,model_vars_category,-1000000
bank_txn_category_cluster_travel_share_delta_7v14,model_vars_category,-1000000
bank_txn_category_cluster_travel_share_delta_84v168,model_vars_category,-1000000
bank_txn_category_cluster_utilities_avg_ticket_14d,model_vars_category,-1000000
bank_txn_category_cluster_utilities_avg_ticket_168d,model_vars_category,-1000000
bank_txn_category_cluster_utilities_avg_ticket_182d,model_vars_category,-1000000
bank_txn_category_cluster_utilities_avg_ticket_28d,model_vars_category,-1000000
bank_txn_category_cluster_utilities_avg_ticket_56d,model_vars_category,-1000000
bank_txn_category_cluster_utilities_avg_ticket_7d,model_vars_category,-1000000
bank_txn_category_cluster_utilities_avg_ticket_84d,model_vars_category,-1000000
bank_txn_category_cluster_utilities_share_14d,model_vars_category,-1000000
bank_txn_category_cluster_utilities_share_168d,model_vars_category,-1000000
bank_txn_category_cluster_utilities_share_182d,model_vars_category,-1000000
bank_txn_category_cluster_utilities_share_28d,model_vars_category,-1000000
bank_txn_category_cluster_utilities_share_56d,model_vars_category,-1000000
bank_txn_category_cluster_utilities_share_7d,model_vars_category,-1000000
bank_txn_category_cluster_utilities_share_84d,model_vars_category,-1000000
bank_txn_category_credit_card_repayments_amt_14d,model_vars_category,-1000000
bank_txn_category_credit_card_repayments_amt_168d,model_vars_category,-1000000
bank_txn_category_credit_card_repayments_amt_182d,model_vars_category,-1000000
bank_txn_category_credit_card_repayments_amt_28d,model_vars_category,-1000000
bank_txn_category_credit_card_repayments_amt_56d,model_vars_category,-1000000
bank_txn_category_credit_card_repayments_amt_7d,model_vars_category,-1000000
bank_txn_category_credit_card_repayments_amt_84d,model_vars_category,-1000000
bank_txn_category_credit_card_repayments_avg_ticket_14d,model_vars_category,-1000000
bank_txn_category_credit_card_repayments_avg_ticket_168d,model_vars_category,-1000000
bank_txn_category_credit_card_repayments_avg_ticket_182d,model_vars_category,-1000000
bank_txn_category_credit_card_repayments_avg_ticket_28d,model_vars_category,-1000000
bank_txn_category_credit_card_repayments_avg_ticket_56d,model_vars_category,-1000000
bank_txn_category_credit_card_repayments_avg_ticket_7d,model_vars_category,-1000000
bank_txn_category_credit_card_repayments_avg_ticket_84d,model_vars_category,-1000000
bank_txn_category_credit_card_repayments_cnt_14d,model_vars_category,-1000000
bank_txn_category_credit_card_repayments_cnt_168d,model_vars_category,-1000000
bank_txn_category_credit_card_repayments_cnt_182d,model_vars_category,-1000000
bank_txn_category_credit_card_repayments_cnt_28d,model_vars_category,-1000000
bank_txn_category_credit_card_repayments_cnt_56d,model_vars_category,-1000000
bank_txn_category_credit_card_repayments_cnt_7d,model_vars_category,-1000000
bank_txn_category_credit_card_repayments_cnt_84d,model_vars_category,-1000000
bank_txn_category_credit_card_repayments_credit_amt_14d,model_vars_category,-1000000
bank_txn_category_credit_card_repayments_credit_amt_168d,model_vars_category,-1000000
bank_txn_category_credit_card_repayments_credit_amt_182d,model_vars_category,-1000000
bank_txn_category_credit_card_repayments_credit_amt_28d,model_vars_category,-1000000
bank_txn_category_credit_card_repayments_credit_amt_56d,model_vars_category,-1000000
bank_txn_category_credit_card_repayments_credit_amt_7d,model_vars_category,-1000000
bank_txn_category_credit_card_repayments_credit_amt_84d,model_vars_category,-1000000
bank_txn_category_credit_card_repayments_credit_cnt_14d,model_vars_category,-1000000
bank_txn_category_credit_card_repayments_credit_cnt_168d,model_vars_category,-1000000
bank_txn_category_credit_card_repayments_credit_cnt_182d,model_vars_category,-1000000
bank_txn_category_credit_card_repayments_credit_cnt_28d,model_vars_category,-1000000
bank_txn_category_credit_card_repayments_credit_cnt_56d,model_vars_category,-1000000
bank_txn_category_credit_card_repayments_credit_cnt_7d,model_vars_category,-1000000
bank_txn_category_credit_card_repayments_credit_cnt_84d,model_vars_category,-1000000
bank_txn_category_credit_card_repayments_debit_amt_14d,model_vars_category,-1000000
bank_txn_category_credit_card_repayments_debit_amt_168d,model_vars_category,-1000000
bank_txn_category_credit_card_repayments_debit_amt_182d,model_vars_category,-1000000
bank_txn_category_credit_card_repayments_debit_amt_28d,model_vars_category,-1000000
bank_txn_category_credit_card_repayments_debit_amt_56d,model_vars_category,-1000000
bank_txn_category_credit_card_repayments_debit_amt_7d,model_vars_category,-1000000
bank_txn_category_credit_card_repayments_debit_amt_84d,model_vars_category,-1000000
bank_txn_category_credit_card_repayments_debit_cnt_14d,model_vars_category,-1000000
bank_txn_category_credit_card_repayments_debit_cnt_168d,model_vars_category,-1000000
bank_txn_category_credit_card_repayments_debit_cnt_182d,model_vars_category,-1000000
bank_txn_category_credit_card_repayments_debit_cnt_28d,model_vars_category,-1000000
bank_txn_category_credit_card_repayments_debit_cnt_56d,model_vars_category,-1000000
bank_txn_category_credit_card_repayments_debit_cnt_7d,model_vars_category,-1000000
bank_txn_category_credit_card_repayments_debit_cnt_84d,model_vars_category,-1000000
bank_txn_category_credit_card_repayments_share_14d,model_vars_category,-1000000
bank_txn_category_credit_card_repayments_share_168d,model_vars_category,-1000000
bank_txn_category_credit_card_repayments_share_182d,model_vars_category,-1000000
bank_txn_category_credit_card_repayments_share_28d,model_vars_category,-1000000
bank_txn_category_credit_card_repayments_share_56d,model_vars_category,-1000000
bank_txn_category_credit_card_repayments_share_7d,model_vars_category,-1000000
bank_txn_category_credit_card_repayments_share_84d,model_vars_category,-1000000
bank_txn_category_debt_collection_amt_14d,model_vars_category,-1000000
bank_txn_category_debt_collection_amt_168d,model_vars_category,-1000000
bank_txn_category_debt_collection_amt_182d,model_vars_category,-1000000
bank_txn_category_debt_collection_amt_28d,model_vars_category,-1000000
bank_txn_category_debt_collection_amt_56d,model_vars_category,-1000000
bank_txn_category_debt_collection_amt_7d,model_vars_category,-1000000
bank_txn_category_debt_collection_amt_84d,model_vars_category,-1000000
bank_txn_category_debt_collection_avg_ticket_14d,model_vars_category,-1000000
bank_txn_category_debt_collection_avg_ticket_168d,model_vars_category,-1000000
bank_txn_category_debt_collection_avg_ticket_182d,model_vars_category,-1000000
bank_txn_category_debt_collection_avg_ticket_28d,model_vars_category,-1000000
bank_txn_category_debt_collection_avg_ticket_56d,model_vars_category,-1000000
bank_txn_category_debt_collection_avg_ticket_7d,model_vars_category,-1000000
bank_txn_category_debt_collection_avg_ticket_84d,model_vars_category,-1000000
bank_txn_category_debt_collection_cnt_14d,model_vars_category,-1000000
bank_txn_category_debt_collection_cnt_168d,model_vars_category,-1000000
bank_txn_category_debt_collection_cnt_182d,model_vars_category,-1000000
bank_txn_category_debt_collection_cnt_28d,model_vars_category,-1000000
bank_txn_category_debt_collection_cnt_56d,model_vars_category,-1000000
bank_txn_category_debt_collection_cnt_7d,model_vars_category,-1000000
bank_txn_category_debt_collection_cnt_84d,model_vars_category,-1000000
bank_txn_category_debt_collection_credit_amt_14d,model_vars_category,-1000000
bank_txn_category_debt_collection_credit_amt_168d,model_vars_category,-1000000
bank_txn_category_debt_collection_credit_amt_182d,model_vars_category,-1000000
bank_txn_category_debt_collection_credit_amt_28d,model_vars_category,-1000000
bank_txn_category_debt_collection_credit_amt_56d,model_vars_category,-1000000
bank_txn_category_debt_collection_credit_amt_7d,model_vars_category,-1000000
bank_txn_category_debt_collection_credit_amt_84d,model_vars_category,-1000000
bank_txn_category_debt_collection_credit_cnt_14d,model_vars_category,-1000000
bank_txn_category_debt_collection_credit_cnt_168d,model_vars_category,-1000000
bank_txn_category_debt_collection_credit_cnt_182d,model_vars_category,-1000000
bank_txn_category_debt_collection_credit_cnt_28d,model_vars_category,-1000000
bank_txn_category_debt_collection_credit_cnt_56d,model_vars_category,-1000000
bank_txn_category_debt_collection_credit_cnt_7d,model_vars_category,-1000000
bank_txn_category_debt_collection_credit_cnt_84d,model_vars_category,-1000000
bank_txn_category_debt_collection_debit_amt_14d,model_vars_category,-1000000
bank_txn_category_debt_collection_debit_amt_168d,model_vars_category,-1000000
bank_txn_category_debt_collection_debit_amt_182d,model_vars_category,-1000000
bank_txn_category_debt_collection_debit_amt_28d,model_vars_category,-1000000
bank_txn_category_debt_collection_debit_amt_56d,model_vars_category,-1000000
bank_txn_category_debt_collection_debit_amt_7d,model_vars_category,-1000000
bank_txn_category_debt_collection_debit_amt_84d,model_vars_category,-1000000
bank_txn_category_debt_collection_debit_cnt_14d,model_vars_category,-1000000
bank_txn_category_debt_collection_debit_cnt_168d,model_vars_category,-1000000
bank_txn_category_debt_collection_debit_cnt_182d,model_vars_category,-1000000
bank_txn_category_debt_collection_debit_cnt_28d,model_vars_category,-1000000
bank_txn_category_debt_collection_debit_cnt_56d,model_vars_category,-1000000
bank_txn_category_debt_collection_debit_cnt_7d,model_vars_category,-1000000
bank_txn_category_debt_collection_debit_cnt_84d,model_vars_category,-1000000
bank_txn_category_debt_collection_share_14d,model_vars_category,-1000000
bank_txn_category_debt_collection_share_168d,model_vars_category,-1000000
bank_txn_category_debt_collection_share_182d,model_vars_category,-1000000
bank_txn_category_debt_collection_share_28d,model_vars_category,-1000000
bank_txn_category_debt_collection_share_56d,model_vars_category,-1000000
bank_txn_category_debt_collection_share_7d,model_vars_category,-1000000
bank_txn_category_debt_collection_share_84d,model_vars_category,-1000000
bank_txn_category_debt_consolidation_amt_14d,model_vars_category,-1000000
bank_txn_category_debt_consolidation_amt_168d,model_vars_category,-1000000
bank_txn_category_debt_consolidation_amt_182d,model_vars_category,-1000000
bank_txn_category_debt_consolidation_amt_28d,model_vars_category,-1000000
bank_txn_category_debt_consolidation_amt_56d,model_vars_category,-1000000
bank_txn_category_debt_consolidation_amt_7d,model_vars_category,-1000000
bank_txn_category_debt_consolidation_amt_84d,model_vars_category,-1000000
bank_txn_category_debt_consolidation_avg_ticket_14d,model_vars_category,-1000000
bank_txn_category_debt_consolidation_avg_ticket_168d,model_vars_category,-1000000
bank_txn_category_debt_consolidation_avg_ticket_182d,model_vars_category,-1000000
bank_txn_category_debt_consolidation_avg_ticket_28d,model_vars_category,-1000000
bank_txn_category_debt_consolidation_avg_ticket_56d,model_vars_category,-1000000
bank_txn_category_debt_consolidation_avg_ticket_7d,model_vars_category,-1000000
bank_txn_category_debt_consolidation_avg_ticket_84d,model_vars_category,-1000000
bank_txn_category_debt_consolidation_cnt_14d,model_vars_category,-1000000
bank_txn_category_debt_consolidation_cnt_168d,model_vars_category,-1000000
bank_txn_category_debt_consolidation_cnt_182d,model_vars_category,-1000000
bank_txn_category_debt_consolidation_cnt_28d,model_vars_category,-1000000
bank_txn_category_debt_consolidation_cnt_56d,model_vars_category,-1000000
bank_txn_category_debt_consolidation_cnt_7d,model_vars_category,-1000000
bank_txn_category_debt_consolidation_cnt_84d,model_vars_category,-1000000
bank_txn_category_debt_consolidation_credit_amt_14d,model_vars_category,-1000000
bank_txn_category_debt_consolidation_credit_amt_168d,model_vars_category,-1000000
bank_txn_category_debt_consolidation_credit_amt_182d,model_vars_category,-1000000
bank_txn_category_debt_consolidation_credit_amt_28d,model_vars_category,-1000000
bank_txn_category_debt_consolidation_credit_amt_56d,model_vars_category,-1000000
bank_txn_category_debt_consolidation_credit_amt_7d,model_vars_category,-1000000
bank_txn_category_debt_consolidation_credit_amt_84d,model_vars_category,-1000000
bank_txn_category_debt_consolidation_credit_cnt_14d,model_vars_category,-1000000
bank_txn_category_debt_consolidation_credit_cnt_168d,model_vars_category,-1000000
bank_txn_category_debt_consolidation_credit_cnt_182d,model_vars_category,-1000000
bank_txn_category_debt_consolidation_credit_cnt_28d,model_vars_category,-1000000
bank_txn_category_debt_consolidation_credit_cnt_56d,model_vars_category,-1000000
bank_txn_category_debt_consolidation_credit_cnt_7d,model_vars_category,-1000000
bank_txn_category_debt_consolidation_credit_cnt_84d,model_vars_category,-1000000
bank_txn_category_debt_consolidation_debit_amt_14d,model_vars_category,-1000000
bank_txn_category_debt_consolidation_debit_amt_168d,model_vars_category,-1000000
bank_txn_category_debt_consolidation_debit_amt_182d,model_vars_category,-1000000
bank_txn_category_debt_consolidation_debit_amt_28d,model_vars_category,-1000000
bank_txn_category_debt_consolidation_debit_amt_56d,model_vars_category,-1000000
bank_txn_category_debt_consolidation_debit_amt_7d,model_vars_category,-1000000
bank_txn_category_debt_consolidation_debit_amt_84d,model_vars_category,-1000000
bank_txn_category_debt_consolidation_debit_cnt_14d,model_vars_category,-1000000
bank_txn_category_debt_consolidation_debit_cnt_168d,model_vars_category,-1000000
bank_txn_category_debt_consolidation_debit_cnt_182d,model_vars_category,-1000000
bank_txn_category_debt_consolidation_debit_cnt_28d,model_vars_category,-1000000
bank_txn_category_debt_consolidation_debit_cnt_56d,model_vars_category,-1000000
bank_txn_category_debt_consolidation_debit_cnt_7d,model_vars_category,-1000000
bank_txn_category_debt_consolidation_debit_cnt_84d,model_vars_category,-1000000
bank_txn_category_debt_consolidation_share_14d,model_vars_category,-1000000
bank_txn_category_debt_consolidation_share_168d,model_vars_category,-1000000
bank_txn_category_debt_consolidation_share_182d,model_vars_category,-1000000
bank_txn_category_debt_consolidation_share_28d,model_vars_category,-1000000
bank_txn_category_debt_consolidation_share_56d,model_vars_category,-1000000
bank_txn_category_debt_consolidation_share_7d,model_vars_category,-1000000
bank_txn_category_debt_consolidation_share_84d,model_vars_category,-1000000
bank_txn_category_department_stores_amt_14d,model_vars_category,-1000000
bank_txn_category_department_stores_amt_168d,model_vars_category,-1000000
bank_txn_category_department_stores_amt_182d,model_vars_category,-1000000
bank_txn_category_department_stores_amt_28d,model_vars_category,-1000000
bank_txn_category_department_stores_amt_56d,model_vars_category,-1000000
bank_txn_category_department_stores_amt_7d,model_vars_category,-1000000
bank_txn_category_department_stores_amt_84d,model_vars_category,-1000000
bank_txn_category_department_stores_avg_ticket_14d,model_vars_category,-1000000
bank_txn_category_department_stores_avg_ticket_168d,model_vars_category,-1000000
bank_txn_category_department_stores_avg_ticket_182d,model_vars_category,-1000000
bank_txn_category_department_stores_avg_ticket_28d,model_vars_category,-1000000
bank_txn_category_department_stores_avg_ticket_56d,model_vars_category,-1000000
bank_txn_category_department_stores_avg_ticket_7d,model_vars_category,-1000000
bank_txn_category_department_stores_avg_ticket_84d,model_vars_category,-1000000
bank_txn_category_department_stores_cnt_14d,model_vars_category,-1000000
bank_txn_category_department_stores_cnt_168d,model_vars_category,-1000000
bank_txn_category_department_stores_cnt_182d,model_vars_category,-1000000
bank_txn_category_department_stores_cnt_28d,model_vars_category,-1000000
bank_txn_category_department_stores_cnt_56d,model_vars_category,-1000000
bank_txn_category_department_stores_cnt_7d,model_vars_category,-1000000
bank_txn_category_department_stores_cnt_84d,model_vars_category,-1000000
bank_txn_category_department_stores_credit_amt_14d,model_vars_category,-1000000
bank_txn_category_department_stores_credit_amt_168d,model_vars_category,-1000000
bank_txn_category_department_stores_credit_amt_182d,model_vars_category,-1000000
bank_txn_category_department_stores_credit_amt_28d,model_vars_category,-1000000
bank_txn_category_department_stores_credit_amt_56d,model_vars_category,-1000000
bank_txn_category_department_stores_credit_amt_7d,model_vars_category,-1000000
bank_txn_category_department_stores_credit_amt_84d,model_vars_category,-1000000
bank_txn_category_department_stores_credit_cnt_14d,model_vars_category,-1000000
bank_txn_category_department_stores_credit_cnt_168d,model_vars_category,-1000000
bank_txn_category_department_stores_credit_cnt_182d,model_vars_category,-1000000
bank_txn_category_department_stores_credit_cnt_28d,model_vars_category,-1000000
bank_txn_category_department_stores_credit_cnt_56d,model_vars_category,-1000000
bank_txn_category_department_stores_credit_cnt_7d,model_vars_category,-1000000
bank_txn_category_department_stores_credit_cnt_84d,model_vars_category,-1000000
bank_txn_category_department_stores_debit_amt_14d,model_vars_category,-1000000
bank_txn_category_department_stores_debit_amt_168d,model_vars_category,-1000000
bank_txn_category_department_stores_debit_amt_182d,model_vars_category,-1000000
bank_txn_category_department_stores_debit_amt_28d,model_vars_category,-1000000
bank_txn_category_department_stores_debit_amt_56d,model_vars_category,-1000000
bank_txn_category_department_stores_debit_amt_7d,model_vars_category,-1000000
bank_txn_category_department_stores_debit_amt_84d,model_vars_category,-1000000
bank_txn_category_department_stores_debit_cnt_14d,model_vars_category,-1000000
bank_txn_category_department_stores_debit_cnt_168d,model_vars_category,-1000000
bank_txn_category_department_stores_debit_cnt_182d,model_vars_category,-1000000
bank_txn_category_department_stores_debit_cnt_28d,model_vars_category,-1000000
bank_txn_category_department_stores_debit_cnt_56d,model_vars_category,-1000000
bank_txn_category_department_stores_debit_cnt_7d,model_vars_category,-1000000
bank_txn_category_department_stores_debit_cnt_84d,model_vars_category,-1000000
bank_txn_category_department_stores_share_14d,model_vars_category,-1000000
bank_txn_category_department_stores_share_168d,model_vars_category,-1000000
bank_txn_category_department_stores_share_182d,model_vars_category,-1000000
bank_txn_category_department_stores_share_28d,model_vars_category,-1000000
bank_txn_category_department_stores_share_56d,model_vars_category,-1000000
bank_txn_category_department_stores_share_7d,model_vars_category,-1000000
bank_txn_category_department_stores_share_84d,model_vars_category,-1000000
bank_txn_category_dining_out_amt_14d,model_vars_category,-1000000
bank_txn_category_dining_out_amt_168d,model_vars_category,-1000000
bank_txn_category_dining_out_amt_182d,model_vars_category,-1000000
bank_txn_category_dining_out_amt_28d,model_vars_category,-1000000
bank_txn_category_dining_out_amt_56d,model_vars_category,-1000000
bank_txn_category_dining_out_amt_7d,model_vars_category,-1000000
bank_txn_category_dining_out_amt_84d,model_vars_category,-1000000
bank_txn_category_dining_out_avg_ticket_14d,model_vars_category,-1000000
bank_txn_category_dining_out_avg_ticket_168d,model_vars_category,-1000000
bank_txn_category_dining_out_avg_ticket_182d,model_vars_category,-1000000
bank_txn_category_dining_out_avg_ticket_28d,model_vars_category,-1000000
bank_txn_category_dining_out_avg_ticket_56d,model_vars_category,-1000000
bank_txn_category_dining_out_avg_ticket_7d,model_vars_category,-1000000
bank_txn_category_dining_out_avg_ticket_84d,model_vars_category,-1000000
bank_txn_category_dining_out_cnt_14d,model_vars_category,-1000000
bank_txn_category_dining_out_cnt_168d,model_vars_category,-1000000
bank_txn_category_dining_out_cnt_182d,model_vars_category,-1000000
bank_txn_category_dining_out_cnt_28d,model_vars_category,-1000000
bank_txn_category_dining_out_cnt_56d,model_vars_category,-1000000
bank_txn_category_dining_out_cnt_7d,model_vars_category,-1000000
bank_txn_category_dining_out_cnt_84d,model_vars_category,-1000000
bank_txn_category_dining_out_credit_amt_14d,model_vars_category,-1000000
bank_txn_category_dining_out_credit_amt_168d,model_vars_category,-1000000
bank_txn_category_dining_out_credit_amt_182d,model_vars_category,-1000000
bank_txn_category_dining_out_credit_amt_28d,model_vars_category,-1000000
bank_txn_category_dining_out_credit_amt_56d,model_vars_category,-1000000
bank_txn_category_dining_out_credit_amt_7d,model_vars_category,-1000000
bank_txn_category_dining_out_credit_amt_84d,model_vars_category,-1000000
bank_txn_category_dining_out_credit_cnt_14d,model_vars_category,-1000000
bank_txn_category_dining_out_credit_cnt_168d,model_vars_category,-1000000
bank_txn_category_dining_out_credit_cnt_182d,model_vars_category,-1000000
bank_txn_category_dining_out_credit_cnt_28d,model_vars_category,-1000000
bank_txn_category_dining_out_credit_cnt_56d,model_vars_category,-1000000
bank_txn_category_dining_out_credit_cnt_7d,model_vars_category,-1000000
bank_txn_category_dining_out_credit_cnt_84d,model_vars_category,-1000000
bank_txn_category_dining_out_debit_amt_14d,model_vars_category,-1000000
bank_txn_category_dining_out_debit_amt_168d,model_vars_category,-1000000
bank_txn_category_dining_out_debit_amt_182d,model_vars_category,-1000000
bank_txn_category_dining_out_debit_amt_28d,model_vars_category,-1000000
bank_txn_category_dining_out_debit_amt_56d,model_vars_category,-1000000
bank_txn_category_dining_out_debit_amt_7d,model_vars_category,-1000000
bank_txn_category_dining_out_debit_amt_84d,model_vars_category,-1000000
bank_txn_category_dining_out_debit_cnt_14d,model_vars_category,-1000000
bank_txn_category_dining_out_debit_cnt_168d,model_vars_category,-1000000
bank_txn_category_dining_out_debit_cnt_182d,model_vars_category,-1000000
bank_txn_category_dining_out_debit_cnt_28d,model_vars_category,-1000000
bank_txn_category_dining_out_debit_cnt_56d,model_vars_category,-1000000
bank_txn_category_dining_out_debit_cnt_7d,model_vars_category,-1000000
bank_txn_category_dining_out_debit_cnt_84d,model_vars_category,-1000000
bank_txn_category_dining_out_share_14d,model_vars_category,-1000000
bank_txn_category_dining_out_share_168d,model_vars_category,-1000000
bank_txn_category_dining_out_share_182d,model_vars_category,-1000000
bank_txn_category_dining_out_share_28d,model_vars_category,-1000000
bank_txn_category_dining_out_share_56d,model_vars_category,-1000000
bank_txn_category_dining_out_share_7d,model_vars_category,-1000000
bank_txn_category_dining_out_share_84d,model_vars_category,-1000000
bank_txn_category_dishonours_amt_14d,model_vars_category,-1000000
bank_txn_category_dishonours_amt_168d,model_vars_category,-1000000
bank_txn_category_dishonours_amt_182d,model_vars_category,-1000000
bank_txn_category_dishonours_amt_28d,model_vars_category,-1000000
bank_txn_category_dishonours_amt_56d,model_vars_category,-1000000
bank_txn_category_dishonours_amt_7d,model_vars_category,-1000000
bank_txn_category_dishonours_amt_84d,model_vars_category,-1000000
bank_txn_category_dishonours_avg_ticket_14d,model_vars_category,-1000000
bank_txn_category_dishonours_avg_ticket_168d,model_vars_category,-1000000
bank_txn_category_dishonours_avg_ticket_182d,model_vars_category,-1000000
bank_txn_category_dishonours_avg_ticket_28d,model_vars_category,-1000000
bank_txn_category_dishonours_avg_ticket_56d,model_vars_category,-1000000
bank_txn_category_dishonours_avg_ticket_7d,model_vars_category,-1000000
bank_txn_category_dishonours_avg_ticket_84d,model_vars_category,-1000000
bank_txn_category_dishonours_cnt_14d,model_vars_category,-1000000
bank_txn_category_dishonours_cnt_168d,model_vars_category,-1000000
bank_txn_category_dishonours_cnt_182d,model_vars_category,-1000000
bank_txn_category_dishonours_cnt_28d,model_vars_category,-1000000
bank_txn_category_dishonours_cnt_56d,model_vars_category,-1000000
bank_txn_category_dishonours_cnt_7d,model_vars_category,-1000000
bank_txn_category_dishonours_cnt_84d,model_vars_category,-1000000
bank_txn_category_dishonours_credit_amt_14d,model_vars_category,-1000000
bank_txn_category_dishonours_credit_amt_168d,model_vars_category,-1000000
bank_txn_category_dishonours_credit_amt_182d,model_vars_category,-1000000
bank_txn_category_dishonours_credit_amt_28d,model_vars_category,-1000000
bank_txn_category_dishonours_credit_amt_56d,model_vars_category,-1000000
bank_txn_category_dishonours_credit_amt_7d,model_vars_category,-1000000
bank_txn_category_dishonours_credit_amt_84d,model_vars_category,-1000000
bank_txn_category_dishonours_credit_cnt_14d,model_vars_category,-1000000
bank_txn_category_dishonours_credit_cnt_168d,model_vars_category,-1000000
bank_txn_category_dishonours_credit_cnt_182d,model_vars_category,-1000000
bank_txn_category_dishonours_credit_cnt_28d,model_vars_category,-1000000
bank_txn_category_dishonours_credit_cnt_56d,model_vars_category,-1000000
bank_txn_category_dishonours_credit_cnt_7d,model_vars_category,-1000000
bank_txn_category_dishonours_credit_cnt_84d,model_vars_category,-1000000
bank_txn_category_dishonours_debit_amt_14d,model_vars_category,-1000000
bank_txn_category_dishonours_debit_amt_168d,model_vars_category,-1000000
bank_txn_category_dishonours_debit_amt_182d,model_vars_category,-1000000
bank_txn_category_dishonours_debit_amt_28d,model_vars_category,-1000000
bank_txn_category_dishonours_debit_amt_56d,model_vars_category,-1000000
bank_txn_category_dishonours_debit_amt_7d,model_vars_category,-1000000
bank_txn_category_dishonours_debit_amt_84d,model_vars_category,-1000000
bank_txn_category_dishonours_debit_cnt_14d,model_vars_category,-1000000
bank_txn_category_dishonours_debit_cnt_168d,model_vars_category,-1000000
bank_txn_category_dishonours_debit_cnt_182d,model_vars_category,-1000000
bank_txn_category_dishonours_debit_cnt_28d,model_vars_category,-1000000
bank_txn_category_dishonours_debit_cnt_56d,model_vars_category,-1000000
bank_txn_category_dishonours_debit_cnt_7d,model_vars_category,-1000000
bank_txn_category_dishonours_debit_cnt_84d,model_vars_category,-1000000
bank_txn_category_dishonours_share_14d,model_vars_category,-1000000
bank_txn_category_dishonours_share_168d,model_vars_category,-1000000
bank_txn_category_dishonours_share_182d,model_vars_category,-1000000
bank_txn_category_dishonours_share_28d,model_vars_category,-1000000
bank_txn_category_dishonours_share_56d,model_vars_category,-1000000
bank_txn_category_dishonours_share_7d,model_vars_category,-1000000
bank_txn_category_dishonours_share_84d,model_vars_category,-1000000
bank_txn_category_donations_amt_14d,model_vars_category,-1000000
bank_txn_category_donations_amt_168d,model_vars_category,-1000000
bank_txn_category_donations_amt_182d,model_vars_category,-1000000
bank_txn_category_donations_amt_28d,model_vars_category,-1000000
bank_txn_category_donations_amt_56d,model_vars_category,-1000000
bank_txn_category_donations_amt_7d,model_vars_category,-1000000
bank_txn_category_donations_amt_84d,model_vars_category,-1000000
bank_txn_category_donations_avg_ticket_14d,model_vars_category,-1000000
bank_txn_category_donations_avg_ticket_168d,model_vars_category,-1000000
bank_txn_category_donations_avg_ticket_182d,model_vars_category,-1000000
bank_txn_category_donations_avg_ticket_28d,model_vars_category,-1000000
bank_txn_category_donations_avg_ticket_56d,model_vars_category,-1000000
bank_txn_category_donations_avg_ticket_7d,model_vars_category,-1000000
bank_txn_category_donations_avg_ticket_84d,model_vars_category,-1000000
bank_txn_category_donations_cnt_14d,model_vars_category,-1000000
bank_txn_category_donations_cnt_168d,model_vars_category,-1000000
bank_txn_category_donations_cnt_182d,model_vars_category,-1000000
bank_txn_category_donations_cnt_28d,model_vars_category,-1000000
bank_txn_category_donations_cnt_56d,model_vars_category,-1000000
bank_txn_category_donations_cnt_7d,model_vars_category,-1000000
bank_txn_category_donations_cnt_84d,model_vars_category,-1000000
bank_txn_category_donations_credit_amt_14d,model_vars_category,-1000000
bank_txn_category_donations_credit_amt_168d,model_vars_category,-1000000
bank_txn_category_donations_credit_amt_182d,model_vars_category,-1000000
bank_txn_category_donations_credit_amt_28d,model_vars_category,-1000000
bank_txn_category_donations_credit_amt_56d,model_vars_category,-1000000
bank_txn_category_donations_credit_amt_7d,model_vars_category,-1000000
bank_txn_category_donations_credit_amt_84d,model_vars_category,-1000000
bank_txn_category_donations_credit_cnt_14d,model_vars_category,-1000000
bank_txn_category_donations_credit_cnt_168d,model_vars_category,-1000000
bank_txn_category_donations_credit_cnt_182d,model_vars_category,-1000000
bank_txn_category_donations_credit_cnt_28d,model_vars_category,-1000000
bank_txn_category_donations_credit_cnt_56d,model_vars_category,-1000000
bank_txn_category_donations_credit_cnt_7d,model_vars_category,-1000000
bank_txn_category_donations_credit_cnt_84d,model_vars_category,-1000000
bank_txn_category_donations_debit_amt_14d,model_vars_category,-1000000
bank_txn_category_donations_debit_amt_168d,model_vars_category,-1000000
bank_txn_category_donations_debit_amt_182d,model_vars_category,-1000000
bank_txn_category_donations_debit_amt_28d,model_vars_category,-1000000
bank_txn_category_donations_debit_amt_56d,model_vars_category,-1000000
bank_txn_category_donations_debit_amt_7d,model_vars_category,-1000000
bank_txn_category_donations_debit_amt_84d,model_vars_category,-1000000
bank_txn_category_donations_debit_cnt_14d,model_vars_category,-1000000
bank_txn_category_donations_debit_cnt_168d,model_vars_category,-1000000
bank_txn_category_donations_debit_cnt_182d,model_vars_category,-1000000
bank_txn_category_donations_debit_cnt_28d,model_vars_category,-1000000
bank_txn_category_donations_debit_cnt_56d,model_vars_category,-1000000
bank_txn_category_donations_debit_cnt_7d,model_vars_category,-1000000
bank_txn_category_donations_debit_cnt_84d,model_vars_category,-1000000
bank_txn_category_donations_share_14d,model_vars_category,-1000000
bank_txn_category_donations_share_168d,model_vars_category,-1000000
bank_txn_category_donations_share_182d,model_vars_category,-1000000
bank_txn_category_donations_share_28d,model_vars_category,-1000000
bank_txn_category_donations_share_56d,model_vars_category,-1000000
bank_txn_category_donations_share_7d,model_vars_category,-1000000
bank_txn_category_donations_share_84d,model_vars_category,-1000000
bank_txn_category_education_amt_14d,model_vars_category,-1000000
bank_txn_category_education_amt_168d,model_vars_category,-1000000
bank_txn_category_education_amt_182d,model_vars_category,-1000000
bank_txn_category_education_amt_28d,model_vars_category,-1000000
bank_txn_category_education_amt_56d,model_vars_category,-1000000
bank_txn_category_education_amt_7d,model_vars_category,-1000000
bank_txn_category_education_amt_84d,model_vars_category,-1000000
bank_txn_category_education_avg_ticket_14d,model_vars_category,-1000000
bank_txn_category_education_avg_ticket_168d,model_vars_category,-1000000
bank_txn_category_education_avg_ticket_182d,model_vars_category,-1000000
bank_txn_category_education_avg_ticket_28d,model_vars_category,-1000000
bank_txn_category_education_avg_ticket_56d,model_vars_category,-1000000
bank_txn_category_education_avg_ticket_7d,model_vars_category,-1000000
bank_txn_category_education_avg_ticket_84d,model_vars_category,-1000000
bank_txn_category_education_cnt_14d,model_vars_category,-1000000
bank_txn_category_education_cnt_168d,model_vars_category,-1000000
bank_txn_category_education_cnt_182d,model_vars_category,-1000000
bank_txn_category_education_cnt_28d,model_vars_category,-1000000
bank_txn_category_education_cnt_56d,model_vars_category,-1000000
bank_txn_category_education_cnt_7d,model_vars_category,-1000000
bank_txn_category_education_cnt_84d,model_vars_category,-1000000
bank_txn_category_education_credit_amt_14d,model_vars_category,-1000000
bank_txn_category_education_credit_amt_168d,model_vars_category,-1000000
bank_txn_category_education_credit_amt_182d,model_vars_category,-1000000
bank_txn_category_education_credit_amt_28d,model_vars_category,-1000000
bank_txn_category_education_credit_amt_56d,model_vars_category,-1000000
bank_txn_category_education_credit_amt_7d,model_vars_category,-1000000
bank_txn_category_education_credit_amt_84d,model_vars_category,-1000000
bank_txn_category_education_credit_cnt_14d,model_vars_category,-1000000
bank_txn_category_education_credit_cnt_168d,model_vars_category,-1000000
bank_txn_category_education_credit_cnt_182d,model_vars_category,-1000000
bank_txn_category_education_credit_cnt_28d,model_vars_category,-1000000
bank_txn_category_education_credit_cnt_56d,model_vars_category,-1000000
bank_txn_category_education_credit_cnt_7d,model_vars_category,-1000000
bank_txn_category_education_credit_cnt_84d,model_vars_category,-1000000
bank_txn_category_education_debit_amt_14d,model_vars_category,-1000000
bank_txn_category_education_debit_amt_168d,model_vars_category,-1000000
bank_txn_category_education_debit_amt_182d,model_vars_category,-1000000
bank_txn_category_education_debit_amt_28d,model_vars_category,-1000000
bank_txn_category_education_debit_amt_56d,model_vars_category,-1000000
bank_txn_category_education_debit_amt_7d,model_vars_category,-1000000
bank_txn_category_education_debit_amt_84d,model_vars_category,-1000000
bank_txn_category_education_debit_cnt_14d,model_vars_category,-1000000
bank_txn_category_education_debit_cnt_168d,model_vars_category,-1000000
bank_txn_category_education_debit_cnt_182d,model_vars_category,-1000000
bank_txn_category_education_debit_cnt_28d,model_vars_category,-1000000
bank_txn_category_education_debit_cnt_56d,model_vars_category,-1000000
bank_txn_category_education_debit_cnt_7d,model_vars_category,-1000000
bank_txn_category_education_debit_cnt_84d,model_vars_category,-1000000
bank_txn_category_education_share_14d,model_vars_category,-1000000
bank_txn_category_education_share_168d,model_vars_category,-1000000
bank_txn_category_education_share_182d,model_vars_category,-1000000
bank_txn_category_education_share_28d,model_vars_category,-1000000
bank_txn_category_education_share_56d,model_vars_category,-1000000
bank_txn_category_education_share_7d,model_vars_category,-1000000
bank_txn_category_education_share_84d,model_vars_category,-1000000
bank_txn_category_entertainment_amt_14d,model_vars_category,-1000000
bank_txn_category_entertainment_amt_168d,model_vars_category,-1000000
bank_txn_category_entertainment_amt_182d,model_vars_category,-1000000
bank_txn_category_entertainment_amt_28d,model_vars_category,-1000000
bank_txn_category_entertainment_amt_56d,model_vars_category,-1000000
bank_txn_category_entertainment_amt_7d,model_vars_category,-1000000
bank_txn_category_entertainment_amt_84d,model_vars_category,-1000000
bank_txn_category_entertainment_avg_ticket_14d,model_vars_category,-1000000
bank_txn_category_entertainment_avg_ticket_168d,model_vars_category,-1000000
bank_txn_category_entertainment_avg_ticket_182d,model_vars_category,-1000000
bank_txn_category_entertainment_avg_ticket_28d,model_vars_category,-1000000
bank_txn_category_entertainment_avg_ticket_56d,model_vars_category,-1000000
bank_txn_category_entertainment_avg_ticket_7d,model_vars_category,-1000000
bank_txn_category_entertainment_avg_ticket_84d,model_vars_category,-1000000
bank_txn_category_entertainment_cnt_14d,model_vars_category,-1000000
bank_txn_category_entertainment_cnt_168d,model_vars_category,-1000000
bank_txn_category_entertainment_cnt_182d,model_vars_category,-1000000
bank_txn_category_entertainment_cnt_28d,model_vars_category,-1000000
bank_txn_category_entertainment_cnt_56d,model_vars_category,-1000000
bank_txn_category_entertainment_cnt_7d,model_vars_category,-1000000
bank_txn_category_entertainment_cnt_84d,model_vars_category,-1000000
bank_txn_category_entertainment_credit_amt_14d,model_vars_category,-1000000
bank_txn_category_entertainment_credit_amt_168d,model_vars_category,-1000000
bank_txn_category_entertainment_credit_amt_182d,model_vars_category,-1000000
bank_txn_category_entertainment_credit_amt_28d,model_vars_category,-1000000
bank_txn_category_entertainment_credit_amt_56d,model_vars_category,-1000000
bank_txn_category_entertainment_credit_amt_7d,model_vars_category,-1000000
bank_txn_category_entertainment_credit_amt_84d,model_vars_category,-1000000
bank_txn_category_entertainment_credit_cnt_14d,model_vars_category,-1000000
bank_txn_category_entertainment_credit_cnt_168d,model_vars_category,-1000000
bank_txn_category_entertainment_credit_cnt_182d,model_vars_category,-1000000
bank_txn_category_entertainment_credit_cnt_28d,model_vars_category,-1000000
bank_txn_category_entertainment_credit_cnt_56d,model_vars_category,-1000000
bank_txn_category_entertainment_credit_cnt_7d,model_vars_category,-1000000
bank_txn_category_entertainment_credit_cnt_84d,model_vars_category,-1000000
bank_txn_category_entertainment_debit_amt_14d,model_vars_category,-1000000
bank_txn_category_entertainment_debit_amt_168d,model_vars_category,-1000000
bank_txn_category_entertainment_debit_amt_182d,model_vars_category,-1000000
bank_txn_category_entertainment_debit_amt_28d,model_vars_category,-1000000
bank_txn_category_entertainment_debit_amt_56d,model_vars_category,-1000000
bank_txn_category_entertainment_debit_amt_7d,model_vars_category,-1000000
bank_txn_category_entertainment_debit_amt_84d,model_vars_category,-1000000
bank_txn_category_entertainment_debit_cnt_14d,model_vars_category,-1000000
bank_txn_category_entertainment_debit_cnt_168d,model_vars_category,-1000000
bank_txn_category_entertainment_debit_cnt_182d,model_vars_category,-1000000
bank_txn_category_entertainment_debit_cnt_28d,model_vars_category,-1000000
bank_txn_category_entertainment_debit_cnt_56d,model_vars_category,-1000000
bank_txn_category_entertainment_debit_cnt_7d,model_vars_category,-1000000
bank_txn_category_entertainment_debit_cnt_84d,model_vars_category,-1000000
bank_txn_category_entertainment_share_14d,model_vars_category,-1000000
bank_txn_category_entertainment_share_168d,model_vars_category,-1000000
bank_txn_category_entertainment_share_182d,model_vars_category,-1000000
bank_txn_category_entertainment_share_28d,model_vars_category,-1000000
bank_txn_category_entertainment_share_56d,model_vars_category,-1000000
bank_txn_category_entertainment_share_7d,model_vars_category,-1000000
bank_txn_category_entertainment_share_84d,model_vars_category,-1000000
bank_txn_category_external_transfers_amt_14d,model_vars_category,-1000000
bank_txn_category_external_transfers_amt_168d,model_vars_category,-1000000
bank_txn_category_external_transfers_amt_182d,model_vars_category,-1000000
bank_txn_category_external_transfers_amt_28d,model_vars_category,-1000000
bank_txn_category_external_transfers_amt_56d,model_vars_category,-1000000
bank_txn_category_external_transfers_amt_7d,model_vars_category,-1000000
bank_txn_category_external_transfers_amt_84d,model_vars_category,-1000000
bank_txn_category_external_transfers_avg_ticket_14d,model_vars_category,-1000000
bank_txn_category_external_transfers_avg_ticket_168d,model_vars_category,-1000000
bank_txn_category_external_transfers_avg_ticket_182d,model_vars_category,-1000000
bank_txn_category_external_transfers_avg_ticket_28d,model_vars_category,-1000000
bank_txn_category_external_transfers_avg_ticket_56d,model_vars_category,-1000000
bank_txn_category_external_transfers_avg_ticket_7d,model_vars_category,-1000000
bank_txn_category_external_transfers_avg_ticket_84d,model_vars_category,-1000000
bank_txn_category_external_transfers_cnt_14d,model_vars_category,-1000000
bank_txn_category_external_transfers_cnt_168d,model_vars_category,-1000000
bank_txn_category_external_transfers_cnt_182d,model_vars_category,-1000000
bank_txn_category_external_transfers_cnt_28d,model_vars_category,-1000000
bank_txn_category_external_transfers_cnt_56d,model_vars_category,-1000000
bank_txn_category_external_transfers_cnt_7d,model_vars_category,-1000000
bank_txn_category_external_transfers_cnt_84d,model_vars_category,-1000000
bank_txn_category_external_transfers_credit_amt_14d,model_vars_category,-1000000
bank_txn_category_external_transfers_credit_amt_168d,model_vars_category,-1000000
bank_txn_category_external_transfers_credit_amt_182d,model_vars_category,-1000000
bank_txn_category_external_transfers_credit_amt_28d,model_vars_category,-1000000
bank_txn_category_external_transfers_credit_amt_56d,model_vars_category,-1000000
bank_txn_category_external_transfers_credit_amt_7d,model_vars_category,-1000000
bank_txn_category_external_transfers_credit_amt_84d,model_vars_category,-1000000
bank_txn_category_external_transfers_credit_cnt_14d,model_vars_category,-1000000
bank_txn_category_external_transfers_credit_cnt_168d,model_vars_category,-1000000
bank_txn_category_external_transfers_credit_cnt_182d,model_vars_category,-1000000
bank_txn_category_external_transfers_credit_cnt_28d,model_vars_category,-1000000
bank_txn_category_external_transfers_credit_cnt_56d,model_vars_category,-1000000
bank_txn_category_external_transfers_credit_cnt_7d,model_vars_category,-1000000
bank_txn_category_external_transfers_credit_cnt_84d,model_vars_category,-1000000
bank_txn_category_external_transfers_debit_amt_14d,model_vars_category,-1000000
bank_txn_category_external_transfers_debit_amt_168d,model_vars_category,-1000000
bank_txn_category_external_transfers_debit_amt_182d,model_vars_category,-1000000
bank_txn_category_external_transfers_debit_amt_28d,model_vars_category,-1000000
bank_txn_category_external_transfers_debit_amt_56d,model_vars_category,-1000000
bank_txn_category_external_transfers_debit_amt_7d,model_vars_category,-1000000
bank_txn_category_external_transfers_debit_amt_84d,model_vars_category,-1000000
bank_txn_category_external_transfers_debit_cnt_14d,model_vars_category,-1000000
bank_txn_category_external_transfers_debit_cnt_168d,model_vars_category,-1000000
bank_txn_category_external_transfers_debit_cnt_182d,model_vars_category,-1000000
bank_txn_category_external_transfers_debit_cnt_28d,model_vars_category,-1000000
bank_txn_category_external_transfers_debit_cnt_56d,model_vars_category,-1000000
bank_txn_category_external_transfers_debit_cnt_7d,model_vars_category,-1000000
bank_txn_category_external_transfers_debit_cnt_84d,model_vars_category,-1000000
bank_txn_category_external_transfers_share_14d,model_vars_category,-1000000
bank_txn_category_external_transfers_share_168d,model_vars_category,-1000000
bank_txn_category_external_transfers_share_182d,model_vars_category,-1000000
bank_txn_category_external_transfers_share_28d,model_vars_category,-1000000
bank_txn_category_external_transfers_share_56d,model_vars_category,-1000000
bank_txn_category_external_transfers_share_7d,model_vars_category,-1000000
bank_txn_category_external_transfers_share_84d,model_vars_category,-1000000
bank_txn_category_fees_amt_14d,model_vars_category,-1000000
bank_txn_category_fees_amt_168d,model_vars_category,-1000000
bank_txn_category_fees_amt_182d,model_vars_category,-1000000
bank_txn_category_fees_amt_28d,model_vars_category,-1000000
bank_txn_category_fees_amt_56d,model_vars_category,-1000000
bank_txn_category_fees_amt_7d,model_vars_category,-1000000
bank_txn_category_fees_amt_84d,model_vars_category,-1000000
bank_txn_category_fees_avg_ticket_14d,model_vars_category,-1000000
bank_txn_category_fees_avg_ticket_168d,model_vars_category,-1000000
bank_txn_category_fees_avg_ticket_182d,model_vars_category,-1000000
bank_txn_category_fees_avg_ticket_28d,model_vars_category,-1000000
bank_txn_category_fees_avg_ticket_56d,model_vars_category,-1000000
bank_txn_category_fees_avg_ticket_7d,model_vars_category,-1000000
bank_txn_category_fees_avg_ticket_84d,model_vars_category,-1000000
bank_txn_category_fees_cnt_14d,model_vars_category,-1000000
bank_txn_category_fees_cnt_168d,model_vars_category,-1000000
bank_txn_category_fees_cnt_182d,model_vars_category,-1000000
bank_txn_category_fees_cnt_28d,model_vars_category,-1000000
bank_txn_category_fees_cnt_56d,model_vars_category,-1000000
bank_txn_category_fees_cnt_7d,model_vars_category,-1000000
bank_txn_category_fees_cnt_84d,model_vars_category,-1000000
bank_txn_category_fees_credit_amt_14d,model_vars_category,-1000000
bank_txn_category_fees_credit_amt_168d,model_vars_category,-1000000
bank_txn_category_fees_credit_amt_182d,model_vars_category,-1000000
bank_txn_category_fees_credit_amt_28d,model_vars_category,-1000000
bank_txn_category_fees_credit_amt_56d,model_vars_category,-1000000
bank_txn_category_fees_credit_amt_7d,model_vars_category,-1000000
bank_txn_category_fees_credit_amt_84d,model_vars_category,-1000000
bank_txn_category_fees_credit_cnt_14d,model_vars_category,-1000000
bank_txn_category_fees_credit_cnt_168d,model_vars_category,-1000000
bank_txn_category_fees_credit_cnt_182d,model_vars_category,-1000000
bank_txn_category_fees_credit_cnt_28d,model_vars_category,-1000000
bank_txn_category_fees_credit_cnt_56d,model_vars_category,-1000000
bank_txn_category_fees_credit_cnt_7d,model_vars_category,-1000000
bank_txn_category_fees_credit_cnt_84d,model_vars_category,-1000000
bank_txn_category_fees_debit_amt_14d,model_vars_category,-1000000
bank_txn_category_fees_debit_amt_168d,model_vars_category,-1000000
bank_txn_category_fees_debit_amt_182d,model_vars_category,-1000000
bank_txn_category_fees_debit_amt_28d,model_vars_category,-1000000
bank_txn_category_fees_debit_amt_56d,model_vars_category,-1000000
bank_txn_category_fees_debit_amt_7d,model_vars_category,-1000000
bank_txn_category_fees_debit_amt_84d,model_vars_category,-1000000
bank_txn_category_fees_debit_cnt_14d,model_vars_category,-1000000
bank_txn_category_fees_debit_cnt_168d,model_vars_category,-1000000
bank_txn_category_fees_debit_cnt_182d,model_vars_category,-1000000
bank_txn_category_fees_debit_cnt_28d,model_vars_category,-1000000
bank_txn_category_fees_debit_cnt_56d,model_vars_category,-1000000
bank_txn_category_fees_debit_cnt_7d,model_vars_category,-1000000
bank_txn_category_fees_debit_cnt_84d,model_vars_category,-1000000
bank_txn_category_fees_share_14d,model_vars_category,-1000000
bank_txn_category_fees_share_168d,model_vars_category,-1000000
bank_txn_category_fees_share_182d,model_vars_category,-1000000
bank_txn_category_fees_share_28d,model_vars_category,-1000000
bank_txn_category_fees_share_56d,model_vars_category,-1000000
bank_txn_category_fees_share_7d,model_vars_category,-1000000
bank_txn_category_fees_share_84d,model_vars_category,-1000000
bank_txn_category_gambling_amt_14d,model_vars_category,-1000000
bank_txn_category_gambling_amt_168d,model_vars_category,-1000000
bank_txn_category_gambling_amt_182d,model_vars_category,-1000000
bank_txn_category_gambling_amt_28d,model_vars_category,-1000000
bank_txn_category_gambling_amt_56d,model_vars_category,-1000000
bank_txn_category_gambling_amt_7d,model_vars_category,-1000000
bank_txn_category_gambling_amt_84d,model_vars_category,-1000000
bank_txn_category_gambling_avg_ticket_14d,model_vars_category,-1000000
bank_txn_category_gambling_avg_ticket_168d,model_vars_category,-1000000
bank_txn_category_gambling_avg_ticket_182d,model_vars_category,-1000000
bank_txn_category_gambling_avg_ticket_28d,model_vars_category,-1000000
bank_txn_category_gambling_avg_ticket_56d,model_vars_category,-1000000
bank_txn_category_gambling_avg_ticket_7d,model_vars_category,-1000000
bank_txn_category_gambling_avg_ticket_84d,model_vars_category,-1000000
bank_txn_category_gambling_cnt_14d,model_vars_category,-1000000
bank_txn_category_gambling_cnt_168d,model_vars_category,-1000000
bank_txn_category_gambling_cnt_182d,model_vars_category,-1000000
bank_txn_category_gambling_cnt_28d,model_vars_category,-1000000
bank_txn_category_gambling_cnt_56d,model_vars_category,-1000000
bank_txn_category_gambling_cnt_7d,model_vars_category,-1000000
bank_txn_category_gambling_cnt_84d,model_vars_category,-1000000
bank_txn_category_gambling_credit_amt_14d,model_vars_category,-1000000
bank_txn_category_gambling_credit_amt_168d,model_vars_category,-1000000
bank_txn_category_gambling_credit_amt_182d,model_vars_category,-1000000
bank_txn_category_gambling_credit_amt_28d,model_vars_category,-1000000
bank_txn_category_gambling_credit_amt_56d,model_vars_category,-1000000
bank_txn_category_gambling_credit_amt_7d,model_vars_category,-1000000
bank_txn_category_gambling_credit_amt_84d,model_vars_category,-1000000
bank_txn_category_gambling_credit_cnt_14d,model_vars_category,-1000000
bank_txn_category_gambling_credit_cnt_168d,model_vars_category,-1000000
bank_txn_category_gambling_credit_cnt_182d,model_vars_category,-1000000
bank_txn_category_gambling_credit_cnt_28d,model_vars_category,-1000000
bank_txn_category_gambling_credit_cnt_56d,model_vars_category,-1000000
bank_txn_category_gambling_credit_cnt_7d,model_vars_category,-1000000
bank_txn_category_gambling_credit_cnt_84d,model_vars_category,-1000000
bank_txn_category_gambling_debit_amt_14d,model_vars_category,-1000000
bank_txn_category_gambling_debit_amt_168d,model_vars_category,-1000000
bank_txn_category_gambling_debit_amt_182d,model_vars_category,-1000000
bank_txn_category_gambling_debit_amt_28d,model_vars_category,-1000000
bank_txn_category_gambling_debit_amt_56d,model_vars_category,-1000000
bank_txn_category_gambling_debit_amt_7d,model_vars_category,-1000000
bank_txn_category_gambling_debit_amt_84d,model_vars_category,-1000000
bank_txn_category_gambling_debit_cnt_14d,model_vars_category,-1000000
bank_txn_category_gambling_debit_cnt_168d,model_vars_category,-1000000
bank_txn_category_gambling_debit_cnt_182d,model_vars_category,-1000000
bank_txn_category_gambling_debit_cnt_28d,model_vars_category,-1000000
bank_txn_category_gambling_debit_cnt_56d,model_vars_category,-1000000
bank_txn_category_gambling_debit_cnt_7d,model_vars_category,-1000000
bank_txn_category_gambling_debit_cnt_84d,model_vars_category,-1000000
bank_txn_category_gambling_share_14d,model_vars_category,-1000000
bank_txn_category_gambling_share_168d,model_vars_category,-1000000
bank_txn_category_gambling_share_182d,model_vars_category,-1000000
bank_txn_category_gambling_share_28d,model_vars_category,-1000000
bank_txn_category_gambling_share_56d,model_vars_category,-1000000
bank_txn_category_gambling_share_7d,model_vars_category,-1000000
bank_txn_category_gambling_share_84d,model_vars_category,-1000000
bank_txn_category_global_amt,model_vars_category,-1000000
bank_txn_category_global_amt_14d,model_vars_category,-1000000
bank_txn_category_global_amt_168d,model_vars_category,-1000000
bank_txn_category_global_amt_182d,model_vars_category,-1000000
bank_txn_category_global_amt_28d,model_vars_category,-1000000
bank_txn_category_global_amt_56d,model_vars_category,-1000000
bank_txn_category_global_amt_7d,model_vars_category,-1000000
bank_txn_category_global_amt_84d,model_vars_category,-1000000
bank_txn_category_global_burn_rate_14d,model_vars_category,-1000000
bank_txn_category_global_burn_rate_168d,model_vars_category,-1000000
bank_txn_category_global_burn_rate_182d,model_vars_category,-1000000
bank_txn_category_global_burn_rate_28d,model_vars_category,-1000000
bank_txn_category_global_burn_rate_56d,model_vars_category,-1000000
bank_txn_category_global_burn_rate_7d,model_vars_category,-1000000
bank_txn_category_global_burn_rate_84d,model_vars_category,-1000000
bank_txn_category_global_cnt,model_vars_category,-1000000
bank_txn_category_global_cnt_14d,model_vars_category,-1000000
bank_txn_category_global_cnt_168d,model_vars_category,-1000000
bank_txn_category_global_cnt_182d,model_vars_category,-1000000
bank_txn_category_global_cnt_28d,model_vars_category,-1000000
bank_txn_category_global_cnt_56d,model_vars_category,-1000000
bank_txn_category_global_cnt_7d,model_vars_category,-1000000
bank_txn_category_global_cnt_84d,model_vars_category,-1000000
bank_txn_category_global_credit_amt,model_vars_category,-1000000
bank_txn_category_global_credit_amt_14d,model_vars_category,-1000000
bank_txn_category_global_credit_amt_168d,model_vars_category,-1000000
bank_txn_category_global_credit_amt_182d,model_vars_category,-1000000
bank_txn_category_global_credit_amt_28d,model_vars_category,-1000000
bank_txn_category_global_credit_amt_56d,model_vars_category,-1000000
bank_txn_category_global_credit_amt_7d,model_vars_category,-1000000
bank_txn_category_global_credit_amt_84d,model_vars_category,-1000000
bank_txn_category_global_credit_cnt,model_vars_category,-1000000
bank_txn_category_global_credit_cnt_14d,model_vars_category,-1000000
bank_txn_category_global_credit_cnt_168d,model_vars_category,-1000000
bank_txn_category_global_credit_cnt_182d,model_vars_category,-1000000
bank_txn_category_global_credit_cnt_28d,model_vars_category,-1000000
bank_txn_category_global_credit_cnt_56d,model_vars_category,-1000000
bank_txn_category_global_credit_cnt_7d,model_vars_category,-1000000
bank_txn_category_global_credit_cnt_84d,model_vars_category,-1000000
bank_txn_category_global_debit_amt,model_vars_category,-1000000
bank_txn_category_global_debit_amt_14d,model_vars_category,-1000000
bank_txn_category_global_debit_amt_168d,model_vars_category,-1000000
bank_txn_category_global_debit_amt_182d,model_vars_category,-1000000
bank_txn_category_global_debit_amt_28d,model_vars_category,-1000000
bank_txn_category_global_debit_amt_56d,model_vars_category,-1000000
bank_txn_category_global_debit_amt_7d,model_vars_category,-1000000
bank_txn_category_global_debit_amt_84d,model_vars_category,-1000000
bank_txn_category_global_debit_cnt,model_vars_category,-1000000
bank_txn_category_global_debit_cnt_14d,model_vars_category,-1000000
bank_txn_category_global_debit_cnt_168d,model_vars_category,-1000000
bank_txn_category_global_debit_cnt_182d,model_vars_category,-1000000
bank_txn_category_global_debit_cnt_28d,model_vars_category,-1000000
bank_txn_category_global_debit_cnt_56d,model_vars_category,-1000000
bank_txn_category_global_debit_cnt_7d,model_vars_category,-1000000
bank_txn_category_global_debit_cnt_84d,model_vars_category,-1000000
bank_txn_category_global_debit_share_14d,model_vars_category,-1000000
bank_txn_category_global_debit_share_168d,model_vars_category,-1000000
bank_txn_category_global_debit_share_182d,model_vars_category,-1000000
bank_txn_category_global_debit_share_28d,model_vars_category,-1000000
bank_txn_category_global_debit_share_56d,model_vars_category,-1000000
bank_txn_category_global_debit_share_7d,model_vars_category,-1000000
bank_txn_category_global_debit_share_84d,model_vars_category,-1000000
bank_txn_category_global_expense_avg_ticket_14d,model_vars_category,-1000000
bank_txn_category_global_expense_avg_ticket_168d,model_vars_category,-1000000
bank_txn_category_global_expense_avg_ticket_182d,model_vars_category,-1000000
bank_txn_category_global_expense_avg_ticket_28d,model_vars_category,-1000000
bank_txn_category_global_expense_avg_ticket_56d,model_vars_category,-1000000
bank_txn_category_global_expense_avg_ticket_7d,model_vars_category,-1000000
bank_txn_category_global_expense_avg_ticket_84d,model_vars_category,-1000000
bank_txn_category_global_income_avg_ticket_14d,model_vars_category,-1000000
bank_txn_category_global_income_avg_ticket_168d,model_vars_category,-1000000
bank_txn_category_global_income_avg_ticket_182d,model_vars_category,-1000000
bank_txn_category_global_income_avg_ticket_28d,model_vars_category,-1000000
bank_txn_category_global_income_avg_ticket_56d,model_vars_category,-1000000
bank_txn_category_global_income_avg_ticket_7d,model_vars_category,-1000000
bank_txn_category_global_income_avg_ticket_84d,model_vars_category,-1000000
bank_txn_category_global_income_share_14d,model_vars_category,-1000000
bank_txn_category_global_income_share_168d,model_vars_category,-1000000
bank_txn_category_global_income_share_182d,model_vars_category,-1000000
bank_txn_category_global_income_share_28d,model_vars_category,-1000000
bank_txn_category_global_income_share_56d,model_vars_category,-1000000
bank_txn_category_global_income_share_7d,model_vars_category,-1000000
bank_txn_category_global_income_share_84d,model_vars_category,-1000000
bank_txn_category_global_saving_rate_14d,model_vars_category,-1000000
bank_txn_category_global_saving_rate_168d,model_vars_category,-1000000
bank_txn_category_global_saving_rate_182d,model_vars_category,-1000000
bank_txn_category_global_saving_rate_28d,model_vars_category,-1000000
bank_txn_category_global_saving_rate_56d,model_vars_category,-1000000
bank_txn_category_global_saving_rate_7d,model_vars_category,-1000000
bank_txn_category_global_saving_rate_84d,model_vars_category,-1000000
bank_txn_category_groceries_amt_14d,model_vars_category,-1000000
bank_txn_category_groceries_amt_168d,model_vars_category,-1000000
bank_txn_category_groceries_amt_182d,model_vars_category,-1000000
bank_txn_category_groceries_amt_28d,model_vars_category,-1000000
bank_txn_category_groceries_amt_56d,model_vars_category,-1000000
bank_txn_category_groceries_amt_7d,model_vars_category,-1000000
bank_txn_category_groceries_amt_84d,model_vars_category,-1000000
bank_txn_category_groceries_avg_ticket_14d,model_vars_category,-1000000
bank_txn_category_groceries_avg_ticket_168d,model_vars_category,-1000000
bank_txn_category_groceries_avg_ticket_182d,model_vars_category,-1000000
bank_txn_category_groceries_avg_ticket_28d,model_vars_category,-1000000
bank_txn_category_groceries_avg_ticket_56d,model_vars_category,-1000000
bank_txn_category_groceries_avg_ticket_7d,model_vars_category,-1000000
bank_txn_category_groceries_avg_ticket_84d,model_vars_category,-1000000
bank_txn_category_groceries_cnt_14d,model_vars_category,-1000000
bank_txn_category_groceries_cnt_168d,model_vars_category,-1000000
bank_txn_category_groceries_cnt_182d,model_vars_category,-1000000
bank_txn_category_groceries_cnt_28d,model_vars_category,-1000000
bank_txn_category_groceries_cnt_56d,model_vars_category,-1000000
bank_txn_category_groceries_cnt_7d,model_vars_category,-1000000
bank_txn_category_groceries_cnt_84d,model_vars_category,-1000000
bank_txn_category_groceries_credit_amt_14d,model_vars_category,-1000000
bank_txn_category_groceries_credit_amt_168d,model_vars_category,-1000000
bank_txn_category_groceries_credit_amt_182d,model_vars_category,-1000000
bank_txn_category_groceries_credit_amt_28d,model_vars_category,-1000000
bank_txn_category_groceries_credit_amt_56d,model_vars_category,-1000000
bank_txn_category_groceries_credit_amt_7d,model_vars_category,-1000000
bank_txn_category_groceries_credit_amt_84d,model_vars_category,-1000000
bank_txn_category_groceries_credit_cnt_14d,model_vars_category,-1000000
bank_txn_category_groceries_credit_cnt_168d,model_vars_category,-1000000
bank_txn_category_groceries_credit_cnt_182d,model_vars_category,-1000000
bank_txn_category_groceries_credit_cnt_28d,model_vars_category,-1000000
bank_txn_category_groceries_credit_cnt_56d,model_vars_category,-1000000
bank_txn_category_groceries_credit_cnt_7d,model_vars_category,-1000000
bank_txn_category_groceries_credit_cnt_84d,model_vars_category,-1000000
bank_txn_category_groceries_debit_amt_14d,model_vars_category,-1000000
bank_txn_category_groceries_debit_amt_168d,model_vars_category,-1000000
bank_txn_category_groceries_debit_amt_182d,model_vars_category,-1000000
bank_txn_category_groceries_debit_amt_28d,model_vars_category,-1000000
bank_txn_category_groceries_debit_amt_56d,model_vars_category,-1000000
bank_txn_category_groceries_debit_amt_7d,model_vars_category,-1000000
bank_txn_category_groceries_debit_amt_84d,model_vars_category,-1000000
bank_txn_category_groceries_debit_cnt_14d,model_vars_category,-1000000
bank_txn_category_groceries_debit_cnt_168d,model_vars_category,-1000000
bank_txn_category_groceries_debit_cnt_182d,model_vars_category,-1000000
bank_txn_category_groceries_debit_cnt_28d,model_vars_category,-1000000
bank_txn_category_groceries_debit_cnt_56d,model_vars_category,-1000000
bank_txn_category_groceries_debit_cnt_7d,model_vars_category,-1000000
bank_txn_category_groceries_debit_cnt_84d,model_vars_category,-1000000
bank_txn_category_groceries_share_14d,model_vars_category,-1000000
bank_txn_category_groceries_share_168d,model_vars_category,-1000000
bank_txn_category_groceries_share_182d,model_vars_category,-1000000
bank_txn_category_groceries_share_28d,model_vars_category,-1000000
bank_txn_category_groceries_share_56d,model_vars_category,-1000000
bank_txn_category_groceries_share_7d,model_vars_category,-1000000
bank_txn_category_groceries_share_84d,model_vars_category,-1000000
bank_txn_category_gyms_and_other_memberships_amt_14d,model_vars_category,-1000000
bank_txn_category_gyms_and_other_memberships_amt_168d,model_vars_category,-1000000
bank_txn_category_gyms_and_other_memberships_amt_182d,model_vars_category,-1000000
bank_txn_category_gyms_and_other_memberships_amt_28d,model_vars_category,-1000000
bank_txn_category_gyms_and_other_memberships_amt_56d,model_vars_category,-1000000
bank_txn_category_gyms_and_other_memberships_amt_7d,model_vars_category,-1000000
bank_txn_category_gyms_and_other_memberships_amt_84d,model_vars_category,-1000000
bank_txn_category_gyms_and_other_memberships_avg_ticket_14d,model_vars_category,-1000000
bank_txn_category_gyms_and_other_memberships_avg_ticket_168d,model_vars_category,-1000000
bank_txn_category_gyms_and_other_memberships_avg_ticket_182d,model_vars_category,-1000000
bank_txn_category_gyms_and_other_memberships_avg_ticket_28d,model_vars_category,-1000000
bank_txn_category_gyms_and_other_memberships_avg_ticket_56d,model_vars_category,-1000000
bank_txn_category_gyms_and_other_memberships_avg_ticket_7d,model_vars_category,-1000000
bank_txn_category_gyms_and_other_memberships_avg_ticket_84d,model_vars_category,-1000000
bank_txn_category_gyms_and_other_memberships_cnt_14d,model_vars_category,-1000000
bank_txn_category_gyms_and_other_memberships_cnt_168d,model_vars_category,-1000000
bank_txn_category_gyms_and_other_memberships_cnt_182d,model_vars_category,-1000000
bank_txn_category_gyms_and_other_memberships_cnt_28d,model_vars_category,-1000000
bank_txn_category_gyms_and_other_memberships_cnt_56d,model_vars_category,-1000000
bank_txn_category_gyms_and_other_memberships_cnt_7d,model_vars_category,-1000000
bank_txn_category_gyms_and_other_memberships_cnt_84d,model_vars_category,-1000000
bank_txn_category_gyms_and_other_memberships_credit_amt_14d,model_vars_category,-1000000
bank_txn_category_gyms_and_other_memberships_credit_amt_168d,model_vars_category,-1000000
bank_txn_category_gyms_and_other_memberships_credit_amt_182d,model_vars_category,-1000000
bank_txn_category_gyms_and_other_memberships_credit_amt_28d,model_vars_category,-1000000
bank_txn_category_gyms_and_other_memberships_credit_amt_56d,model_vars_category,-1000000
bank_txn_category_gyms_and_other_memberships_credit_amt_7d,model_vars_category,-1000000
bank_txn_category_gyms_and_other_memberships_credit_amt_84d,model_vars_category,-1000000
bank_txn_category_gyms_and_other_memberships_credit_cnt_14d,model_vars_category,-1000000
bank_txn_category_gyms_and_other_memberships_credit_cnt_168d,model_vars_category,-1000000
bank_txn_category_gyms_and_other_memberships_credit_cnt_182d,model_vars_category,-1000000
bank_txn_category_gyms_and_other_memberships_credit_cnt_28d,model_vars_category,-1000000
bank_txn_category_gyms_and_other_memberships_credit_cnt_56d,model_vars_category,-1000000
bank_txn_category_gyms_and_other_memberships_credit_cnt_7d,model_vars_category,-1000000
bank_txn_category_gyms_and_other_memberships_credit_cnt_84d,model_vars_category,-1000000
bank_txn_category_gyms_and_other_memberships_debit_amt_14d,model_vars_category,-1000000
bank_txn_category_gyms_and_other_memberships_debit_amt_168d,model_vars_category,-1000000
bank_txn_category_gyms_and_other_memberships_debit_amt_182d,model_vars_category,-1000000
bank_txn_category_gyms_and_other_memberships_debit_amt_28d,model_vars_category,-1000000
bank_txn_category_gyms_and_other_memberships_debit_amt_56d,model_vars_category,-1000000
bank_txn_category_gyms_and_other_memberships_debit_amt_7d,model_vars_category,-1000000
bank_txn_category_gyms_and_other_memberships_debit_amt_84d,model_vars_category,-1000000
bank_txn_category_gyms_and_other_memberships_debit_cnt_14d,model_vars_category,-1000000
bank_txn_category_gyms_and_other_memberships_debit_cnt_168d,model_vars_category,-1000000
bank_txn_category_gyms_and_other_memberships_debit_cnt_182d,model_vars_category,-1000000
bank_txn_category_gyms_and_other_memberships_debit_cnt_28d,model_vars_category,-1000000
bank_txn_category_gyms_and_other_memberships_debit_cnt_56d,model_vars_category,-1000000
bank_txn_category_gyms_and_other_memberships_debit_cnt_7d,model_vars_category,-1000000
bank_txn_category_gyms_and_other_memberships_debit_cnt_84d,model_vars_category,-1000000
bank_txn_category_gyms_and_other_memberships_share_14d,model_vars_category,-1000000
bank_txn_category_gyms_and_other_memberships_share_168d,model_vars_category,-1000000
bank_txn_category_gyms_and_other_memberships_share_182d,model_vars_category,-1000000
bank_txn_category_gyms_and_other_memberships_share_28d,model_vars_category,-1000000
bank_txn_category_gyms_and_other_memberships_share_56d,model_vars_category,-1000000
bank_txn_category_gyms_and_other_memberships_share_7d,model_vars_category,-1000000
bank_txn_category_gyms_and_other_memberships_share_84d,model_vars_category,-1000000
bank_txn_category_health_amt_14d,model_vars_category,-1000000
bank_txn_category_health_amt_168d,model_vars_category,-1000000
bank_txn_category_health_amt_182d,model_vars_category,-1000000
bank_txn_category_health_amt_28d,model_vars_category,-1000000
bank_txn_category_health_amt_56d,model_vars_category,-1000000
bank_txn_category_health_amt_7d,model_vars_category,-1000000
bank_txn_category_health_amt_84d,model_vars_category,-1000000
bank_txn_category_health_avg_ticket_14d,model_vars_category,-1000000
bank_txn_category_health_avg_ticket_168d,model_vars_category,-1000000
bank_txn_category_health_avg_ticket_182d,model_vars_category,-1000000
bank_txn_category_health_avg_ticket_28d,model_vars_category,-1000000
bank_txn_category_health_avg_ticket_56d,model_vars_category,-1000000
bank_txn_category_health_avg_ticket_7d,model_vars_category,-1000000
bank_txn_category_health_avg_ticket_84d,model_vars_category,-1000000
bank_txn_category_health_cnt_14d,model_vars_category,-1000000
bank_txn_category_health_cnt_168d,model_vars_category,-1000000
bank_txn_category_health_cnt_182d,model_vars_category,-1000000
bank_txn_category_health_cnt_28d,model_vars_category,-1000000
bank_txn_category_health_cnt_56d,model_vars_category,-1000000
bank_txn_category_health_cnt_7d,model_vars_category,-1000000
bank_txn_category_health_cnt_84d,model_vars_category,-1000000
bank_txn_category_health_credit_amt_14d,model_vars_category,-1000000
bank_txn_category_health_credit_amt_168d,model_vars_category,-1000000
bank_txn_category_health_credit_amt_182d,model_vars_category,-1000000
bank_txn_category_health_credit_amt_28d,model_vars_category,-1000000
bank_txn_category_health_credit_amt_56d,model_vars_category,-1000000
bank_txn_category_health_credit_amt_7d,model_vars_category,-1000000
bank_txn_category_health_credit_amt_84d,model_vars_category,-1000000
bank_txn_category_health_credit_cnt_14d,model_vars_category,-1000000
bank_txn_category_health_credit_cnt_168d,model_vars_category,-1000000
bank_txn_category_health_credit_cnt_182d,model_vars_category,-1000000
bank_txn_category_health_credit_cnt_28d,model_vars_category,-1000000
bank_txn_category_health_credit_cnt_56d,model_vars_category,-1000000
bank_txn_category_health_credit_cnt_7d,model_vars_category,-1000000
bank_txn_category_health_credit_cnt_84d,model_vars_category,-1000000
bank_txn_category_health_debit_amt_14d,model_vars_category,-1000000
bank_txn_category_health_debit_amt_168d,model_vars_category,-1000000
bank_txn_category_health_debit_amt_182d,model_vars_category,-1000000
bank_txn_category_health_debit_amt_28d,model_vars_category,-1000000
bank_txn_category_health_debit_amt_56d,model_vars_category,-1000000
bank_txn_category_health_debit_amt_7d,model_vars_category,-1000000
bank_txn_category_health_debit_amt_84d,model_vars_category,-1000000
bank_txn_category_health_debit_cnt_14d,model_vars_category,-1000000
bank_txn_category_health_debit_cnt_168d,model_vars_category,-1000000
bank_txn_category_health_debit_cnt_182d,model_vars_category,-1000000
bank_txn_category_health_debit_cnt_28d,model_vars_category,-1000000
bank_txn_category_health_debit_cnt_56d,model_vars_category,-1000000
bank_txn_category_health_debit_cnt_7d,model_vars_category,-1000000
bank_txn_category_health_debit_cnt_84d,model_vars_category,-1000000
bank_txn_category_health_share_14d,model_vars_category,-1000000
bank_txn_category_health_share_168d,model_vars_category,-1000000
bank_txn_category_health_share_182d,model_vars_category,-1000000
bank_txn_category_health_share_28d,model_vars_category,-1000000
bank_txn_category_health_share_56d,model_vars_category,-1000000
bank_txn_category_health_share_7d,model_vars_category,-1000000
bank_txn_category_health_share_84d,model_vars_category,-1000000
bank_txn_category_home_improvement_amt_14d,model_vars_category,-1000000
bank_txn_category_home_improvement_amt_168d,model_vars_category,-1000000
bank_txn_category_home_improvement_amt_182d,model_vars_category,-1000000
bank_txn_category_home_improvement_amt_28d,model_vars_category,-1000000
bank_txn_category_home_improvement_amt_56d,model_vars_category,-1000000
bank_txn_category_home_improvement_amt_7d,model_vars_category,-1000000
bank_txn_category_home_improvement_amt_84d,model_vars_category,-1000000
bank_txn_category_home_improvement_avg_ticket_14d,model_vars_category,-1000000
bank_txn_category_home_improvement_avg_ticket_168d,model_vars_category,-1000000
bank_txn_category_home_improvement_avg_ticket_182d,model_vars_category,-1000000
bank_txn_category_home_improvement_avg_ticket_28d,model_vars_category,-1000000
bank_txn_category_home_improvement_avg_ticket_56d,model_vars_category,-1000000
bank_txn_category_home_improvement_avg_ticket_7d,model_vars_category,-1000000
bank_txn_category_home_improvement_avg_ticket_84d,model_vars_category,-1000000
bank_txn_category_home_improvement_cnt_14d,model_vars_category,-1000000
bank_txn_category_home_improvement_cnt_168d,model_vars_category,-1000000
bank_txn_category_home_improvement_cnt_182d,model_vars_category,-1000000
bank_txn_category_home_improvement_cnt_28d,model_vars_category,-1000000
bank_txn_category_home_improvement_cnt_56d,model_vars_category,-1000000
bank_txn_category_home_improvement_cnt_7d,model_vars_category,-1000000
bank_txn_category_home_improvement_cnt_84d,model_vars_category,-1000000
bank_txn_category_home_improvement_credit_amt_14d,model_vars_category,-1000000
bank_txn_category_home_improvement_credit_amt_168d,model_vars_category,-1000000
bank_txn_category_home_improvement_credit_amt_182d,model_vars_category,-1000000
bank_txn_category_home_improvement_credit_amt_28d,model_vars_category,-1000000
bank_txn_category_home_improvement_credit_amt_56d,model_vars_category,-1000000
bank_txn_category_home_improvement_credit_amt_7d,model_vars_category,-1000000
bank_txn_category_home_improvement_credit_amt_84d,model_vars_category,-1000000
bank_txn_category_home_improvement_credit_cnt_14d,model_vars_category,-1000000
bank_txn_category_home_improvement_credit_cnt_168d,model_vars_category,-1000000
bank_txn_category_home_improvement_credit_cnt_182d,model_vars_category,-1000000
bank_txn_category_home_improvement_credit_cnt_28d,model_vars_category,-1000000
bank_txn_category_home_improvement_credit_cnt_56d,model_vars_category,-1000000
bank_txn_category_home_improvement_credit_cnt_7d,model_vars_category,-1000000
bank_txn_category_home_improvement_credit_cnt_84d,model_vars_category,-1000000
bank_txn_category_home_improvement_debit_amt_14d,model_vars_category,-1000000
bank_txn_category_home_improvement_debit_amt_168d,model_vars_category,-1000000
bank_txn_category_home_improvement_debit_amt_182d,model_vars_category,-1000000
bank_txn_category_home_improvement_debit_amt_28d,model_vars_category,-1000000
bank_txn_category_home_improvement_debit_amt_56d,model_vars_category,-1000000
bank_txn_category_home_improvement_debit_amt_7d,model_vars_category,-1000000
bank_txn_category_home_improvement_debit_amt_84d,model_vars_category,-1000000
bank_txn_category_home_improvement_debit_cnt_14d,model_vars_category,-1000000
bank_txn_category_home_improvement_debit_cnt_168d,model_vars_category,-1000000
bank_txn_category_home_improvement_debit_cnt_182d,model_vars_category,-1000000
bank_txn_category_home_improvement_debit_cnt_28d,model_vars_category,-1000000
bank_txn_category_home_improvement_debit_cnt_56d,model_vars_category,-1000000
bank_txn_category_home_improvement_debit_cnt_7d,model_vars_category,-1000000
bank_txn_category_home_improvement_debit_cnt_84d,model_vars_category,-1000000
bank_txn_category_home_improvement_share_14d,model_vars_category,-1000000
bank_txn_category_home_improvement_share_168d,model_vars_category,-1000000
bank_txn_category_home_improvement_share_182d,model_vars_category,-1000000
bank_txn_category_home_improvement_share_28d,model_vars_category,-1000000
bank_txn_category_home_improvement_share_56d,model_vars_category,-1000000
bank_txn_category_home_improvement_share_7d,model_vars_category,-1000000
bank_txn_category_home_improvement_share_84d,model_vars_category,-1000000
bank_txn_category_income_dom_std_14d,model_vars_category,-1000000
bank_txn_category_income_dom_std_168d,model_vars_category,-1000000
bank_txn_category_income_dom_std_182d,model_vars_category,-1000000
bank_txn_category_income_dom_std_28d,model_vars_category,-1000000
bank_txn_category_income_dom_std_56d,model_vars_category,-1000000
bank_txn_category_income_dom_std_7d,model_vars_category,-1000000
bank_txn_category_income_dom_std_84d,model_vars_category,-1000000
bank_txn_category_income_gap_mean_14d,model_vars_category,-1000000
bank_txn_category_income_gap_mean_168d,model_vars_category,-1000000
bank_txn_category_income_gap_mean_182d,model_vars_category,-1000000
bank_txn_category_income_gap_mean_28d,model_vars_category,-1000000
bank_txn_category_income_gap_mean_56d,model_vars_category,-1000000
bank_txn_category_income_gap_mean_7d,model_vars_category,-1000000
bank_txn_category_income_gap_mean_84d,model_vars_category,-1000000
bank_txn_category_income_gap_std_14d,model_vars_category,-1000000
bank_txn_category_income_gap_std_168d,model_vars_category,-1000000
bank_txn_category_income_gap_std_182d,model_vars_category,-1000000
bank_txn_category_income_gap_std_28d,model_vars_category,-1000000
bank_txn_category_income_gap_std_56d,model_vars_category,-1000000
bank_txn_category_income_gap_std_7d,model_vars_category,-1000000
bank_txn_category_income_gap_std_84d,model_vars_category,-1000000
bank_txn_category_information_amt_14d,model_vars_category,-1000000
bank_txn_category_information_amt_168d,model_vars_category,-1000000
bank_txn_category_information_amt_182d,model_vars_category,-1000000
bank_txn_category_information_amt_28d,model_vars_category,-1000000
bank_txn_category_information_amt_56d,model_vars_category,-1000000
bank_txn_category_information_amt_7d,model_vars_category,-1000000
bank_txn_category_information_amt_84d,model_vars_category,-1000000
bank_txn_category_information_avg_ticket_14d,model_vars_category,-1000000
bank_txn_category_information_avg_ticket_168d,model_vars_category,-1000000
bank_txn_category_information_avg_ticket_182d,model_vars_category,-1000000
bank_txn_category_information_avg_ticket_28d,model_vars_category,-1000000
bank_txn_category_information_avg_ticket_56d,model_vars_category,-1000000
bank_txn_category_information_avg_ticket_7d,model_vars_category,-1000000
bank_txn_category_information_avg_ticket_84d,model_vars_category,-1000000
bank_txn_category_information_cnt_14d,model_vars_category,-1000000
bank_txn_category_information_cnt_168d,model_vars_category,-1000000
bank_txn_category_information_cnt_182d,model_vars_category,-1000000
bank_txn_category_information_cnt_28d,model_vars_category,-1000000
bank_txn_category_information_cnt_56d,model_vars_category,-1000000
bank_txn_category_information_cnt_7d,model_vars_category,-1000000
bank_txn_category_information_cnt_84d,model_vars_category,-1000000
bank_txn_category_information_credit_amt_14d,model_vars_category,-1000000
bank_txn_category_information_credit_amt_168d,model_vars_category,-1000000
bank_txn_category_information_credit_amt_182d,model_vars_category,-1000000
bank_txn_category_information_credit_amt_28d,model_vars_category,-1000000
bank_txn_category_information_credit_amt_56d,model_vars_category,-1000000
bank_txn_category_information_credit_amt_7d,model_vars_category,-1000000
bank_txn_category_information_credit_amt_84d,model_vars_category,-1000000
bank_txn_category_information_credit_cnt_14d,model_vars_category,-1000000
bank_txn_category_information_credit_cnt_168d,model_vars_category,-1000000
bank_txn_category_information_credit_cnt_182d,model_vars_category,-1000000
bank_txn_category_information_credit_cnt_28d,model_vars_category,-1000000
bank_txn_category_information_credit_cnt_56d,model_vars_category,-1000000
bank_txn_category_information_credit_cnt_7d,model_vars_category,-1000000
bank_txn_category_information_credit_cnt_84d,model_vars_category,-1000000
bank_txn_category_information_debit_amt_14d,model_vars_category,-1000000
bank_txn_category_information_debit_amt_168d,model_vars_category,-1000000
bank_txn_category_information_debit_amt_182d,model_vars_category,-1000000
bank_txn_category_information_debit_amt_28d,model_vars_category,-1000000
bank_txn_category_information_debit_amt_56d,model_vars_category,-1000000
bank_txn_category_information_debit_amt_7d,model_vars_category,-1000000
bank_txn_category_information_debit_amt_84d,model_vars_category,-1000000
bank_txn_category_information_debit_cnt_14d,model_vars_category,-1000000
bank_txn_category_information_debit_cnt_168d,model_vars_category,-1000000
bank_txn_category_information_debit_cnt_182d,model_vars_category,-1000000
bank_txn_category_information_debit_cnt_28d,model_vars_category,-1000000
bank_txn_category_information_debit_cnt_56d,model_vars_category,-1000000
bank_txn_category_information_debit_cnt_7d,model_vars_category,-1000000
bank_txn_category_information_debit_cnt_84d,model_vars_category,-1000000
bank_txn_category_information_share_14d,model_vars_category,-1000000
bank_txn_category_information_share_168d,model_vars_category,-1000000
bank_txn_category_information_share_182d,model_vars_category,-1000000
bank_txn_category_information_share_28d,model_vars_category,-1000000
bank_txn_category_information_share_56d,model_vars_category,-1000000
bank_txn_category_information_share_7d,model_vars_category,-1000000
bank_txn_category_information_share_84d,model_vars_category,-1000000
bank_txn_category_insurance_amt_14d,model_vars_category,-1000000
bank_txn_category_insurance_amt_168d,model_vars_category,-1000000
bank_txn_category_insurance_amt_182d,model_vars_category,-1000000
bank_txn_category_insurance_amt_28d,model_vars_category,-1000000
bank_txn_category_insurance_amt_56d,model_vars_category,-1000000
bank_txn_category_insurance_amt_7d,model_vars_category,-1000000
bank_txn_category_insurance_amt_84d,model_vars_category,-1000000
bank_txn_category_insurance_avg_ticket_14d,model_vars_category,-1000000
bank_txn_category_insurance_avg_ticket_168d,model_vars_category,-1000000
bank_txn_category_insurance_avg_ticket_182d,model_vars_category,-1000000
bank_txn_category_insurance_avg_ticket_28d,model_vars_category,-1000000
bank_txn_category_insurance_avg_ticket_56d,model_vars_category,-1000000
bank_txn_category_insurance_avg_ticket_7d,model_vars_category,-1000000
bank_txn_category_insurance_avg_ticket_84d,model_vars_category,-1000000
bank_txn_category_insurance_cnt_14d,model_vars_category,-1000000
bank_txn_category_insurance_cnt_168d,model_vars_category,-1000000
bank_txn_category_insurance_cnt_182d,model_vars_category,-1000000
bank_txn_category_insurance_cnt_28d,model_vars_category,-1000000
bank_txn_category_insurance_cnt_56d,model_vars_category,-1000000
bank_txn_category_insurance_cnt_7d,model_vars_category,-1000000
bank_txn_category_insurance_cnt_84d,model_vars_category,-1000000
bank_txn_category_insurance_credit_amt_14d,model_vars_category,-1000000
bank_txn_category_insurance_credit_amt_168d,model_vars_category,-1000000
bank_txn_category_insurance_credit_amt_182d,model_vars_category,-1000000
bank_txn_category_insurance_credit_amt_28d,model_vars_category,-1000000
bank_txn_category_insurance_credit_amt_56d,model_vars_category,-1000000
bank_txn_category_insurance_credit_amt_7d,model_vars_category,-1000000
bank_txn_category_insurance_credit_amt_84d,model_vars_category,-1000000
bank_txn_category_insurance_credit_cnt_14d,model_vars_category,-1000000
bank_txn_category_insurance_credit_cnt_168d,model_vars_category,-1000000
bank_txn_category_insurance_credit_cnt_182d,model_vars_category,-1000000
bank_txn_category_insurance_credit_cnt_28d,model_vars_category,-1000000
bank_txn_category_insurance_credit_cnt_56d,model_vars_category,-1000000
bank_txn_category_insurance_credit_cnt_7d,model_vars_category,-1000000
bank_txn_category_insurance_credit_cnt_84d,model_vars_category,-1000000
bank_txn_category_insurance_debit_amt_14d,model_vars_category,-1000000
bank_txn_category_insurance_debit_amt_168d,model_vars_category,-1000000
bank_txn_category_insurance_debit_amt_182d,model_vars_category,-1000000
bank_txn_category_insurance_debit_amt_28d,model_vars_category,-1000000
bank_txn_category_insurance_debit_amt_56d,model_vars_category,-1000000
bank_txn_category_insurance_debit_amt_7d,model_vars_category,-1000000
bank_txn_category_insurance_debit_amt_84d,model_vars_category,-1000000
bank_txn_category_insurance_debit_cnt_14d,model_vars_category,-1000000
bank_txn_category_insurance_debit_cnt_168d,model_vars_category,-1000000
bank_txn_category_insurance_debit_cnt_182d,model_vars_category,-1000000
bank_txn_category_insurance_debit_cnt_28d,model_vars_category,-1000000
bank_txn_category_insurance_debit_cnt_56d,model_vars_category,-1000000
bank_txn_category_insurance_debit_cnt_7d,model_vars_category,-1000000
bank_txn_category_insurance_debit_cnt_84d,model_vars_category,-1000000
bank_txn_category_insurance_share_14d,model_vars_category,-1000000
bank_txn_category_insurance_share_168d,model_vars_category,-1000000
bank_txn_category_insurance_share_182d,model_vars_category,-1000000
bank_txn_category_insurance_share_28d,model_vars_category,-1000000
bank_txn_category_insurance_share_56d,model_vars_category,-1000000
bank_txn_category_insurance_share_7d,model_vars_category,-1000000
bank_txn_category_insurance_share_84d,model_vars_category,-1000000
bank_txn_category_inter_txn_gap_p50_14d,model_vars_category,-1000000
bank_txn_category_inter_txn_gap_p50_168d,model_vars_category,-1000000
bank_txn_category_inter_txn_gap_p50_182d,model_vars_category,-1000000
bank_txn_category_inter_txn_gap_p50_28d,model_vars_category,-1000000
bank_txn_category_inter_txn_gap_p50_56d,model_vars_category,-1000000
bank_txn_category_inter_txn_gap_p50_7d,model_vars_category,-1000000
bank_txn_category_inter_txn_gap_p50_84d,model_vars_category,-1000000
bank_txn_category_inter_txn_gap_p90_14d,model_vars_category,-1000000
bank_txn_category_inter_txn_gap_p90_168d,model_vars_category,-1000000
bank_txn_category_inter_txn_gap_p90_182d,model_vars_category,-1000000
bank_txn_category_inter_txn_gap_p90_28d,model_vars_category,-1000000
bank_txn_category_inter_txn_gap_p90_56d,model_vars_category,-1000000
bank_txn_category_inter_txn_gap_p90_7d,model_vars_category,-1000000
bank_txn_category_inter_txn_gap_p90_84d,model_vars_category,-1000000
bank_txn_category_internal_transfer_amt_14d,model_vars_category,-1000000
bank_txn_category_internal_transfer_amt_168d,model_vars_category,-1000000
bank_txn_category_internal_transfer_amt_182d,model_vars_category,-1000000
bank_txn_category_internal_transfer_amt_28d,model_vars_category,-1000000
bank_txn_category_internal_transfer_amt_56d,model_vars_category,-1000000
bank_txn_category_internal_transfer_amt_7d,model_vars_category,-1000000
bank_txn_category_internal_transfer_amt_84d,model_vars_category,-1000000
bank_txn_category_internal_transfer_avg_ticket_14d,model_vars_category,-1000000
bank_txn_category_internal_transfer_avg_ticket_168d,model_vars_category,-1000000
bank_txn_category_internal_transfer_avg_ticket_182d,model_vars_category,-1000000
bank_txn_category_internal_transfer_avg_ticket_28d,model_vars_category,-1000000
bank_txn_category_internal_transfer_avg_ticket_56d,model_vars_category,-1000000
bank_txn_category_internal_transfer_avg_ticket_7d,model_vars_category,-1000000
bank_txn_category_internal_transfer_avg_ticket_84d,model_vars_category,-1000000
bank_txn_category_internal_transfer_cnt_14d,model_vars_category,-1000000
bank_txn_category_internal_transfer_cnt_168d,model_vars_category,-1000000
bank_txn_category_internal_transfer_cnt_182d,model_vars_category,-1000000
bank_txn_category_internal_transfer_cnt_28d,model_vars_category,-1000000
bank_txn_category_internal_transfer_cnt_56d,model_vars_category,-1000000
bank_txn_category_internal_transfer_cnt_7d,model_vars_category,-1000000
bank_txn_category_internal_transfer_cnt_84d,model_vars_category,-1000000
bank_txn_category_internal_transfer_credit_amt_14d,model_vars_category,-1000000
bank_txn_category_internal_transfer_credit_amt_168d,model_vars_category,-1000000
bank_txn_category_internal_transfer_credit_amt_182d,model_vars_category,-1000000
bank_txn_category_internal_transfer_credit_amt_28d,model_vars_category,-1000000
bank_txn_category_internal_transfer_credit_amt_56d,model_vars_category,-1000000
bank_txn_category_internal_transfer_credit_amt_7d,model_vars_category,-1000000
bank_txn_category_internal_transfer_credit_amt_84d,model_vars_category,-1000000
bank_txn_category_internal_transfer_credit_cnt_14d,model_vars_category,-1000000
bank_txn_category_internal_transfer_credit_cnt_168d,model_vars_category,-1000000
bank_txn_category_internal_transfer_credit_cnt_182d,model_vars_category,-1000000
bank_txn_category_internal_transfer_credit_cnt_28d,model_vars_category,-1000000
bank_txn_category_internal_transfer_credit_cnt_56d,model_vars_category,-1000000
bank_txn_category_internal_transfer_credit_cnt_7d,model_vars_category,-1000000
bank_txn_category_internal_transfer_credit_cnt_84d,model_vars_category,-1000000
bank_txn_category_internal_transfer_debit_amt_14d,model_vars_category,-1000000
bank_txn_category_internal_transfer_debit_amt_168d,model_vars_category,-1000000
bank_txn_category_internal_transfer_debit_amt_182d,model_vars_category,-1000000
bank_txn_category_internal_transfer_debit_amt_28d,model_vars_category,-1000000
bank_txn_category_internal_transfer_debit_amt_56d,model_vars_category,-1000000
bank_txn_category_internal_transfer_debit_amt_7d,model_vars_category,-1000000
bank_txn_category_internal_transfer_debit_amt_84d,model_vars_category,-1000000
bank_txn_category_internal_transfer_debit_cnt_14d,model_vars_category,-1000000
bank_txn_category_internal_transfer_debit_cnt_168d,model_vars_category,-1000000
bank_txn_category_internal_transfer_debit_cnt_182d,model_vars_category,-1000000
bank_txn_category_internal_transfer_debit_cnt_28d,model_vars_category,-1000000
bank_txn_category_internal_transfer_debit_cnt_56d,model_vars_category,-1000000
bank_txn_category_internal_transfer_debit_cnt_7d,model_vars_category,-1000000
bank_txn_category_internal_transfer_debit_cnt_84d,model_vars_category,-1000000
bank_txn_category_internal_transfer_share_14d,model_vars_category,-1000000
bank_txn_category_internal_transfer_share_168d,model_vars_category,-1000000
bank_txn_category_internal_transfer_share_182d,model_vars_category,-1000000
bank_txn_category_internal_transfer_share_28d,model_vars_category,-1000000
bank_txn_category_internal_transfer_share_56d,model_vars_category,-1000000
bank_txn_category_internal_transfer_share_7d,model_vars_category,-1000000
bank_txn_category_internal_transfer_share_84d,model_vars_category,-1000000
bank_txn_category_neg_net_streak_days_14d,model_vars_category,-1000000
bank_txn_category_neg_net_streak_days_168d,model_vars_category,-1000000
bank_txn_category_neg_net_streak_days_182d,model_vars_category,-1000000
bank_txn_category_neg_net_streak_days_28d,model_vars_category,-1000000
bank_txn_category_neg_net_streak_days_56d,model_vars_category,-1000000
bank_txn_category_neg_net_streak_days_7d,model_vars_category,-1000000
bank_txn_category_neg_net_streak_days_84d,model_vars_category,-1000000
bank_txn_category_non_sacc_loans_amt_14d,model_vars_category,-1000000
bank_txn_category_non_sacc_loans_amt_168d,model_vars_category,-1000000
bank_txn_category_non_sacc_loans_amt_182d,model_vars_category,-1000000
bank_txn_category_non_sacc_loans_amt_28d,model_vars_category,-1000000
bank_txn_category_non_sacc_loans_amt_56d,model_vars_category,-1000000
bank_txn_category_non_sacc_loans_amt_7d,model_vars_category,-1000000
bank_txn_category_non_sacc_loans_amt_84d,model_vars_category,-1000000
bank_txn_category_non_sacc_loans_avg_ticket_14d,model_vars_category,-1000000
bank_txn_category_non_sacc_loans_avg_ticket_168d,model_vars_category,-1000000
bank_txn_category_non_sacc_loans_avg_ticket_182d,model_vars_category,-1000000
bank_txn_category_non_sacc_loans_avg_ticket_28d,model_vars_category,-1000000
bank_txn_category_non_sacc_loans_avg_ticket_56d,model_vars_category,-1000000
bank_txn_category_non_sacc_loans_avg_ticket_7d,model_vars_category,-1000000
bank_txn_category_non_sacc_loans_avg_ticket_84d,model_vars_category,-1000000
bank_txn_category_non_sacc_loans_cnt_14d,model_vars_category,-1000000
bank_txn_category_non_sacc_loans_cnt_168d,model_vars_category,-1000000
bank_txn_category_non_sacc_loans_cnt_182d,model_vars_category,-1000000
bank_txn_category_non_sacc_loans_cnt_28d,model_vars_category,-1000000
bank_txn_category_non_sacc_loans_cnt_56d,model_vars_category,-1000000
bank_txn_category_non_sacc_loans_cnt_7d,model_vars_category,-1000000
bank_txn_category_non_sacc_loans_cnt_84d,model_vars_category,-1000000
bank_txn_category_non_sacc_loans_credit_amt_14d,model_vars_category,-1000000
bank_txn_category_non_sacc_loans_credit_amt_168d,model_vars_category,-1000000
bank_txn_category_non_sacc_loans_credit_amt_182d,model_vars_category,-1000000
bank_txn_category_non_sacc_loans_credit_amt_28d,model_vars_category,-1000000
bank_txn_category_non_sacc_loans_credit_amt_56d,model_vars_category,-1000000
bank_txn_category_non_sacc_loans_credit_amt_7d,model_vars_category,-1000000
bank_txn_category_non_sacc_loans_credit_amt_84d,model_vars_category,-1000000
bank_txn_category_non_sacc_loans_credit_cnt_14d,model_vars_category,-1000000
bank_txn_category_non_sacc_loans_credit_cnt_168d,model_vars_category,-1000000
bank_txn_category_non_sacc_loans_credit_cnt_182d,model_vars_category,-1000000
bank_txn_category_non_sacc_loans_credit_cnt_28d,model_vars_category,-1000000
bank_txn_category_non_sacc_loans_credit_cnt_56d,model_vars_category,-1000000
bank_txn_category_non_sacc_loans_credit_cnt_7d,model_vars_category,-1000000
bank_txn_category_non_sacc_loans_credit_cnt_84d,model_vars_category,-1000000
bank_txn_category_non_sacc_loans_debit_amt_14d,model_vars_category,-1000000
bank_txn_category_non_sacc_loans_debit_amt_168d,model_vars_category,-1000000
bank_txn_category_non_sacc_loans_debit_amt_182d,model_vars_category,-1000000
bank_txn_category_non_sacc_loans_debit_amt_28d,model_vars_category,-1000000
bank_txn_category_non_sacc_loans_debit_amt_56d,model_vars_category,-1000000
bank_txn_category_non_sacc_loans_debit_amt_7d,model_vars_category,-1000000
bank_txn_category_non_sacc_loans_debit_amt_84d,model_vars_category,-1000000
bank_txn_category_non_sacc_loans_debit_cnt_14d,model_vars_category,-1000000
bank_txn_category_non_sacc_loans_debit_cnt_168d,model_vars_category,-1000000
bank_txn_category_non_sacc_loans_debit_cnt_182d,model_vars_category,-1000000
bank_txn_category_non_sacc_loans_debit_cnt_28d,model_vars_category,-1000000
bank_txn_category_non_sacc_loans_debit_cnt_56d,model_vars_category,-1000000
bank_txn_category_non_sacc_loans_debit_cnt_7d,model_vars_category,-1000000
bank_txn_category_non_sacc_loans_debit_cnt_84d,model_vars_category,-1000000
bank_txn_category_non_sacc_loans_share_14d,model_vars_category,-1000000
bank_txn_category_non_sacc_loans_share_168d,model_vars_category,-1000000
bank_txn_category_non_sacc_loans_share_182d,model_vars_category,-1000000
bank_txn_category_non_sacc_loans_share_28d,model_vars_category,-1000000
bank_txn_category_non_sacc_loans_share_56d,model_vars_category,-1000000
bank_txn_category_non_sacc_loans_share_7d,model_vars_category,-1000000
bank_txn_category_non_sacc_loans_share_84d,model_vars_category,-1000000
bank_txn_category_overdrawn_amt_14d,model_vars_category,-1000000
bank_txn_category_overdrawn_amt_168d,model_vars_category,-1000000
bank_txn_category_overdrawn_amt_182d,model_vars_category,-1000000
bank_txn_category_overdrawn_amt_28d,model_vars_category,-1000000
bank_txn_category_overdrawn_amt_56d,model_vars_category,-1000000
bank_txn_category_overdrawn_amt_7d,model_vars_category,-1000000
bank_txn_category_overdrawn_amt_84d,model_vars_category,-1000000
bank_txn_category_overdrawn_avg_ticket_14d,model_vars_category,-1000000
bank_txn_category_overdrawn_avg_ticket_168d,model_vars_category,-1000000
bank_txn_category_overdrawn_avg_ticket_182d,model_vars_category,-1000000
bank_txn_category_overdrawn_avg_ticket_28d,model_vars_category,-1000000
bank_txn_category_overdrawn_avg_ticket_56d,model_vars_category,-1000000
bank_txn_category_overdrawn_avg_ticket_7d,model_vars_category,-1000000
bank_txn_category_overdrawn_avg_ticket_84d,model_vars_category,-1000000
bank_txn_category_overdrawn_cnt_14d,model_vars_category,-1000000
bank_txn_category_overdrawn_cnt_168d,model_vars_category,-1000000
bank_txn_category_overdrawn_cnt_182d,model_vars_category,-1000000
bank_txn_category_overdrawn_cnt_28d,model_vars_category,-1000000
bank_txn_category_overdrawn_cnt_56d,model_vars_category,-1000000
bank_txn_category_overdrawn_cnt_7d,model_vars_category,-1000000
bank_txn_category_overdrawn_cnt_84d,model_vars_category,-1000000
bank_txn_category_overdrawn_credit_amt_14d,model_vars_category,-1000000
bank_txn_category_overdrawn_credit_amt_168d,model_vars_category,-1000000
bank_txn_category_overdrawn_credit_amt_182d,model_vars_category,-1000000
bank_txn_category_overdrawn_credit_amt_28d,model_vars_category,-1000000
bank_txn_category_overdrawn_credit_amt_56d,model_vars_category,-1000000
bank_txn_category_overdrawn_credit_amt_7d,model_vars_category,-1000000
bank_txn_category_overdrawn_credit_amt_84d,model_vars_category,-1000000
bank_txn_category_overdrawn_credit_cnt_14d,model_vars_category,-1000000
bank_txn_category_overdrawn_credit_cnt_168d,model_vars_category,-1000000
bank_txn_category_overdrawn_credit_cnt_182d,model_vars_category,-1000000
bank_txn_category_overdrawn_credit_cnt_28d,model_vars_category,-1000000
bank_txn_category_overdrawn_credit_cnt_56d,model_vars_category,-1000000
bank_txn_category_overdrawn_credit_cnt_7d,model_vars_category,-1000000
bank_txn_category_overdrawn_credit_cnt_84d,model_vars_category,-1000000
bank_txn_category_overdrawn_debit_amt_14d,model_vars_category,-1000000
bank_txn_category_overdrawn_debit_amt_168d,model_vars_category,-1000000
bank_txn_category_overdrawn_debit_amt_182d,model_vars_category,-1000000
bank_txn_category_overdrawn_debit_amt_28d,model_vars_category,-1000000
bank_txn_category_overdrawn_debit_amt_56d,model_vars_category,-1000000
bank_txn_category_overdrawn_debit_amt_7d,model_vars_category,-1000000
bank_txn_category_overdrawn_debit_amt_84d,model_vars_category,-1000000
bank_txn_category_overdrawn_debit_cnt_14d,model_vars_category,-1000000
bank_txn_category_overdrawn_debit_cnt_168d,model_vars_category,-1000000
bank_txn_category_overdrawn_debit_cnt_182d,model_vars_category,-1000000
bank_txn_category_overdrawn_debit_cnt_28d,model_vars_category,-1000000
bank_txn_category_overdrawn_debit_cnt_56d,model_vars_category,-1000000
bank_txn_category_overdrawn_debit_cnt_7d,model_vars_category,-1000000
bank_txn_category_overdrawn_debit_cnt_84d,model_vars_category,-1000000
bank_txn_category_overdrawn_share_14d,model_vars_category,-1000000
bank_txn_category_overdrawn_share_168d,model_vars_category,-1000000
bank_txn_category_overdrawn_share_182d,model_vars_category,-1000000
bank_txn_category_overdrawn_share_28d,model_vars_category,-1000000
bank_txn_category_overdrawn_share_56d,model_vars_category,-1000000
bank_txn_category_overdrawn_share_7d,model_vars_category,-1000000
bank_txn_category_overdrawn_share_84d,model_vars_category,-1000000
bank_txn_category_personal_care_amt_14d,model_vars_category,-1000000
bank_txn_category_personal_care_amt_168d,model_vars_category,-1000000
bank_txn_category_personal_care_amt_182d,model_vars_category,-1000000
bank_txn_category_personal_care_amt_28d,model_vars_category,-1000000
bank_txn_category_personal_care_amt_56d,model_vars_category,-1000000
bank_txn_category_personal_care_amt_7d,model_vars_category,-1000000
bank_txn_category_personal_care_amt_84d,model_vars_category,-1000000
bank_txn_category_personal_care_avg_ticket_14d,model_vars_category,-1000000
bank_txn_category_personal_care_avg_ticket_168d,model_vars_category,-1000000
bank_txn_category_personal_care_avg_ticket_182d,model_vars_category,-1000000
bank_txn_category_personal_care_avg_ticket_28d,model_vars_category,-1000000
bank_txn_category_personal_care_avg_ticket_56d,model_vars_category,-1000000
bank_txn_category_personal_care_avg_ticket_7d,model_vars_category,-1000000
bank_txn_category_personal_care_avg_ticket_84d,model_vars_category,-1000000
bank_txn_category_personal_care_cnt_14d,model_vars_category,-1000000
bank_txn_category_personal_care_cnt_168d,model_vars_category,-1000000
bank_txn_category_personal_care_cnt_182d,model_vars_category,-1000000
bank_txn_category_personal_care_cnt_28d,model_vars_category,-1000000
bank_txn_category_personal_care_cnt_56d,model_vars_category,-1000000
bank_txn_category_personal_care_cnt_7d,model_vars_category,-1000000
bank_txn_category_personal_care_cnt_84d,model_vars_category,-1000000
bank_txn_category_personal_care_credit_amt_14d,model_vars_category,-1000000
bank_txn_category_personal_care_credit_amt_168d,model_vars_category,-1000000
bank_txn_category_personal_care_credit_amt_182d,model_vars_category,-1000000
bank_txn_category_personal_care_credit_amt_28d,model_vars_category,-1000000
bank_txn_category_personal_care_credit_amt_56d,model_vars_category,-1000000
bank_txn_category_personal_care_credit_amt_7d,model_vars_category,-1000000
bank_txn_category_personal_care_credit_amt_84d,model_vars_category,-1000000
bank_txn_category_personal_care_credit_cnt_14d,model_vars_category,-1000000
bank_txn_category_personal_care_credit_cnt_168d,model_vars_category,-1000000
bank_txn_category_personal_care_credit_cnt_182d,model_vars_category,-1000000
bank_txn_category_personal_care_credit_cnt_28d,model_vars_category,-1000000
bank_txn_category_personal_care_credit_cnt_56d,model_vars_category,-1000000
bank_txn_category_personal_care_credit_cnt_7d,model_vars_category,-1000000
bank_txn_category_personal_care_credit_cnt_84d,model_vars_category,-1000000
bank_txn_category_personal_care_debit_amt_14d,model_vars_category,-1000000
bank_txn_category_personal_care_debit_amt_168d,model_vars_category,-1000000
bank_txn_category_personal_care_debit_amt_182d,model_vars_category,-1000000
bank_txn_category_personal_care_debit_amt_28d,model_vars_category,-1000000
bank_txn_category_personal_care_debit_amt_56d,model_vars_category,-1000000
bank_txn_category_personal_care_debit_amt_7d,model_vars_category,-1000000
bank_txn_category_personal_care_debit_amt_84d,model_vars_category,-1000000
bank_txn_category_personal_care_debit_cnt_14d,model_vars_category,-1000000
bank_txn_category_personal_care_debit_cnt_168d,model_vars_category,-1000000
bank_txn_category_personal_care_debit_cnt_182d,model_vars_category,-1000000
bank_txn_category_personal_care_debit_cnt_28d,model_vars_category,-1000000
bank_txn_category_personal_care_debit_cnt_56d,model_vars_category,-1000000
bank_txn_category_personal_care_debit_cnt_7d,model_vars_category,-1000000
bank_txn_category_personal_care_debit_cnt_84d,model_vars_category,-1000000
bank_txn_category_personal_care_share_14d,model_vars_category,-1000000
bank_txn_category_personal_care_share_168d,model_vars_category,-1000000
bank_txn_category_personal_care_share_182d,model_vars_category,-1000000
bank_txn_category_personal_care_share_28d,model_vars_category,-1000000
bank_txn_category_personal_care_share_56d,model_vars_category,-1000000
bank_txn_category_personal_care_share_7d,model_vars_category,-1000000
bank_txn_category_personal_care_share_84d,model_vars_category,-1000000
bank_txn_category_pet_care_amt_14d,model_vars_category,-1000000
bank_txn_category_pet_care_amt_168d,model_vars_category,-1000000
bank_txn_category_pet_care_amt_182d,model_vars_category,-1000000
bank_txn_category_pet_care_amt_28d,model_vars_category,-1000000
bank_txn_category_pet_care_amt_56d,model_vars_category,-1000000
bank_txn_category_pet_care_amt_7d,model_vars_category,-1000000
bank_txn_category_pet_care_amt_84d,model_vars_category,-1000000
bank_txn_category_pet_care_avg_ticket_14d,model_vars_category,-1000000
bank_txn_category_pet_care_avg_ticket_168d,model_vars_category,-1000000
bank_txn_category_pet_care_avg_ticket_182d,model_vars_category,-1000000
bank_txn_category_pet_care_avg_ticket_28d,model_vars_category,-1000000
bank_txn_category_pet_care_avg_ticket_56d,model_vars_category,-1000000
bank_txn_category_pet_care_avg_ticket_7d,model_vars_category,-1000000
bank_txn_category_pet_care_avg_ticket_84d,model_vars_category,-1000000
bank_txn_category_pet_care_cnt_14d,model_vars_category,-1000000
bank_txn_category_pet_care_cnt_168d,model_vars_category,-1000000
bank_txn_category_pet_care_cnt_182d,model_vars_category,-1000000
bank_txn_category_pet_care_cnt_28d,model_vars_category,-1000000
bank_txn_category_pet_care_cnt_56d,model_vars_category,-1000000
bank_txn_category_pet_care_cnt_7d,model_vars_category,-1000000
bank_txn_category_pet_care_cnt_84d,model_vars_category,-1000000
bank_txn_category_pet_care_credit_amt_14d,model_vars_category,-1000000
bank_txn_category_pet_care_credit_amt_168d,model_vars_category,-1000000
bank_txn_category_pet_care_credit_amt_182d,model_vars_category,-1000000
bank_txn_category_pet_care_credit_amt_28d,model_vars_category,-1000000
bank_txn_category_pet_care_credit_amt_56d,model_vars_category,-1000000
bank_txn_category_pet_care_credit_amt_7d,model_vars_category,-1000000
bank_txn_category_pet_care_credit_amt_84d,model_vars_category,-1000000
bank_txn_category_pet_care_credit_cnt_14d,model_vars_category,-1000000
bank_txn_category_pet_care_credit_cnt_168d,model_vars_category,-1000000
bank_txn_category_pet_care_credit_cnt_182d,model_vars_category,-1000000
bank_txn_category_pet_care_credit_cnt_28d,model_vars_category,-1000000
bank_txn_category_pet_care_credit_cnt_56d,model_vars_category,-1000000
bank_txn_category_pet_care_credit_cnt_7d,model_vars_category,-1000000
bank_txn_category_pet_care_credit_cnt_84d,model_vars_category,-1000000
bank_txn_category_pet_care_debit_amt_14d,model_vars_category,-1000000
bank_txn_category_pet_care_debit_amt_168d,model_vars_category,-1000000
bank_txn_category_pet_care_debit_amt_182d,model_vars_category,-1000000
bank_txn_category_pet_care_debit_amt_28d,model_vars_category,-1000000
bank_txn_category_pet_care_debit_amt_56d,model_vars_category,-1000000
bank_txn_category_pet_care_debit_amt_7d,model_vars_category,-1000000
bank_txn_category_pet_care_debit_amt_84d,model_vars_category,-1000000
bank_txn_category_pet_care_debit_cnt_14d,model_vars_category,-1000000
bank_txn_category_pet_care_debit_cnt_168d,model_vars_category,-1000000
bank_txn_category_pet_care_debit_cnt_182d,model_vars_category,-1000000
bank_txn_category_pet_care_debit_cnt_28d,model_vars_category,-1000000
bank_txn_category_pet_care_debit_cnt_56d,model_vars_category,-1000000
bank_txn_category_pet_care_debit_cnt_7d,model_vars_category,-1000000
bank_txn_category_pet_care_debit_cnt_84d,model_vars_category,-1000000
bank_txn_category_pet_care_share_14d,model_vars_category,-1000000
bank_txn_category_pet_care_share_168d,model_vars_category,-1000000
bank_txn_category_pet_care_share_182d,model_vars_category,-1000000
bank_txn_category_pet_care_share_28d,model_vars_category,-1000000
bank_txn_category_pet_care_share_56d,model_vars_category,-1000000
bank_txn_category_pet_care_share_7d,model_vars_category,-1000000
bank_txn_category_pet_care_share_84d,model_vars_category,-1000000
bank_txn_category_pos_net_streak_days_14d,model_vars_category,-1000000
bank_txn_category_pos_net_streak_days_168d,model_vars_category,-1000000
bank_txn_category_pos_net_streak_days_182d,model_vars_category,-1000000
bank_txn_category_pos_net_streak_days_28d,model_vars_category,-1000000
bank_txn_category_pos_net_streak_days_56d,model_vars_category,-1000000
bank_txn_category_pos_net_streak_days_7d,model_vars_category,-1000000
bank_txn_category_pos_net_streak_days_84d,model_vars_category,-1000000
bank_txn_category_rent_after_wage_lag_p50_14d,model_vars_category,-1000000
bank_txn_category_rent_after_wage_lag_p50_168d,model_vars_category,-1000000
bank_txn_category_rent_after_wage_lag_p50_182d,model_vars_category,-1000000
bank_txn_category_rent_after_wage_lag_p50_28d,model_vars_category,-1000000
bank_txn_category_rent_after_wage_lag_p50_56d,model_vars_category,-1000000
bank_txn_category_rent_after_wage_lag_p50_7d,model_vars_category,-1000000
bank_txn_category_rent_after_wage_lag_p50_84d,model_vars_category,-1000000
bank_txn_category_rent_amt_14d,model_vars_category,-1000000
bank_txn_category_rent_amt_168d,model_vars_category,-1000000
bank_txn_category_rent_amt_182d,model_vars_category,-1000000
bank_txn_category_rent_amt_28d,model_vars_category,-1000000
bank_txn_category_rent_amt_56d,model_vars_category,-1000000
bank_txn_category_rent_amt_7d,model_vars_category,-1000000
bank_txn_category_rent_amt_84d,model_vars_category,-1000000
bank_txn_category_rent_avg_ticket_14d,model_vars_category,-1000000
bank_txn_category_rent_avg_ticket_168d,model_vars_category,-1000000
bank_txn_category_rent_avg_ticket_182d,model_vars_category,-1000000
bank_txn_category_rent_avg_ticket_28d,model_vars_category,-1000000
bank_txn_category_rent_avg_ticket_56d,model_vars_category,-1000000
bank_txn_category_rent_avg_ticket_7d,model_vars_category,-1000000
bank_txn_category_rent_avg_ticket_84d,model_vars_category,-1000000
bank_txn_category_rent_cnt_14d,model_vars_category,-1000000
bank_txn_category_rent_cnt_168d,model_vars_category,-1000000
bank_txn_category_rent_cnt_182d,model_vars_category,-1000000
bank_txn_category_rent_cnt_28d,model_vars_category,-1000000
bank_txn_category_rent_cnt_56d,model_vars_category,-1000000
bank_txn_category_rent_cnt_7d,model_vars_category,-1000000
bank_txn_category_rent_cnt_84d,model_vars_category,-1000000
bank_txn_category_rent_credit_amt_14d,model_vars_category,-1000000
bank_txn_category_rent_credit_amt_168d,model_vars_category,-1000000
bank_txn_category_rent_credit_amt_182d,model_vars_category,-1000000
bank_txn_category_rent_credit_amt_28d,model_vars_category,-1000000
bank_txn_category_rent_credit_amt_56d,model_vars_category,-1000000
bank_txn_category_rent_credit_amt_7d,model_vars_category,-1000000
bank_txn_category_rent_credit_amt_84d,model_vars_category,-1000000
bank_txn_category_rent_credit_cnt_14d,model_vars_category,-1000000
bank_txn_category_rent_credit_cnt_168d,model_vars_category,-1000000
bank_txn_category_rent_credit_cnt_182d,model_vars_category,-1000000
bank_txn_category_rent_credit_cnt_28d,model_vars_category,-1000000
bank_txn_category_rent_credit_cnt_56d,model_vars_category,-1000000
bank_txn_category_rent_credit_cnt_7d,model_vars_category,-1000000
bank_txn_category_rent_credit_cnt_84d,model_vars_category,-1000000
bank_txn_category_rent_debit_amt_14d,model_vars_category,-1000000
bank_txn_category_rent_debit_amt_168d,model_vars_category,-1000000
bank_txn_category_rent_debit_amt_182d,model_vars_category,-1000000
bank_txn_category_rent_debit_amt_28d,model_vars_category,-1000000
bank_txn_category_rent_debit_amt_56d,model_vars_category,-1000000
bank_txn_category_rent_debit_amt_7d,model_vars_category,-1000000
bank_txn_category_rent_debit_amt_84d,model_vars_category,-1000000
bank_txn_category_rent_debit_cnt_14d,model_vars_category,-1000000
bank_txn_category_rent_debit_cnt_168d,model_vars_category,-1000000
bank_txn_category_rent_debit_cnt_182d,model_vars_category,-1000000
bank_txn_category_rent_debit_cnt_28d,model_vars_category,-1000000
bank_txn_category_rent_debit_cnt_56d,model_vars_category,-1000000
bank_txn_category_rent_debit_cnt_7d,model_vars_category,-1000000
bank_txn_category_rent_debit_cnt_84d,model_vars_category,-1000000
bank_txn_category_rent_share_14d,model_vars_category,-1000000
bank_txn_category_rent_share_168d,model_vars_category,-1000000
bank_txn_category_rent_share_182d,model_vars_category,-1000000
bank_txn_category_rent_share_28d,model_vars_category,-1000000
bank_txn_category_rent_share_56d,model_vars_category,-1000000
bank_txn_category_rent_share_7d,model_vars_category,-1000000
bank_txn_category_rent_share_84d,model_vars_category,-1000000
bank_txn_category_retail_amt_14d,model_vars_category,-1000000
bank_txn_category_retail_amt_168d,model_vars_category,-1000000
bank_txn_category_retail_amt_182d,model_vars_category,-1000000
bank_txn_category_retail_amt_28d,model_vars_category,-1000000
bank_txn_category_retail_amt_56d,model_vars_category,-1000000
bank_txn_category_retail_amt_7d,model_vars_category,-1000000
bank_txn_category_retail_amt_84d,model_vars_category,-1000000
bank_txn_category_retail_avg_ticket_14d,model_vars_category,-1000000
bank_txn_category_retail_avg_ticket_168d,model_vars_category,-1000000
bank_txn_category_retail_avg_ticket_182d,model_vars_category,-1000000
bank_txn_category_retail_avg_ticket_28d,model_vars_category,-1000000
bank_txn_category_retail_avg_ticket_56d,model_vars_category,-1000000
bank_txn_category_retail_avg_ticket_7d,model_vars_category,-1000000
bank_txn_category_retail_avg_ticket_84d,model_vars_category,-1000000
bank_txn_category_retail_cnt_14d,model_vars_category,-1000000
bank_txn_category_retail_cnt_168d,model_vars_category,-1000000
bank_txn_category_retail_cnt_182d,model_vars_category,-1000000
bank_txn_category_retail_cnt_28d,model_vars_category,-1000000
bank_txn_category_retail_cnt_56d,model_vars_category,-1000000
bank_txn_category_retail_cnt_7d,model_vars_category,-1000000
bank_txn_category_retail_cnt_84d,model_vars_category,-1000000
bank_txn_category_retail_credit_amt_14d,model_vars_category,-1000000
bank_txn_category_retail_credit_amt_168d,model_vars_category,-1000000
bank_txn_category_retail_credit_amt_182d,model_vars_category,-1000000
bank_txn_category_retail_credit_amt_28d,model_vars_category,-1000000
bank_txn_category_retail_credit_amt_56d,model_vars_category,-1000000
bank_txn_category_retail_credit_amt_7d,model_vars_category,-1000000
bank_txn_category_retail_credit_amt_84d,model_vars_category,-1000000
bank_txn_category_retail_credit_cnt_14d,model_vars_category,-1000000
bank_txn_category_retail_credit_cnt_168d,model_vars_category,-1000000
bank_txn_category_retail_credit_cnt_182d,model_vars_category,-1000000
bank_txn_category_retail_credit_cnt_28d,model_vars_category,-1000000
bank_txn_category_retail_credit_cnt_56d,model_vars_category,-1000000
bank_txn_category_retail_credit_cnt_7d,model_vars_category,-1000000
bank_txn_category_retail_credit_cnt_84d,model_vars_category,-1000000
bank_txn_category_retail_debit_amt_14d,model_vars_category,-1000000
bank_txn_category_retail_debit_amt_168d,model_vars_category,-1000000
bank_txn_category_retail_debit_amt_182d,model_vars_category,-1000000
bank_txn_category_retail_debit_amt_28d,model_vars_category,-1000000
bank_txn_category_retail_debit_amt_56d,model_vars_category,-1000000
bank_txn_category_retail_debit_amt_7d,model_vars_category,-1000000
bank_txn_category_retail_debit_amt_84d,model_vars_category,-1000000
bank_txn_category_retail_debit_cnt_14d,model_vars_category,-1000000
bank_txn_category_retail_debit_cnt_168d,model_vars_category,-1000000
bank_txn_category_retail_debit_cnt_182d,model_vars_category,-1000000
bank_txn_category_retail_debit_cnt_28d,model_vars_category,-1000000
bank_txn_category_retail_debit_cnt_56d,model_vars_category,-1000000
bank_txn_category_retail_debit_cnt_7d,model_vars_category,-1000000
bank_txn_category_retail_debit_cnt_84d,model_vars_category,-1000000
bank_txn_category_retail_share_14d,model_vars_category,-1000000
bank_txn_category_retail_share_168d,model_vars_category,-1000000
bank_txn_category_retail_share_182d,model_vars_category,-1000000
bank_txn_category_retail_share_28d,model_vars_category,-1000000
bank_txn_category_retail_share_56d,model_vars_category,-1000000
bank_txn_category_retail_share_7d,model_vars_category,-1000000
bank_txn_category_retail_share_84d,model_vars_category,-1000000
bank_txn_category_sacc_loans_amt_14d,model_vars_category,-1000000
bank_txn_category_sacc_loans_amt_168d,model_vars_category,-1000000
bank_txn_category_sacc_loans_amt_182d,model_vars_category,-1000000
bank_txn_category_sacc_loans_amt_28d,model_vars_category,-1000000
bank_txn_category_sacc_loans_amt_56d,model_vars_category,-1000000
bank_txn_category_sacc_loans_amt_7d,model_vars_category,-1000000
bank_txn_category_sacc_loans_amt_84d,model_vars_category,-1000000
bank_txn_category_sacc_loans_avg_ticket_14d,model_vars_category,-1000000
bank_txn_category_sacc_loans_avg_ticket_168d,model_vars_category,-1000000
bank_txn_category_sacc_loans_avg_ticket_182d,model_vars_category,-1000000
bank_txn_category_sacc_loans_avg_ticket_28d,model_vars_category,-1000000
bank_txn_category_sacc_loans_avg_ticket_56d,model_vars_category,-1000000
bank_txn_category_sacc_loans_avg_ticket_7d,model_vars_category,-1000000
bank_txn_category_sacc_loans_avg_ticket_84d,model_vars_category,-1000000
bank_txn_category_sacc_loans_cnt_14d,model_vars_category,-1000000
bank_txn_category_sacc_loans_cnt_168d,model_vars_category,-1000000
bank_txn_category_sacc_loans_cnt_182d,model_vars_category,-1000000
bank_txn_category_sacc_loans_cnt_28d,model_vars_category,-1000000
bank_txn_category_sacc_loans_cnt_56d,model_vars_category,-1000000
bank_txn_category_sacc_loans_cnt_7d,model_vars_category,-1000000
bank_txn_category_sacc_loans_cnt_84d,model_vars_category,-1000000
bank_txn_category_sacc_loans_credit_amt_14d,model_vars_category,-1000000
bank_txn_category_sacc_loans_credit_amt_168d,model_vars_category,-1000000
bank_txn_category_sacc_loans_credit_amt_182d,model_vars_category,-1000000
bank_txn_category_sacc_loans_credit_amt_28d,model_vars_category,-1000000
bank_txn_category_sacc_loans_credit_amt_56d,model_vars_category,-1000000
bank_txn_category_sacc_loans_credit_amt_7d,model_vars_category,-1000000
bank_txn_category_sacc_loans_credit_amt_84d,model_vars_category,-1000000
bank_txn_category_sacc_loans_credit_cnt_14d,model_vars_category,-1000000
bank_txn_category_sacc_loans_credit_cnt_168d,model_vars_category,-1000000
bank_txn_category_sacc_loans_credit_cnt_182d,model_vars_category,-1000000
bank_txn_category_sacc_loans_credit_cnt_28d,model_vars_category,-1000000
bank_txn_category_sacc_loans_credit_cnt_56d,model_vars_category,-1000000
bank_txn_category_sacc_loans_credit_cnt_7d,model_vars_category,-1000000
bank_txn_category_sacc_loans_credit_cnt_84d,model_vars_category,-1000000
bank_txn_category_sacc_loans_debit_amt_14d,model_vars_category,-1000000
bank_txn_category_sacc_loans_debit_amt_168d,model_vars_category,-1000000
bank_txn_category_sacc_loans_debit_amt_182d,model_vars_category,-1000000
bank_txn_category_sacc_loans_debit_amt_28d,model_vars_category,-1000000
bank_txn_category_sacc_loans_debit_amt_56d,model_vars_category,-1000000
bank_txn_category_sacc_loans_debit_amt_7d,model_vars_category,-1000000
bank_txn_category_sacc_loans_debit_amt_84d,model_vars_category,-1000000
bank_txn_category_sacc_loans_debit_cnt_14d,model_vars_category,-1000000
bank_txn_category_sacc_loans_debit_cnt_168d,model_vars_category,-1000000
bank_txn_category_sacc_loans_debit_cnt_182d,model_vars_category,-1000000
bank_txn_category_sacc_loans_debit_cnt_28d,model_vars_category,-1000000
bank_txn_category_sacc_loans_debit_cnt_56d,model_vars_category,-1000000
bank_txn_category_sacc_loans_debit_cnt_7d,model_vars_category,-1000000
bank_txn_category_sacc_loans_debit_cnt_84d,model_vars_category,-1000000
bank_txn_category_sacc_loans_share_14d,model_vars_category,-1000000
bank_txn_category_sacc_loans_share_168d,model_vars_category,-1000000
bank_txn_category_sacc_loans_share_182d,model_vars_category,-1000000
bank_txn_category_sacc_loans_share_28d,model_vars_category,-1000000
bank_txn_category_sacc_loans_share_56d,model_vars_category,-1000000
bank_txn_category_sacc_loans_share_7d,model_vars_category,-1000000
bank_txn_category_sacc_loans_share_84d,model_vars_category,-1000000
bank_txn_category_subscription_tv_amt_14d,model_vars_category,-1000000
bank_txn_category_subscription_tv_amt_168d,model_vars_category,-1000000
bank_txn_category_subscription_tv_amt_182d,model_vars_category,-1000000
bank_txn_category_subscription_tv_amt_28d,model_vars_category,-1000000
bank_txn_category_subscription_tv_amt_56d,model_vars_category,-1000000
bank_txn_category_subscription_tv_amt_7d,model_vars_category,-1000000
bank_txn_category_subscription_tv_amt_84d,model_vars_category,-1000000
bank_txn_category_subscription_tv_avg_ticket_14d,model_vars_category,-1000000
bank_txn_category_subscription_tv_avg_ticket_168d,model_vars_category,-1000000
bank_txn_category_subscription_tv_avg_ticket_182d,model_vars_category,-1000000
bank_txn_category_subscription_tv_avg_ticket_28d,model_vars_category,-1000000
bank_txn_category_subscription_tv_avg_ticket_56d,model_vars_category,-1000000
bank_txn_category_subscription_tv_avg_ticket_7d,model_vars_category,-1000000
bank_txn_category_subscription_tv_avg_ticket_84d,model_vars_category,-1000000
bank_txn_category_subscription_tv_cnt_14d,model_vars_category,-1000000
bank_txn_category_subscription_tv_cnt_168d,model_vars_category,-1000000
bank_txn_category_subscription_tv_cnt_182d,model_vars_category,-1000000
bank_txn_category_subscription_tv_cnt_28d,model_vars_category,-1000000
bank_txn_category_subscription_tv_cnt_56d,model_vars_category,-1000000
bank_txn_category_subscription_tv_cnt_7d,model_vars_category,-1000000
bank_txn_category_subscription_tv_cnt_84d,model_vars_category,-1000000
bank_txn_category_subscription_tv_credit_amt_14d,model_vars_category,-1000000
bank_txn_category_subscription_tv_credit_amt_168d,model_vars_category,-1000000
bank_txn_category_subscription_tv_credit_amt_182d,model_vars_category,-1000000
bank_txn_category_subscription_tv_credit_amt_28d,model_vars_category,-1000000
bank_txn_category_subscription_tv_credit_amt_56d,model_vars_category,-1000000
bank_txn_category_subscription_tv_credit_amt_7d,model_vars_category,-1000000
bank_txn_category_subscription_tv_credit_amt_84d,model_vars_category,-1000000
bank_txn_category_subscription_tv_credit_cnt_14d,model_vars_category,-1000000
bank_txn_category_subscription_tv_credit_cnt_168d,model_vars_category,-1000000
bank_txn_category_subscription_tv_credit_cnt_182d,model_vars_category,-1000000
bank_txn_category_subscription_tv_credit_cnt_28d,model_vars_category,-1000000
bank_txn_category_subscription_tv_credit_cnt_56d,model_vars_category,-1000000
bank_txn_category_subscription_tv_credit_cnt_7d,model_vars_category,-1000000
bank_txn_category_subscription_tv_credit_cnt_84d,model_vars_category,-1000000
bank_txn_category_subscription_tv_debit_amt_14d,model_vars_category,-1000000
bank_txn_category_subscription_tv_debit_amt_168d,model_vars_category,-1000000
bank_txn_category_subscription_tv_debit_amt_182d,model_vars_category,-1000000
bank_txn_category_subscription_tv_debit_amt_28d,model_vars_category,-1000000
bank_txn_category_subscription_tv_debit_amt_56d,model_vars_category,-1000000
bank_txn_category_subscription_tv_debit_amt_7d,model_vars_category,-1000000
bank_txn_category_subscription_tv_debit_amt_84d,model_vars_category,-1000000
bank_txn_category_subscription_tv_debit_cnt_14d,model_vars_category,-1000000
bank_txn_category_subscription_tv_debit_cnt_168d,model_vars_category,-1000000
bank_txn_category_subscription_tv_debit_cnt_182d,model_vars_category,-1000000
bank_txn_category_subscription_tv_debit_cnt_28d,model_vars_category,-1000000
bank_txn_category_subscription_tv_debit_cnt_56d,model_vars_category,-1000000
bank_txn_category_subscription_tv_debit_cnt_7d,model_vars_category,-1000000
bank_txn_category_subscription_tv_debit_cnt_84d,model_vars_category,-1000000
bank_txn_category_subscription_tv_share_14d,model_vars_category,-1000000
bank_txn_category_subscription_tv_share_168d,model_vars_category,-1000000
bank_txn_category_subscription_tv_share_182d,model_vars_category,-1000000
bank_txn_category_subscription_tv_share_28d,model_vars_category,-1000000
bank_txn_category_subscription_tv_share_56d,model_vars_category,-1000000
bank_txn_category_subscription_tv_share_7d,model_vars_category,-1000000
bank_txn_category_subscription_tv_share_84d,model_vars_category,-1000000
bank_txn_category_telecommunications_amt_14d,model_vars_category,-1000000
bank_txn_category_telecommunications_amt_168d,model_vars_category,-1000000
bank_txn_category_telecommunications_amt_182d,model_vars_category,-1000000
bank_txn_category_telecommunications_amt_28d,model_vars_category,-1000000
bank_txn_category_telecommunications_amt_56d,model_vars_category,-1000000
bank_txn_category_telecommunications_amt_7d,model_vars_category,-1000000
bank_txn_category_telecommunications_amt_84d,model_vars_category,-1000000
bank_txn_category_telecommunications_avg_ticket_14d,model_vars_category,-1000000
bank_txn_category_telecommunications_avg_ticket_168d,model_vars_category,-1000000
bank_txn_category_telecommunications_avg_ticket_182d,model_vars_category,-1000000
bank_txn_category_telecommunications_avg_ticket_28d,model_vars_category,-1000000
bank_txn_category_telecommunications_avg_ticket_56d,model_vars_category,-1000000
bank_txn_category_telecommunications_avg_ticket_7d,model_vars_category,-1000000
bank_txn_category_telecommunications_avg_ticket_84d,model_vars_category,-1000000
bank_txn_category_telecommunications_cnt_14d,model_vars_category,-1000000
bank_txn_category_telecommunications_cnt_168d,model_vars_category,-1000000
bank_txn_category_telecommunications_cnt_182d,model_vars_category,-1000000
bank_txn_category_telecommunications_cnt_28d,model_vars_category,-1000000
bank_txn_category_telecommunications_cnt_56d,model_vars_category,-1000000
bank_txn_category_telecommunications_cnt_7d,model_vars_category,-1000000
bank_txn_category_telecommunications_cnt_84d,model_vars_category,-1000000
bank_txn_category_telecommunications_credit_amt_14d,model_vars_category,-1000000
bank_txn_category_telecommunications_credit_amt_168d,model_vars_category,-1000000
bank_txn_category_telecommunications_credit_amt_182d,model_vars_category,-1000000
bank_txn_category_telecommunications_credit_amt_28d,model_vars_category,-1000000
bank_txn_category_telecommunications_credit_amt_56d,model_vars_category,-1000000
bank_txn_category_telecommunications_credit_amt_7d,model_vars_category,-1000000
bank_txn_category_telecommunications_credit_amt_84d,model_vars_category,-1000000
bank_txn_category_telecommunications_credit_cnt_14d,model_vars_category,-1000000
bank_txn_category_telecommunications_credit_cnt_168d,model_vars_category,-1000000
bank_txn_category_telecommunications_credit_cnt_182d,model_vars_category,-1000000
bank_txn_category_telecommunications_credit_cnt_28d,model_vars_category,-1000000
bank_txn_category_telecommunications_credit_cnt_56d,model_vars_category,-1000000
bank_txn_category_telecommunications_credit_cnt_7d,model_vars_category,-1000000
bank_txn_category_telecommunications_credit_cnt_84d,model_vars_category,-1000000
bank_txn_category_telecommunications_debit_amt_14d,model_vars_category,-1000000
bank_txn_category_telecommunications_debit_amt_168d,model_vars_category,-1000000
bank_txn_category_telecommunications_debit_amt_182d,model_vars_category,-1000000
bank_txn_category_telecommunications_debit_amt_28d,model_vars_category,-1000000
bank_txn_category_telecommunications_debit_amt_56d,model_vars_category,-1000000
bank_txn_category_telecommunications_debit_amt_7d,model_vars_category,-1000000
bank_txn_category_telecommunications_debit_amt_84d,model_vars_category,-1000000
bank_txn_category_telecommunications_debit_cnt_14d,model_vars_category,-1000000
bank_txn_category_telecommunications_debit_cnt_168d,model_vars_category,-1000000
bank_txn_category_telecommunications_debit_cnt_182d,model_vars_category,-1000000
bank_txn_category_telecommunications_debit_cnt_28d,model_vars_category,-1000000
bank_txn_category_telecommunications_debit_cnt_56d,model_vars_category,-1000000
bank_txn_category_telecommunications_debit_cnt_7d,model_vars_category,-1000000
bank_txn_category_telecommunications_debit_cnt_84d,model_vars_category,-1000000
bank_txn_category_telecommunications_share_14d,model_vars_category,-1000000
bank_txn_category_telecommunications_share_168d,model_vars_category,-1000000
bank_txn_category_telecommunications_share_182d,model_vars_category,-1000000
bank_txn_category_telecommunications_share_28d,model_vars_category,-1000000
bank_txn_category_telecommunications_share_56d,model_vars_category,-1000000
bank_txn_category_telecommunications_share_7d,model_vars_category,-1000000
bank_txn_category_telecommunications_share_84d,model_vars_category,-1000000
bank_txn_category_transport_amt_14d,model_vars_category,-1000000
bank_txn_category_transport_amt_168d,model_vars_category,-1000000
bank_txn_category_transport_amt_182d,model_vars_category,-1000000
bank_txn_category_transport_amt_28d,model_vars_category,-1000000
bank_txn_category_transport_amt_56d,model_vars_category,-1000000
bank_txn_category_transport_amt_7d,model_vars_category,-1000000
bank_txn_category_transport_amt_84d,model_vars_category,-1000000
bank_txn_category_transport_avg_ticket_14d,model_vars_category,-1000000
bank_txn_category_transport_avg_ticket_168d,model_vars_category,-1000000
bank_txn_category_transport_avg_ticket_182d,model_vars_category,-1000000
bank_txn_category_transport_avg_ticket_28d,model_vars_category,-1000000
bank_txn_category_transport_avg_ticket_56d,model_vars_category,-1000000
bank_txn_category_transport_avg_ticket_7d,model_vars_category,-1000000
bank_txn_category_transport_avg_ticket_84d,model_vars_category,-1000000
bank_txn_category_transport_cnt_14d,model_vars_category,-1000000
bank_txn_category_transport_cnt_168d,model_vars_category,-1000000
bank_txn_category_transport_cnt_182d,model_vars_category,-1000000
bank_txn_category_transport_cnt_28d,model_vars_category,-1000000
bank_txn_category_transport_cnt_56d,model_vars_category,-1000000
bank_txn_category_transport_cnt_7d,model_vars_category,-1000000
bank_txn_category_transport_cnt_84d,model_vars_category,-1000000
bank_txn_category_transport_credit_amt_14d,model_vars_category,-1000000
bank_txn_category_transport_credit_amt_168d,model_vars_category,-1000000
bank_txn_category_transport_credit_amt_182d,model_vars_category,-1000000
bank_txn_category_transport_credit_amt_28d,model_vars_category,-1000000
bank_txn_category_transport_credit_amt_56d,model_vars_category,-1000000
bank_txn_category_transport_credit_amt_7d,model_vars_category,-1000000
bank_txn_category_transport_credit_amt_84d,model_vars_category,-1000000
bank_txn_category_transport_credit_cnt_14d,model_vars_category,-1000000
bank_txn_category_transport_credit_cnt_168d,model_vars_category,-1000000
bank_txn_category_transport_credit_cnt_182d,model_vars_category,-1000000
bank_txn_category_transport_credit_cnt_28d,model_vars_category,-1000000
bank_txn_category_transport_credit_cnt_56d,model_vars_category,-1000000
bank_txn_category_transport_credit_cnt_7d,model_vars_category,-1000000
bank_txn_category_transport_credit_cnt_84d,model_vars_category,-1000000
bank_txn_category_transport_debit_amt_14d,model_vars_category,-1000000
bank_txn_category_transport_debit_amt_168d,model_vars_category,-1000000
bank_txn_category_transport_debit_amt_182d,model_vars_category,-1000000
bank_txn_category_transport_debit_amt_28d,model_vars_category,-1000000
bank_txn_category_transport_debit_amt_56d,model_vars_category,-1000000
bank_txn_category_transport_debit_amt_7d,model_vars_category,-1000000
bank_txn_category_transport_debit_amt_84d,model_vars_category,-1000000
bank_txn_category_transport_debit_cnt_14d,model_vars_category,-1000000
bank_txn_category_transport_debit_cnt_168d,model_vars_category,-1000000
bank_txn_category_transport_debit_cnt_182d,model_vars_category,-1000000
bank_txn_category_transport_debit_cnt_28d,model_vars_category,-1000000
bank_txn_category_transport_debit_cnt_56d,model_vars_category,-1000000
bank_txn_category_transport_debit_cnt_7d,model_vars_category,-1000000
bank_txn_category_transport_debit_cnt_84d,model_vars_category,-1000000
bank_txn_category_transport_share_14d,model_vars_category,-1000000
bank_txn_category_transport_share_168d,model_vars_category,-1000000
bank_txn_category_transport_share_182d,model_vars_category,-1000000
bank_txn_category_transport_share_28d,model_vars_category,-1000000
bank_txn_category_transport_share_56d,model_vars_category,-1000000
bank_txn_category_transport_share_7d,model_vars_category,-1000000
bank_txn_category_transport_share_84d,model_vars_category,-1000000
bank_txn_category_travel_amt_14d,model_vars_category,-1000000
bank_txn_category_travel_amt_168d,model_vars_category,-1000000
bank_txn_category_travel_amt_182d,model_vars_category,-1000000
bank_txn_category_travel_amt_28d,model_vars_category,-1000000
bank_txn_category_travel_amt_56d,model_vars_category,-1000000
bank_txn_category_travel_amt_7d,model_vars_category,-1000000
bank_txn_category_travel_amt_84d,model_vars_category,-1000000
bank_txn_category_travel_avg_ticket_14d,model_vars_category,-1000000
bank_txn_category_travel_avg_ticket_168d,model_vars_category,-1000000
bank_txn_category_travel_avg_ticket_182d,model_vars_category,-1000000
bank_txn_category_travel_avg_ticket_28d,model_vars_category,-1000000
bank_txn_category_travel_avg_ticket_56d,model_vars_category,-1000000
bank_txn_category_travel_avg_ticket_7d,model_vars_category,-1000000
bank_txn_category_travel_avg_ticket_84d,model_vars_category,-1000000
bank_txn_category_travel_cnt_14d,model_vars_category,-1000000
bank_txn_category_travel_cnt_168d,model_vars_category,-1000000
bank_txn_category_travel_cnt_182d,model_vars_category,-1000000
bank_txn_category_travel_cnt_28d,model_vars_category,-1000000
bank_txn_category_travel_cnt_56d,model_vars_category,-1000000
bank_txn_category_travel_cnt_7d,model_vars_category,-1000000
bank_txn_category_travel_cnt_84d,model_vars_category,-1000000
bank_txn_category_travel_credit_amt_14d,model_vars_category,-1000000
bank_txn_category_travel_credit_amt_168d,model_vars_category,-1000000
bank_txn_category_travel_credit_amt_182d,model_vars_category,-1000000
bank_txn_category_travel_credit_amt_28d,model_vars_category,-1000000
bank_txn_category_travel_credit_amt_56d,model_vars_category,-1000000
bank_txn_category_travel_credit_amt_7d,model_vars_category,-1000000
bank_txn_category_travel_credit_amt_84d,model_vars_category,-1000000
bank_txn_category_travel_credit_cnt_14d,model_vars_category,-1000000
bank_txn_category_travel_credit_cnt_168d,model_vars_category,-1000000
bank_txn_category_travel_credit_cnt_182d,model_vars_category,-1000000
bank_txn_category_travel_credit_cnt_28d,model_vars_category,-1000000
bank_txn_category_travel_credit_cnt_56d,model_vars_category,-1000000
bank_txn_category_travel_credit_cnt_7d,model_vars_category,-1000000
bank_txn_category_travel_credit_cnt_84d,model_vars_category,-1000000
bank_txn_category_travel_debit_amt_14d,model_vars_category,-1000000
bank_txn_category_travel_debit_amt_168d,model_vars_category,-1000000
bank_txn_category_travel_debit_amt_182d,model_vars_category,-1000000
bank_txn_category_travel_debit_amt_28d,model_vars_category,-1000000
bank_txn_category_travel_debit_amt_56d,model_vars_category,-1000000
bank_txn_category_travel_debit_amt_7d,model_vars_category,-1000000
bank_txn_category_travel_debit_amt_84d,model_vars_category,-1000000
bank_txn_category_travel_debit_cnt_14d,model_vars_category,-1000000
bank_txn_category_travel_debit_cnt_168d,model_vars_category,-1000000
bank_txn_category_travel_debit_cnt_182d,model_vars_category,-1000000
bank_txn_category_travel_debit_cnt_28d,model_vars_category,-1000000
bank_txn_category_travel_debit_cnt_56d,model_vars_category,-1000000
bank_txn_category_travel_debit_cnt_7d,model_vars_category,-1000000
bank_txn_category_travel_debit_cnt_84d,model_vars_category,-1000000
bank_txn_category_travel_share_14d,model_vars_category,-1000000
bank_txn_category_travel_share_168d,model_vars_category,-1000000
bank_txn_category_travel_share_182d,model_vars_category,-1000000
bank_txn_category_travel_share_28d,model_vars_category,-1000000
bank_txn_category_travel_share_56d,model_vars_category,-1000000
bank_txn_category_travel_share_7d,model_vars_category,-1000000
bank_txn_category_travel_share_84d,model_vars_category,-1000000
bank_txn_category_txn_freq_per_active_day_14d,model_vars_category,-1000000
bank_txn_category_txn_freq_per_active_day_168d,model_vars_category,-1000000
bank_txn_category_txn_freq_per_active_day_182d,model_vars_category,-1000000
bank_txn_category_txn_freq_per_active_day_28d,model_vars_category,-1000000
bank_txn_category_txn_freq_per_active_day_56d,model_vars_category,-1000000
bank_txn_category_txn_freq_per_active_day_7d,model_vars_category,-1000000
bank_txn_category_txn_freq_per_active_day_84d,model_vars_category,-1000000
bank_txn_category_utilities_amt_14d,model_vars_category,-1000000
bank_txn_category_utilities_amt_168d,model_vars_category,-1000000
bank_txn_category_utilities_amt_182d,model_vars_category,-1000000
bank_txn_category_utilities_amt_28d,model_vars_category,-1000000
bank_txn_category_utilities_amt_56d,model_vars_category,-1000000
bank_txn_category_utilities_amt_7d,model_vars_category,-1000000
bank_txn_category_utilities_amt_84d,model_vars_category,-1000000
bank_txn_category_utilities_avg_ticket_14d,model_vars_category,-1000000
bank_txn_category_utilities_avg_ticket_168d,model_vars_category,-1000000
bank_txn_category_utilities_avg_ticket_182d,model_vars_category,-1000000
bank_txn_category_utilities_avg_ticket_28d,model_vars_category,-1000000
bank_txn_category_utilities_avg_ticket_56d,model_vars_category,-1000000
bank_txn_category_utilities_avg_ticket_7d,model_vars_category,-1000000
bank_txn_category_utilities_avg_ticket_84d,model_vars_category,-1000000
bank_txn_category_utilities_cnt_14d,model_vars_category,-1000000
bank_txn_category_utilities_cnt_168d,model_vars_category,-1000000
bank_txn_category_utilities_cnt_182d,model_vars_category,-1000000
bank_txn_category_utilities_cnt_28d,model_vars_category,-1000000
bank_txn_category_utilities_cnt_56d,model_vars_category,-1000000
bank_txn_category_utilities_cnt_7d,model_vars_category,-1000000
bank_txn_category_utilities_cnt_84d,model_vars_category,-1000000
bank_txn_category_utilities_credit_amt_14d,model_vars_category,-1000000
bank_txn_category_utilities_credit_amt_168d,model_vars_category,-1000000
bank_txn_category_utilities_credit_amt_182d,model_vars_category,-1000000
bank_txn_category_utilities_credit_amt_28d,model_vars_category,-1000000
bank_txn_category_utilities_credit_amt_56d,model_vars_category,-1000000
bank_txn_category_utilities_credit_amt_7d,model_vars_category,-1000000
bank_txn_category_utilities_credit_amt_84d,model_vars_category,-1000000
bank_txn_category_utilities_credit_cnt_14d,model_vars_category,-1000000
bank_txn_category_utilities_credit_cnt_168d,model_vars_category,-1000000
bank_txn_category_utilities_credit_cnt_182d,model_vars_category,-1000000
bank_txn_category_utilities_credit_cnt_28d,model_vars_category,-1000000
bank_txn_category_utilities_credit_cnt_56d,model_vars_category,-1000000
bank_txn_category_utilities_credit_cnt_7d,model_vars_category,-1000000
bank_txn_category_utilities_credit_cnt_84d,model_vars_category,-1000000
bank_txn_category_utilities_debit_amt_14d,model_vars_category,-1000000
bank_txn_category_utilities_debit_amt_168d,model_vars_category,-1000000
bank_txn_category_utilities_debit_amt_182d,model_vars_category,-1000000
bank_txn_category_utilities_debit_amt_28d,model_vars_category,-1000000
bank_txn_category_utilities_debit_amt_56d,model_vars_category,-1000000
bank_txn_category_utilities_debit_amt_7d,model_vars_category,-1000000
bank_txn_category_utilities_debit_amt_84d,model_vars_category,-1000000
bank_txn_category_utilities_debit_cnt_14d,model_vars_category,-1000000
bank_txn_category_utilities_debit_cnt_168d,model_vars_category,-1000000
bank_txn_category_utilities_debit_cnt_182d,model_vars_category,-1000000
bank_txn_category_utilities_debit_cnt_28d,model_vars_category,-1000000
bank_txn_category_utilities_debit_cnt_56d,model_vars_category,-1000000
bank_txn_category_utilities_debit_cnt_7d,model_vars_category,-1000000
bank_txn_category_utilities_debit_cnt_84d,model_vars_category,-1000000
bank_txn_category_utilities_share_14d,model_vars_category,-1000000
bank_txn_category_utilities_share_168d,model_vars_category,-1000000
bank_txn_category_utilities_share_182d,model_vars_category,-1000000
bank_txn_category_utilities_share_28d,model_vars_category,-1000000
bank_txn_category_utilities_share_56d,model_vars_category,-1000000
bank_txn_category_utilities_share_7d,model_vars_category,-1000000
bank_txn_category_utilities_share_84d,model_vars_category,-1000000
bank_txn_category_wages_amt_14d,model_vars_category,-1000000
bank_txn_category_wages_amt_168d,model_vars_category,-1000000
bank_txn_category_wages_amt_182d,model_vars_category,-1000000
bank_txn_category_wages_amt_28d,model_vars_category,-1000000
bank_txn_category_wages_amt_56d,model_vars_category,-1000000
bank_txn_category_wages_amt_7d,model_vars_category,-1000000
bank_txn_category_wages_amt_84d,model_vars_category,-1000000
bank_txn_category_wages_avg_ticket_14d,model_vars_category,-1000000
bank_txn_category_wages_avg_ticket_168d,model_vars_category,-1000000
bank_txn_category_wages_avg_ticket_182d,model_vars_category,-1000000
bank_txn_category_wages_avg_ticket_28d,model_vars_category,-1000000
bank_txn_category_wages_avg_ticket_56d,model_vars_category,-1000000
bank_txn_category_wages_avg_ticket_7d,model_vars_category,-1000000
bank_txn_category_wages_avg_ticket_84d,model_vars_category,-1000000
bank_txn_category_wages_cnt_14d,model_vars_category,-1000000
bank_txn_category_wages_cnt_168d,model_vars_category,-1000000
bank_txn_category_wages_cnt_182d,model_vars_category,-1000000
bank_txn_category_wages_cnt_28d,model_vars_category,-1000000
bank_txn_category_wages_cnt_56d,model_vars_category,-1000000
bank_txn_category_wages_cnt_7d,model_vars_category,-1000000
bank_txn_category_wages_cnt_84d,model_vars_category,-1000000
bank_txn_category_wages_credit_amt_14d,model_vars_category,-1000000
bank_txn_category_wages_credit_amt_168d,model_vars_category,-1000000
bank_txn_category_wages_credit_amt_182d,model_vars_category,-1000000
bank_txn_category_wages_credit_amt_28d,model_vars_category,-1000000
bank_txn_category_wages_credit_amt_56d,model_vars_category,-1000000
bank_txn_category_wages_credit_amt_7d,model_vars_category,-1000000
bank_txn_category_wages_credit_amt_84d,model_vars_category,-1000000
bank_txn_category_wages_credit_cnt_14d,model_vars_category,-1000000
bank_txn_category_wages_credit_cnt_168d,model_vars_category,-1000000
bank_txn_category_wages_credit_cnt_182d,model_vars_category,-1000000
bank_txn_category_wages_credit_cnt_28d,model_vars_category,-1000000
bank_txn_category_wages_credit_cnt_56d,model_vars_category,-1000000
bank_txn_category_wages_credit_cnt_7d,model_vars_category,-1000000
bank_txn_category_wages_credit_cnt_84d,model_vars_category,-1000000
bank_txn_category_wages_debit_amt_14d,model_vars_category,-1000000
bank_txn_category_wages_debit_amt_168d,model_vars_category,-1000000
bank_txn_category_wages_debit_amt_182d,model_vars_category,-1000000
bank_txn_category_wages_debit_amt_28d,model_vars_category,-1000000
bank_txn_category_wages_debit_amt_56d,model_vars_category,-1000000
bank_txn_category_wages_debit_amt_7d,model_vars_category,-1000000
bank_txn_category_wages_debit_amt_84d,model_vars_category,-1000000
bank_txn_category_wages_debit_cnt_14d,model_vars_category,-1000000
bank_txn_category_wages_debit_cnt_168d,model_vars_category,-1000000
bank_txn_category_wages_debit_cnt_182d,model_vars_category,-1000000
bank_txn_category_wages_debit_cnt_28d,model_vars_category,-1000000
bank_txn_category_wages_debit_cnt_56d,model_vars_category,-1000000
bank_txn_category_wages_debit_cnt_7d,model_vars_category,-1000000
bank_txn_category_wages_debit_cnt_84d,model_vars_category,-1000000
bank_txn_category_wages_share_14d,model_vars_category,-1000000
bank_txn_category_wages_share_168d,model_vars_category,-1000000
bank_txn_category_wages_share_182d,model_vars_category,-1000000
bank_txn_category_wages_share_28d,model_vars_category,-1000000
bank_txn_category_wages_share_56d,model_vars_category,-1000000
bank_txn_category_wages_share_7d,model_vars_category,-1000000
bank_txn_category_wages_share_84d,model_vars_category,-1000000
bank_txn_category_weekend_share_14d,model_vars_category,-1000000
bank_txn_category_weekend_share_168d,model_vars_category,-1000000
bank_txn_category_weekend_share_182d,model_vars_category,-1000000
bank_txn_category_weekend_share_28d,model_vars_category,-1000000
bank_txn_category_weekend_share_56d,model_vars_category,-1000000
bank_txn_category_weekend_share_7d,model_vars_category,-1000000
bank_txn_category_weekend_share_84d,model_vars_category,-1000000
bank_txn_income_centrelink_amount_123d,model_vars_income,-1000000
bank_txn_income_centrelink_amount_124_153d,model_vars_income,-1000000
bank_txn_income_centrelink_amount_153d,model_vars_income,-1000000
bank_txn_income_centrelink_amount_154_184d,model_vars_income,-1000000
bank_txn_income_centrelink_amount_184d,model_vars_income,-1000000
bank_txn_income_centrelink_amount_31d,model_vars_income,-1000000
bank_txn_income_centrelink_amount_32_62d,model_vars_income,-1000000
bank_txn_income_centrelink_amount_62d,model_vars_income,-1000000
bank_txn_income_centrelink_amount_63_92d,model_vars_income,-1000000
bank_txn_income_centrelink_amount_92d,model_vars_income,-1000000
bank_txn_income_centrelink_amount_93_123d,model_vars_income,-1000000
bank_txn_income_centrelink_amountcv_past3months,model_vars_income,-1000000
bank_txn_income_centrelink_amountcv_past4months,model_vars_income,-1000000
bank_txn_income_centrelink_amountcv_past5months,model_vars_income,-1000000
bank_txn_income_centrelink_amountcv_past6months,model_vars_income,-1000000
bank_txn_income_centrelink_amountproportion_31d_184d,model_vars_income,-1000000
bank_txn_income_centrelink_amountproportion_31d_62d,model_vars_income,-1000000
bank_txn_income_centrelink_amountproportion_31d_92d,model_vars_income,-1000000
bank_txn_income_centrelink_amountproportion_62d_123d,model_vars_income,-1000000
bank_txn_income_centrelink_amountproportion_62d_184d,model_vars_income,-1000000
bank_txn_income_centrelink_amountproportion_92d_184d,model_vars_income,-1000000
bank_txn_income_centrelink_count_123d,model_vars_income,-1000000
bank_txn_income_centrelink_count_153d,model_vars_income,-1000000
bank_txn_income_centrelink_count_184d,model_vars_income,-1000000
bank_txn_income_centrelink_count_31d,model_vars_income,-1000000
bank_txn_income_centrelink_count_62d,model_vars_income,-1000000
bank_txn_income_centrelink_count_92d,model_vars_income,-1000000
bank_txn_income_centrelink_maxamount_123d,model_vars_income,-1000000
bank_txn_income_centrelink_maxamount_153d,model_vars_income,-1000000
bank_txn_income_centrelink_maxamount_184d,model_vars_income,-1000000
bank_txn_income_centrelink_maxamount_31d,model_vars_income,-1000000
bank_txn_income_centrelink_maxamount_62d,model_vars_income,-1000000
bank_txn_income_centrelink_maxamount_92d,model_vars_income,-1000000
bank_txn_income_centrelink_maxamount_singlemth_propotion_3mths,model_vars_income,-1000000
bank_txn_income_centrelink_maxamount_singlemth_propotion_6mths,model_vars_income,-1000000
bank_txn_income_income_amount_123d,model_vars_income,-1000000
bank_txn_income_income_amount_124_153d,model_vars_income,-1000000
bank_txn_income_income_amount_153d,model_vars_income,-1000000
bank_txn_income_income_amount_154_184d,model_vars_income,-1000000
bank_txn_income_income_amount_184d,model_vars_income,-1000000
bank_txn_income_income_amount_31d,model_vars_income,-1000000
bank_txn_income_income_amount_32_62d,model_vars_income,-1000000
bank_txn_income_income_amount_62d,model_vars_income,-1000000
bank_txn_income_income_amount_63_92d,model_vars_income,-1000000
bank_txn_income_income_amount_92d,model_vars_income,-1000000
bank_txn_income_income_amount_93_123d,model_vars_income,-1000000
bank_txn_income_income_amountcv_past3months,model_vars_income,-1000000
bank_txn_income_income_amountcv_past4months,model_vars_income,-1000000
bank_txn_income_income_amountcv_past5months,model_vars_income,-1000000
bank_txn_income_income_amountcv_past6months,model_vars_income,-1000000
bank_txn_income_income_amountproportion_31d_184d,model_vars_income,-1000000
bank_txn_income_income_amountproportion_31d_62d,model_vars_income,-1000000
bank_txn_income_income_amountproportion_31d_92d,model_vars_income,-1000000
bank_txn_income_income_amountproportion_62d_123d,model_vars_income,-1000000
bank_txn_income_income_amountproportion_62d_184d,model_vars_income,-1000000
bank_txn_income_income_amountproportion_92d_184d,model_vars_income,-1000000
bank_txn_income_income_count_123d,model_vars_income,-1000000
bank_txn_income_income_count_153d,model_vars_income,-1000000
bank_txn_income_income_count_184d,model_vars_income,-1000000
bank_txn_income_income_count_31d,model_vars_income,-1000000
bank_txn_income_income_count_62d,model_vars_income,-1000000
bank_txn_income_income_count_92d,model_vars_income,-1000000
bank_txn_income_income_maxamount_123d,model_vars_income,-1000000
bank_txn_income_income_maxamount_153d,model_vars_income,-1000000
bank_txn_income_income_maxamount_184d,model_vars_income,-1000000
bank_txn_income_income_maxamount_31d,model_vars_income,-1000000
bank_txn_income_income_maxamount_62d,model_vars_income,-1000000
bank_txn_income_income_maxamount_92d,model_vars_income,-1000000
bank_txn_income_income_maxamount_singlemth_propotion_3mths,model_vars_income,-1000000
bank_txn_income_income_maxamount_singlemth_propotion_6mths,model_vars_income,-1000000
bank_txn_income_last3mth_centrelink_mthcount,model_vars_income,-1000000
bank_txn_income_last3mth_income_mthcount,model_vars_income,-1000000
bank_txn_income_last3mth_wage_mthcount,model_vars_income,-1000000
bank_txn_income_last4mth_centrelink_mthcount,model_vars_income,-1000000
bank_txn_income_last4mth_income_mthcount,model_vars_income,-1000000
bank_txn_income_last4mth_wage_mthcount,model_vars_income,-1000000
bank_txn_income_last5mth_centrelink_mthcount,model_vars_income,-1000000
bank_txn_income_last5mth_income_mthcount,model_vars_income,-1000000
bank_txn_income_last5mth_wage_mthcount,model_vars_income,-1000000
bank_txn_income_last6mth_centrelink_mthcount,model_vars_income,-1000000
bank_txn_income_last6mth_income_mthcount,model_vars_income,-1000000
bank_txn_income_last6mth_monm_centrelink_amount_incrementnumber,model_vars_income,-1000000
bank_txn_income_last6mth_monm_income_amount_incrementnumber,model_vars_income,-1000000
bank_txn_income_last6mth_monm_wage_amount_incrementnumber,model_vars_income,-1000000
bank_txn_income_last6mth_wage_mthcount,model_vars_income,-1000000
bank_txn_income_wage_amount_123d,model_vars_income,-1000000
bank_txn_income_wage_amount_124_153d,model_vars_income,-1000000
bank_txn_income_wage_amount_153d,model_vars_income,-1000000
bank_txn_income_wage_amount_154_184d,model_vars_income,-1000000
bank_txn_income_wage_amount_184d,model_vars_income,-1000000
bank_txn_income_wage_amount_31d,model_vars_income,-1000000
bank_txn_income_wage_amount_32_62d,model_vars_income,-1000000
bank_txn_income_wage_amount_62d,model_vars_income,-1000000
bank_txn_income_wage_amount_63_92d,model_vars_income,-1000000
bank_txn_income_wage_amount_92d,model_vars_income,-1000000
bank_txn_income_wage_amount_93_123d,model_vars_income,-1000000
bank_txn_income_wage_amountcv_past3months,model_vars_income,-1000000
bank_txn_income_wage_amountcv_past4months,model_vars_income,-1000000
bank_txn_income_wage_amountcv_past5months,model_vars_income,-1000000
bank_txn_income_wage_amountcv_past6months,model_vars_income,-1000000
bank_txn_income_wage_amountproportion_31d_184d,model_vars_income,-1000000
bank_txn_income_wage_amountproportion_31d_62d,model_vars_income,-1000000
bank_txn_income_wage_amountproportion_31d_92d,model_vars_income,-1000000
bank_txn_income_wage_amountproportion_62d_123d,model_vars_income,-1000000
bank_txn_income_wage_amountproportion_62d_184d,model_vars_income,-1000000
bank_txn_income_wage_amountproportion_92d_184d,model_vars_income,-1000000
bank_txn_income_wage_count_123d,model_vars_income,-1000000
bank_txn_income_wage_count_153d,model_vars_income,-1000000
bank_txn_income_wage_count_184d,model_vars_income,-1000000
bank_txn_income_wage_count_31d,model_vars_income,-1000000
bank_txn_income_wage_count_62d,model_vars_income,-1000000
bank_txn_income_wage_count_92d,model_vars_income,-1000000
bank_txn_income_wage_maxamount_123d,model_vars_income,-1000000
bank_txn_income_wage_maxamount_153d,model_vars_income,-1000000
bank_txn_income_wage_maxamount_184d,model_vars_income,-1000000
bank_txn_income_wage_maxamount_31d,model_vars_income,-1000000
bank_txn_income_wage_maxamount_62d,model_vars_income,-1000000
bank_txn_income_wage_maxamount_92d,model_vars_income,-1000000
bank_txn_income_wage_maxamount_singlemth_propotion_3mths,model_vars_income,-1000000
bank_txn_income_wage_maxamount_singlemth_propotion_6mths,model_vars_income,-1000000
bank_txn_lender_disburse_advance_amount_avg,model_vars_lender,-1
bank_txn_lender_disburse_advance_amount_avg_l14d,model_vars_lender,-1
bank_txn_lender_disburse_advance_amount_avg_l168d,model_vars_lender,-1
bank_txn_lender_disburse_advance_amount_avg_l182d,model_vars_lender,-1
bank_txn_lender_disburse_advance_amount_avg_l1d,model_vars_lender,-1
bank_txn_lender_disburse_advance_amount_avg_l28d,model_vars_lender,-1
bank_txn_lender_disburse_advance_amount_avg_l3d,model_vars_lender,-1
bank_txn_lender_disburse_advance_amount_avg_l56d,model_vars_lender,-1
bank_txn_lender_disburse_advance_amount_avg_l7d,model_vars_lender,-1
bank_txn_lender_disburse_advance_amount_avg_l84d,model_vars_lender,-1
bank_txn_lender_disburse_advance_amount_max,model_vars_lender,-1
bank_txn_lender_disburse_advance_amount_max_l14d,model_vars_lender,-1
bank_txn_lender_disburse_advance_amount_max_l168d,model_vars_lender,-1
bank_txn_lender_disburse_advance_amount_max_l182d,model_vars_lender,-1
bank_txn_lender_disburse_advance_amount_max_l1d,model_vars_lender,-1
bank_txn_lender_disburse_advance_amount_max_l28d,model_vars_lender,-1
bank_txn_lender_disburse_advance_amount_max_l3d,model_vars_lender,-1
bank_txn_lender_disburse_advance_amount_max_l56d,model_vars_lender,-1
bank_txn_lender_disburse_advance_amount_max_l7d,model_vars_lender,-1
bank_txn_lender_disburse_advance_amount_max_l84d,model_vars_lender,-1
bank_txn_lender_disburse_advance_amount_min,model_vars_lender,-1
bank_txn_lender_disburse_advance_amount_min_l14d,model_vars_lender,-1
bank_txn_lender_disburse_advance_amount_min_l168d,model_vars_lender,-1
bank_txn_lender_disburse_advance_amount_min_l182d,model_vars_lender,-1
bank_txn_lender_disburse_advance_amount_min_l1d,model_vars_lender,-1
bank_txn_lender_disburse_advance_amount_min_l28d,model_vars_lender,-1
bank_txn_lender_disburse_advance_amount_min_l3d,model_vars_lender,-1
bank_txn_lender_disburse_advance_amount_min_l56d,model_vars_lender,-1
bank_txn_lender_disburse_advance_amount_min_l7d,model_vars_lender,-1
bank_txn_lender_disburse_advance_amount_min_l84d,model_vars_lender,-1
bank_txn_lender_disburse_advance_amount_sum,model_vars_lender,-1
bank_txn_lender_disburse_advance_amount_sum_l14d,model_vars_lender,-1
bank_txn_lender_disburse_advance_amount_sum_l168d,model_vars_lender,-1
bank_txn_lender_disburse_advance_amount_sum_l182d,model_vars_lender,-1
bank_txn_lender_disburse_advance_amount_sum_l1d,model_vars_lender,-1
bank_txn_lender_disburse_advance_amount_sum_l28d,model_vars_lender,-1
bank_txn_lender_disburse_advance_amount_sum_l3d,model_vars_lender,-1
bank_txn_lender_disburse_advance_amount_sum_l56d,model_vars_lender,-1
bank_txn_lender_disburse_advance_amount_sum_l7d,model_vars_lender,-1
bank_txn_lender_disburse_advance_amount_sum_l84d,model_vars_lender,-1
bank_txn_lender_disburse_advance_count,model_vars_lender,-1
bank_txn_lender_disburse_advance_count_l14d,model_vars_lender,-1
bank_txn_lender_disburse_advance_count_l168d,model_vars_lender,-1
bank_txn_lender_disburse_advance_count_l182d,model_vars_lender,-1
bank_txn_lender_disburse_advance_count_l1d,model_vars_lender,-1
bank_txn_lender_disburse_advance_count_l28d,model_vars_lender,-1
bank_txn_lender_disburse_advance_count_l3d,model_vars_lender,-1
bank_txn_lender_disburse_advance_count_l56d,model_vars_lender,-1
bank_txn_lender_disburse_advance_count_l7d,model_vars_lender,-1
bank_txn_lender_disburse_advance_count_l84d,model_vars_lender,-1
bank_txn_lender_disburse_advance_jgs,model_vars_lender,-1
bank_txn_lender_disburse_advance_jgs_l14d,model_vars_lender,-1
bank_txn_lender_disburse_advance_jgs_l168d,model_vars_lender,-1
bank_txn_lender_disburse_advance_jgs_l182d,model_vars_lender,-1
bank_txn_lender_disburse_advance_jgs_l1d,model_vars_lender,-1
bank_txn_lender_disburse_advance_jgs_l28d,model_vars_lender,-1
bank_txn_lender_disburse_advance_jgs_l3d,model_vars_lender,-1
bank_txn_lender_disburse_advance_jgs_l56d,model_vars_lender,-1
bank_txn_lender_disburse_advance_jgs_l7d,model_vars_lender,-1
bank_txn_lender_disburse_advance_jgs_l84d,model_vars_lender,-1
bank_txn_lender_disburse_amount_avg,model_vars_lender,-1
bank_txn_lender_disburse_amount_avg_l14d,model_vars_lender,-1
bank_txn_lender_disburse_amount_avg_l168d,model_vars_lender,-1
bank_txn_lender_disburse_amount_avg_l182d,model_vars_lender,-1
bank_txn_lender_disburse_amount_avg_l1d,model_vars_lender,-1
bank_txn_lender_disburse_amount_avg_l28d,model_vars_lender,-1
bank_txn_lender_disburse_amount_avg_l3d,model_vars_lender,-1
bank_txn_lender_disburse_amount_avg_l56d,model_vars_lender,-1
bank_txn_lender_disburse_amount_avg_l7d,model_vars_lender,-1
bank_txn_lender_disburse_amount_avg_l84d,model_vars_lender,-1
bank_txn_lender_disburse_amount_max,model_vars_lender,-1
bank_txn_lender_disburse_amount_max_l14d,model_vars_lender,-1
bank_txn_lender_disburse_amount_max_l168d,model_vars_lender,-1
bank_txn_lender_disburse_amount_max_l182d,model_vars_lender,-1
bank_txn_lender_disburse_amount_max_l1d,model_vars_lender,-1
bank_txn_lender_disburse_amount_max_l28d,model_vars_lender,-1
bank_txn_lender_disburse_amount_max_l3d,model_vars_lender,-1
bank_txn_lender_disburse_amount_max_l56d,model_vars_lender,-1
bank_txn_lender_disburse_amount_max_l7d,model_vars_lender,-1
bank_txn_lender_disburse_amount_max_l84d,model_vars_lender,-1
bank_txn_lender_disburse_amount_min,model_vars_lender,-1
bank_txn_lender_disburse_amount_min_l14d,model_vars_lender,-1
bank_txn_lender_disburse_amount_min_l168d,model_vars_lender,-1
bank_txn_lender_disburse_amount_min_l182d,model_vars_lender,-1
bank_txn_lender_disburse_amount_min_l1d,model_vars_lender,-1
bank_txn_lender_disburse_amount_min_l28d,model_vars_lender,-1
bank_txn_lender_disburse_amount_min_l3d,model_vars_lender,-1
bank_txn_lender_disburse_amount_min_l56d,model_vars_lender,-1
bank_txn_lender_disburse_amount_min_l7d,model_vars_lender,-1
bank_txn_lender_disburse_amount_min_l84d,model_vars_lender,-1
bank_txn_lender_disburse_amount_sum,model_vars_lender,-1
bank_txn_lender_disburse_amount_sum_l14d,model_vars_lender,-1
bank_txn_lender_disburse_amount_sum_l168d,model_vars_lender,-1
bank_txn_lender_disburse_amount_sum_l182d,model_vars_lender,-1
bank_txn_lender_disburse_amount_sum_l1d,model_vars_lender,-1
bank_txn_lender_disburse_amount_sum_l28d,model_vars_lender,-1
bank_txn_lender_disburse_amount_sum_l3d,model_vars_lender,-1
bank_txn_lender_disburse_amount_sum_l56d,model_vars_lender,-1
bank_txn_lender_disburse_amount_sum_l7d,model_vars_lender,-1
bank_txn_lender_disburse_amount_sum_l84d,model_vars_lender,-1
bank_txn_lender_disburse_bank_amount_avg,model_vars_lender,-1
bank_txn_lender_disburse_bank_amount_avg_l14d,model_vars_lender,-1
bank_txn_lender_disburse_bank_amount_avg_l168d,model_vars_lender,-1
bank_txn_lender_disburse_bank_amount_avg_l182d,model_vars_lender,-1
bank_txn_lender_disburse_bank_amount_avg_l1d,model_vars_lender,-1
bank_txn_lender_disburse_bank_amount_avg_l28d,model_vars_lender,-1
bank_txn_lender_disburse_bank_amount_avg_l3d,model_vars_lender,-1
bank_txn_lender_disburse_bank_amount_avg_l56d,model_vars_lender,-1
bank_txn_lender_disburse_bank_amount_avg_l7d,model_vars_lender,-1
bank_txn_lender_disburse_bank_amount_avg_l84d,model_vars_lender,-1
bank_txn_lender_disburse_bank_amount_max,model_vars_lender,-1
bank_txn_lender_disburse_bank_amount_max_l14d,model_vars_lender,-1
bank_txn_lender_disburse_bank_amount_max_l168d,model_vars_lender,-1
bank_txn_lender_disburse_bank_amount_max_l182d,model_vars_lender,-1
bank_txn_lender_disburse_bank_amount_max_l1d,model_vars_lender,-1
bank_txn_lender_disburse_bank_amount_max_l28d,model_vars_lender,-1
bank_txn_lender_disburse_bank_amount_max_l3d,model_vars_lender,-1
bank_txn_lender_disburse_bank_amount_max_l56d,model_vars_lender,-1
bank_txn_lender_disburse_bank_amount_max_l7d,model_vars_lender,-1
bank_txn_lender_disburse_bank_amount_max_l84d,model_vars_lender,-1
bank_txn_lender_disburse_bank_amount_min,model_vars_lender,-1
bank_txn_lender_disburse_bank_amount_min_l14d,model_vars_lender,-1
bank_txn_lender_disburse_bank_amount_min_l168d,model_vars_lender,-1
bank_txn_lender_disburse_bank_amount_min_l182d,model_vars_lender,-1
bank_txn_lender_disburse_bank_amount_min_l1d,model_vars_lender,-1
bank_txn_lender_disburse_bank_amount_min_l28d,model_vars_lender,-1
bank_txn_lender_disburse_bank_amount_min_l3d,model_vars_lender,-1
bank_txn_lender_disburse_bank_amount_min_l56d,model_vars_lender,-1
bank_txn_lender_disburse_bank_amount_min_l7d,model_vars_lender,-1
bank_txn_lender_disburse_bank_amount_min_l84d,model_vars_lender,-1
bank_txn_lender_disburse_bank_amount_sum,model_vars_lender,-1
bank_txn_lender_disburse_bank_amount_sum_l14d,model_vars_lender,-1
bank_txn_lender_disburse_bank_amount_sum_l168d,model_vars_lender,-1
bank_txn_lender_disburse_bank_amount_sum_l182d,model_vars_lender,-1
bank_txn_lender_disburse_bank_amount_sum_l1d,model_vars_lender,-1
bank_txn_lender_disburse_bank_amount_sum_l28d,model_vars_lender,-1
bank_txn_lender_disburse_bank_amount_sum_l3d,model_vars_lender,-1
bank_txn_lender_disburse_bank_amount_sum_l56d,model_vars_lender,-1
bank_txn_lender_disburse_bank_amount_sum_l7d,model_vars_lender,-1
bank_txn_lender_disburse_bank_amount_sum_l84d,model_vars_lender,-1
bank_txn_lender_disburse_bank_count,model_vars_lender,-1
bank_txn_lender_disburse_bank_count_l14d,model_vars_lender,-1
bank_txn_lender_disburse_bank_count_l168d,model_vars_lender,-1
bank_txn_lender_disburse_bank_count_l182d,model_vars_lender,-1
bank_txn_lender_disburse_bank_count_l1d,model_vars_lender,-1
bank_txn_lender_disburse_bank_count_l28d,model_vars_lender,-1
bank_txn_lender_disburse_bank_count_l3d,model_vars_lender,-1
bank_txn_lender_disburse_bank_count_l56d,model_vars_lender,-1
bank_txn_lender_disburse_bank_count_l7d,model_vars_lender,-1
bank_txn_lender_disburse_bank_count_l84d,model_vars_lender,-1
bank_txn_lender_disburse_bank_jgs,model_vars_lender,-1
bank_txn_lender_disburse_bank_jgs_l14d,model_vars_lender,-1
bank_txn_lender_disburse_bank_jgs_l168d,model_vars_lender,-1
bank_txn_lender_disburse_bank_jgs_l182d,model_vars_lender,-1
bank_txn_lender_disburse_bank_jgs_l1d,model_vars_lender,-1
bank_txn_lender_disburse_bank_jgs_l28d,model_vars_lender,-1
bank_txn_lender_disburse_bank_jgs_l3d,model_vars_lender,-1
bank_txn_lender_disburse_bank_jgs_l56d,model_vars_lender,-1
bank_txn_lender_disburse_bank_jgs_l7d,model_vars_lender,-1
bank_txn_lender_disburse_bank_jgs_l84d,model_vars_lender,-1
bank_txn_lender_disburse_bnpl_amount_avg,model_vars_lender,-1
bank_txn_lender_disburse_bnpl_amount_avg_l14d,model_vars_lender,-1
bank_txn_lender_disburse_bnpl_amount_avg_l168d,model_vars_lender,-1
bank_txn_lender_disburse_bnpl_amount_avg_l182d,model_vars_lender,-1
bank_txn_lender_disburse_bnpl_amount_avg_l1d,model_vars_lender,-1
bank_txn_lender_disburse_bnpl_amount_avg_l28d,model_vars_lender,-1
bank_txn_lender_disburse_bnpl_amount_avg_l3d,model_vars_lender,-1
bank_txn_lender_disburse_bnpl_amount_avg_l56d,model_vars_lender,-1
bank_txn_lender_disburse_bnpl_amount_avg_l7d,model_vars_lender,-1
bank_txn_lender_disburse_bnpl_amount_avg_l84d,model_vars_lender,-1
bank_txn_lender_disburse_bnpl_amount_max,model_vars_lender,-1
bank_txn_lender_disburse_bnpl_amount_max_l14d,model_vars_lender,-1
bank_txn_lender_disburse_bnpl_amount_max_l168d,model_vars_lender,-1
bank_txn_lender_disburse_bnpl_amount_max_l182d,model_vars_lender,-1
bank_txn_lender_disburse_bnpl_amount_max_l1d,model_vars_lender,-1
bank_txn_lender_disburse_bnpl_amount_max_l28d,model_vars_lender,-1
bank_txn_lender_disburse_bnpl_amount_max_l3d,model_vars_lender,-1
bank_txn_lender_disburse_bnpl_amount_max_l56d,model_vars_lender,-1
bank_txn_lender_disburse_bnpl_amount_max_l7d,model_vars_lender,-1
bank_txn_lender_disburse_bnpl_amount_max_l84d,model_vars_lender,-1
bank_txn_lender_disburse_bnpl_amount_min,model_vars_lender,-1
bank_txn_lender_disburse_bnpl_amount_min_l14d,model_vars_lender,-1
bank_txn_lender_disburse_bnpl_amount_min_l168d,model_vars_lender,-1
bank_txn_lender_disburse_bnpl_amount_min_l182d,model_vars_lender,-1
bank_txn_lender_disburse_bnpl_amount_min_l1d,model_vars_lender,-1
bank_txn_lender_disburse_bnpl_amount_min_l28d,model_vars_lender,-1
bank_txn_lender_disburse_bnpl_amount_min_l3d,model_vars_lender,-1
bank_txn_lender_disburse_bnpl_amount_min_l56d,model_vars_lender,-1
bank_txn_lender_disburse_bnpl_amount_min_l7d,model_vars_lender,-1
bank_txn_lender_disburse_bnpl_amount_min_l84d,model_vars_lender,-1
bank_txn_lender_disburse_bnpl_amount_sum,model_vars_lender,-1
bank_txn_lender_disburse_bnpl_amount_sum_l14d,model_vars_lender,-1
bank_txn_lender_disburse_bnpl_amount_sum_l168d,model_vars_lender,-1
bank_txn_lender_disburse_bnpl_amount_sum_l182d,model_vars_lender,-1
bank_txn_lender_disburse_bnpl_amount_sum_l1d,model_vars_lender,-1
bank_txn_lender_disburse_bnpl_amount_sum_l28d,model_vars_lender,-1
bank_txn_lender_disburse_bnpl_amount_sum_l3d,model_vars_lender,-1
bank_txn_lender_disburse_bnpl_amount_sum_l56d,model_vars_lender,-1
bank_txn_lender_disburse_bnpl_amount_sum_l7d,model_vars_lender,-1
bank_txn_lender_disburse_bnpl_amount_sum_l84d,model_vars_lender,-1
bank_txn_lender_disburse_bnpl_count,model_vars_lender,-1
bank_txn_lender_disburse_bnpl_count_l14d,model_vars_lender,-1
bank_txn_lender_disburse_bnpl_count_l168d,model_vars_lender,-1
bank_txn_lender_disburse_bnpl_count_l182d,model_vars_lender,-1
bank_txn_lender_disburse_bnpl_count_l1d,model_vars_lender,-1
bank_txn_lender_disburse_bnpl_count_l28d,model_vars_lender,-1
bank_txn_lender_disburse_bnpl_count_l3d,model_vars_lender,-1
bank_txn_lender_disburse_bnpl_count_l56d,model_vars_lender,-1
bank_txn_lender_disburse_bnpl_count_l7d,model_vars_lender,-1
bank_txn_lender_disburse_bnpl_count_l84d,model_vars_lender,-1
bank_txn_lender_disburse_bnpl_jgs,model_vars_lender,-1
bank_txn_lender_disburse_bnpl_jgs_l14d,model_vars_lender,-1
bank_txn_lender_disburse_bnpl_jgs_l168d,model_vars_lender,-1
bank_txn_lender_disburse_bnpl_jgs_l182d,model_vars_lender,-1
bank_txn_lender_disburse_bnpl_jgs_l1d,model_vars_lender,-1
bank_txn_lender_disburse_bnpl_jgs_l28d,model_vars_lender,-1
bank_txn_lender_disburse_bnpl_jgs_l3d,model_vars_lender,-1
bank_txn_lender_disburse_bnpl_jgs_l56d,model_vars_lender,-1
bank_txn_lender_disburse_bnpl_jgs_l7d,model_vars_lender,-1
bank_txn_lender_disburse_bnpl_jgs_l84d,model_vars_lender,-1
bank_txn_lender_disburse_count,model_vars_lender,-1
bank_txn_lender_disburse_count_l14d,model_vars_lender,-1
bank_txn_lender_disburse_count_l168d,model_vars_lender,-1
bank_txn_lender_disburse_count_l182d,model_vars_lender,-1
bank_txn_lender_disburse_count_l1d,model_vars_lender,-1
bank_txn_lender_disburse_count_l28d,model_vars_lender,-1
bank_txn_lender_disburse_count_l3d,model_vars_lender,-1
bank_txn_lender_disburse_count_l56d,model_vars_lender,-1
bank_txn_lender_disburse_count_l7d,model_vars_lender,-1
bank_txn_lender_disburse_count_l84d,model_vars_lender,-1
bank_txn_lender_disburse_jgs,model_vars_lender,-1
bank_txn_lender_disburse_jgs_l14d,model_vars_lender,-1
bank_txn_lender_disburse_jgs_l168d,model_vars_lender,-1
bank_txn_lender_disburse_jgs_l182d,model_vars_lender,-1
bank_txn_lender_disburse_jgs_l1d,model_vars_lender,-1
bank_txn_lender_disburse_jgs_l28d,model_vars_lender,-1
bank_txn_lender_disburse_jgs_l3d,model_vars_lender,-1
bank_txn_lender_disburse_jgs_l56d,model_vars_lender,-1
bank_txn_lender_disburse_jgs_l7d,model_vars_lender,-1
bank_txn_lender_disburse_jgs_l84d,model_vars_lender,-1
bank_txn_lender_disburse_loan_amount_avg,model_vars_lender,-1
bank_txn_lender_disburse_loan_amount_avg_l14d,model_vars_lender,-1
bank_txn_lender_disburse_loan_amount_avg_l168d,model_vars_lender,-1
bank_txn_lender_disburse_loan_amount_avg_l182d,model_vars_lender,-1
bank_txn_lender_disburse_loan_amount_avg_l1d,model_vars_lender,-1
bank_txn_lender_disburse_loan_amount_avg_l28d,model_vars_lender,-1
bank_txn_lender_disburse_loan_amount_avg_l3d,model_vars_lender,-1
bank_txn_lender_disburse_loan_amount_avg_l56d,model_vars_lender,-1
bank_txn_lender_disburse_loan_amount_avg_l7d,model_vars_lender,-1
bank_txn_lender_disburse_loan_amount_avg_l84d,model_vars_lender,-1
bank_txn_lender_disburse_loan_amount_max,model_vars_lender,-1
bank_txn_lender_disburse_loan_amount_max_l14d,model_vars_lender,-1
bank_txn_lender_disburse_loan_amount_max_l168d,model_vars_lender,-1
bank_txn_lender_disburse_loan_amount_max_l182d,model_vars_lender,-1
bank_txn_lender_disburse_loan_amount_max_l1d,model_vars_lender,-1
bank_txn_lender_disburse_loan_amount_max_l28d,model_vars_lender,-1
bank_txn_lender_disburse_loan_amount_max_l3d,model_vars_lender,-1
bank_txn_lender_disburse_loan_amount_max_l56d,model_vars_lender,-1
bank_txn_lender_disburse_loan_amount_max_l7d,model_vars_lender,-1
bank_txn_lender_disburse_loan_amount_max_l84d,model_vars_lender,-1
bank_txn_lender_disburse_loan_amount_min,model_vars_lender,-1
bank_txn_lender_disburse_loan_amount_min_l14d,model_vars_lender,-1
bank_txn_lender_disburse_loan_amount_min_l168d,model_vars_lender,-1
bank_txn_lender_disburse_loan_amount_min_l182d,model_vars_lender,-1
bank_txn_lender_disburse_loan_amount_min_l1d,model_vars_lender,-1
bank_txn_lender_disburse_loan_amount_min_l28d,model_vars_lender,-1
bank_txn_lender_disburse_loan_amount_min_l3d,model_vars_lender,-1
bank_txn_lender_disburse_loan_amount_min_l56d,model_vars_lender,-1
bank_txn_lender_disburse_loan_amount_min_l7d,model_vars_lender,-1
bank_txn_lender_disburse_loan_amount_min_l84d,model_vars_lender,-1
bank_txn_lender_disburse_loan_amount_sum,model_vars_lender,-1
bank_txn_lender_disburse_loan_amount_sum_l14d,model_vars_lender,-1
bank_txn_lender_disburse_loan_amount_sum_l168d,model_vars_lender,-1
bank_txn_lender_disburse_loan_amount_sum_l182d,model_vars_lender,-1
bank_txn_lender_disburse_loan_amount_sum_l1d,model_vars_lender,-1
bank_txn_lender_disburse_loan_amount_sum_l28d,model_vars_lender,-1
bank_txn_lender_disburse_loan_amount_sum_l3d,model_vars_lender,-1
bank_txn_lender_disburse_loan_amount_sum_l56d,model_vars_lender,-1
bank_txn_lender_disburse_loan_amount_sum_l7d,model_vars_lender,-1
bank_txn_lender_disburse_loan_amount_sum_l84d,model_vars_lender,-1
bank_txn_lender_disburse_loan_count,model_vars_lender,-1
bank_txn_lender_disburse_loan_count_l14d,model_vars_lender,-1
bank_txn_lender_disburse_loan_count_l168d,model_vars_lender,-1
bank_txn_lender_disburse_loan_count_l182d,model_vars_lender,-1
bank_txn_lender_disburse_loan_count_l1d,model_vars_lender,-1
bank_txn_lender_disburse_loan_count_l28d,model_vars_lender,-1
bank_txn_lender_disburse_loan_count_l3d,model_vars_lender,-1
bank_txn_lender_disburse_loan_count_l56d,model_vars_lender,-1
bank_txn_lender_disburse_loan_count_l7d,model_vars_lender,-1
bank_txn_lender_disburse_loan_count_l84d,model_vars_lender,-1
bank_txn_lender_disburse_loan_jgs,model_vars_lender,-1
bank_txn_lender_disburse_loan_jgs_l14d,model_vars_lender,-1
bank_txn_lender_disburse_loan_jgs_l168d,model_vars_lender,-1
bank_txn_lender_disburse_loan_jgs_l182d,model_vars_lender,-1
bank_txn_lender_disburse_loan_jgs_l1d,model_vars_lender,-1
bank_txn_lender_disburse_loan_jgs_l28d,model_vars_lender,-1
bank_txn_lender_disburse_loan_jgs_l3d,model_vars_lender,-1
bank_txn_lender_disburse_loan_jgs_l56d,model_vars_lender,-1
bank_txn_lender_disburse_loan_jgs_l7d,model_vars_lender,-1
bank_txn_lender_disburse_loan_jgs_l84d,model_vars_lender,-1
bank_txn_lender_disburse_single_advance_amount_max,model_vars_lender,-1
bank_txn_lender_disburse_single_advance_count_max,model_vars_lender,-1
bank_txn_lender_disburse_single_amount_max,model_vars_lender,-1
bank_txn_lender_disburse_single_bank_amount_max,model_vars_lender,-1
bank_txn_lender_disburse_single_bank_count_max,model_vars_lender,-1
bank_txn_lender_disburse_single_bnpl_amount_max,model_vars_lender,-1
bank_txn_lender_disburse_single_bnpl_count_max,model_vars_lender,-1
bank_txn_lender_disburse_single_count_max,model_vars_lender,-1
bank_txn_lender_disburse_single_loan_amount_max,model_vars_lender,-1
bank_txn_lender_disburse_single_loan_count_max,model_vars_lender,-1
bank_txn_lender_repay_advance_amount_avg,model_vars_lender,-1
bank_txn_lender_repay_advance_amount_avg_l14d,model_vars_lender,-1
bank_txn_lender_repay_advance_amount_avg_l168d,model_vars_lender,-1
bank_txn_lender_repay_advance_amount_avg_l182d,model_vars_lender,-1
bank_txn_lender_repay_advance_amount_avg_l1d,model_vars_lender,-1
bank_txn_lender_repay_advance_amount_avg_l28d,model_vars_lender,-1
bank_txn_lender_repay_advance_amount_avg_l3d,model_vars_lender,-1
bank_txn_lender_repay_advance_amount_avg_l56d,model_vars_lender,-1
bank_txn_lender_repay_advance_amount_avg_l7d,model_vars_lender,-1
bank_txn_lender_repay_advance_amount_avg_l84d,model_vars_lender,-1
bank_txn_lender_repay_advance_amount_max,model_vars_lender,-1
bank_txn_lender_repay_advance_amount_max_l14d,model_vars_lender,-1
bank_txn_lender_repay_advance_amount_max_l168d,model_vars_lender,-1
bank_txn_lender_repay_advance_amount_max_l182d,model_vars_lender,-1
bank_txn_lender_repay_advance_amount_max_l1d,model_vars_lender,-1
bank_txn_lender_repay_advance_amount_max_l28d,model_vars_lender,-1
bank_txn_lender_repay_advance_amount_max_l3d,model_vars_lender,-1
bank_txn_lender_repay_advance_amount_max_l56d,model_vars_lender,-1
bank_txn_lender_repay_advance_amount_max_l7d,model_vars_lender,-1
bank_txn_lender_repay_advance_amount_max_l84d,model_vars_lender,-1
bank_txn_lender_repay_advance_amount_min,model_vars_lender,-1
bank_txn_lender_repay_advance_amount_min_l14d,model_vars_lender,-1
bank_txn_lender_repay_advance_amount_min_l168d,model_vars_lender,-1
bank_txn_lender_repay_advance_amount_min_l182d,model_vars_lender,-1
bank_txn_lender_repay_advance_amount_min_l1d,model_vars_lender,-1
bank_txn_lender_repay_advance_amount_min_l28d,model_vars_lender,-1
bank_txn_lender_repay_advance_amount_min_l3d,model_vars_lender,-1
bank_txn_lender_repay_advance_amount_min_l56d,model_vars_lender,-1
bank_txn_lender_repay_advance_amount_min_l7d,model_vars_lender,-1
bank_txn_lender_repay_advance_amount_min_l84d,model_vars_lender,-1
bank_txn_lender_repay_advance_amount_sum,model_vars_lender,-1
bank_txn_lender_repay_advance_amount_sum_l14d,model_vars_lender,-1
bank_txn_lender_repay_advance_amount_sum_l168d,model_vars_lender,-1
bank_txn_lender_repay_advance_amount_sum_l182d,model_vars_lender,-1
bank_txn_lender_repay_advance_amount_sum_l1d,model_vars_lender,-1
bank_txn_lender_repay_advance_amount_sum_l28d,model_vars_lender,-1
bank_txn_lender_repay_advance_amount_sum_l3d,model_vars_lender,-1
bank_txn_lender_repay_advance_amount_sum_l56d,model_vars_lender,-1
bank_txn_lender_repay_advance_amount_sum_l7d,model_vars_lender,-1
bank_txn_lender_repay_advance_amount_sum_l84d,model_vars_lender,-1
bank_txn_lender_repay_advance_count,model_vars_lender,-1
bank_txn_lender_repay_advance_count_l14d,model_vars_lender,-1
bank_txn_lender_repay_advance_count_l168d,model_vars_lender,-1
bank_txn_lender_repay_advance_count_l182d,model_vars_lender,-1
bank_txn_lender_repay_advance_count_l1d,model_vars_lender,-1
bank_txn_lender_repay_advance_count_l28d,model_vars_lender,-1
bank_txn_lender_repay_advance_count_l3d,model_vars_lender,-1
bank_txn_lender_repay_advance_count_l56d,model_vars_lender,-1
bank_txn_lender_repay_advance_count_l7d,model_vars_lender,-1
bank_txn_lender_repay_advance_count_l84d,model_vars_lender,-1
bank_txn_lender_repay_advance_jgs,model_vars_lender,-1
bank_txn_lender_repay_advance_jgs_l14d,model_vars_lender,-1
bank_txn_lender_repay_advance_jgs_l168d,model_vars_lender,-1
bank_txn_lender_repay_advance_jgs_l182d,model_vars_lender,-1
bank_txn_lender_repay_advance_jgs_l1d,model_vars_lender,-1
bank_txn_lender_repay_advance_jgs_l28d,model_vars_lender,-1
bank_txn_lender_repay_advance_jgs_l3d,model_vars_lender,-1
bank_txn_lender_repay_advance_jgs_l56d,model_vars_lender,-1
bank_txn_lender_repay_advance_jgs_l7d,model_vars_lender,-1
bank_txn_lender_repay_advance_jgs_l84d,model_vars_lender,-1
bank_txn_lender_repay_amount_avg,model_vars_lender,-1
bank_txn_lender_repay_amount_avg_l14d,model_vars_lender,-1
bank_txn_lender_repay_amount_avg_l168d,model_vars_lender,-1
bank_txn_lender_repay_amount_avg_l182d,model_vars_lender,-1
bank_txn_lender_repay_amount_avg_l1d,model_vars_lender,-1
bank_txn_lender_repay_amount_avg_l28d,model_vars_lender,-1
bank_txn_lender_repay_amount_avg_l3d,model_vars_lender,-1
bank_txn_lender_repay_amount_avg_l56d,model_vars_lender,-1
bank_txn_lender_repay_amount_avg_l7d,model_vars_lender,-1
bank_txn_lender_repay_amount_avg_l84d,model_vars_lender,-1
bank_txn_lender_repay_amount_max,model_vars_lender,-1
bank_txn_lender_repay_amount_max_l14d,model_vars_lender,-1
bank_txn_lender_repay_amount_max_l168d,model_vars_lender,-1
bank_txn_lender_repay_amount_max_l182d,model_vars_lender,-1
bank_txn_lender_repay_amount_max_l1d,model_vars_lender,-1
bank_txn_lender_repay_amount_max_l28d,model_vars_lender,-1
bank_txn_lender_repay_amount_max_l3d,model_vars_lender,-1
bank_txn_lender_repay_amount_max_l56d,model_vars_lender,-1
bank_txn_lender_repay_amount_max_l7d,model_vars_lender,-1
bank_txn_lender_repay_amount_max_l84d,model_vars_lender,-1
bank_txn_lender_repay_amount_min,model_vars_lender,-1
bank_txn_lender_repay_amount_min_l14d,model_vars_lender,-1
bank_txn_lender_repay_amount_min_l168d,model_vars_lender,-1
bank_txn_lender_repay_amount_min_l182d,model_vars_lender,-1
bank_txn_lender_repay_amount_min_l1d,model_vars_lender,-1
bank_txn_lender_repay_amount_min_l28d,model_vars_lender,-1
bank_txn_lender_repay_amount_min_l3d,model_vars_lender,-1
bank_txn_lender_repay_amount_min_l56d,model_vars_lender,-1
bank_txn_lender_repay_amount_min_l7d,model_vars_lender,-1
bank_txn_lender_repay_amount_min_l84d,model_vars_lender,-1
bank_txn_lender_repay_amount_sum,model_vars_lender,-1
bank_txn_lender_repay_amount_sum_l14d,model_vars_lender,-1
bank_txn_lender_repay_amount_sum_l168d,model_vars_lender,-1
bank_txn_lender_repay_amount_sum_l182d,model_vars_lender,-1
bank_txn_lender_repay_amount_sum_l1d,model_vars_lender,-1
bank_txn_lender_repay_amount_sum_l28d,model_vars_lender,-1
bank_txn_lender_repay_amount_sum_l3d,model_vars_lender,-1
bank_txn_lender_repay_amount_sum_l56d,model_vars_lender,-1
bank_txn_lender_repay_amount_sum_l7d,model_vars_lender,-1
bank_txn_lender_repay_amount_sum_l84d,model_vars_lender,-1
bank_txn_lender_repay_bank_amount_avg,model_vars_lender,-1
bank_txn_lender_repay_bank_amount_avg_l14d,model_vars_lender,-1
bank_txn_lender_repay_bank_amount_avg_l168d,model_vars_lender,-1
bank_txn_lender_repay_bank_amount_avg_l182d,model_vars_lender,-1
bank_txn_lender_repay_bank_amount_avg_l1d,model_vars_lender,-1
bank_txn_lender_repay_bank_amount_avg_l28d,model_vars_lender,-1
bank_txn_lender_repay_bank_amount_avg_l3d,model_vars_lender,-1
bank_txn_lender_repay_bank_amount_avg_l56d,model_vars_lender,-1
bank_txn_lender_repay_bank_amount_avg_l7d,model_vars_lender,-1
bank_txn_lender_repay_bank_amount_avg_l84d,model_vars_lender,-1
bank_txn_lender_repay_bank_amount_max,model_vars_lender,-1
bank_txn_lender_repay_bank_amount_max_l14d,model_vars_lender,-1
bank_txn_lender_repay_bank_amount_max_l168d,model_vars_lender,-1
bank_txn_lender_repay_bank_amount_max_l182d,model_vars_lender,-1
bank_txn_lender_repay_bank_amount_max_l1d,model_vars_lender,-1
bank_txn_lender_repay_bank_amount_max_l28d,model_vars_lender,-1
bank_txn_lender_repay_bank_amount_max_l3d,model_vars_lender,-1
bank_txn_lender_repay_bank_amount_max_l56d,model_vars_lender,-1
bank_txn_lender_repay_bank_amount_max_l7d,model_vars_lender,-1
bank_txn_lender_repay_bank_amount_max_l84d,model_vars_lender,-1
bank_txn_lender_repay_bank_amount_min,model_vars_lender,-1
bank_txn_lender_repay_bank_amount_min_l14d,model_vars_lender,-1
bank_txn_lender_repay_bank_amount_min_l168d,model_vars_lender,-1
bank_txn_lender_repay_bank_amount_min_l182d,model_vars_lender,-1
bank_txn_lender_repay_bank_amount_min_l1d,model_vars_lender,-1
bank_txn_lender_repay_bank_amount_min_l28d,model_vars_lender,-1
bank_txn_lender_repay_bank_amount_min_l3d,model_vars_lender,-1
bank_txn_lender_repay_bank_amount_min_l56d,model_vars_lender,-1
bank_txn_lender_repay_bank_amount_min_l7d,model_vars_lender,-1
bank_txn_lender_repay_bank_amount_min_l84d,model_vars_lender,-1
bank_txn_lender_repay_bank_amount_sum,model_vars_lender,-1
bank_txn_lender_repay_bank_amount_sum_l14d,model_vars_lender,-1
bank_txn_lender_repay_bank_amount_sum_l168d,model_vars_lender,-1
bank_txn_lender_repay_bank_amount_sum_l182d,model_vars_lender,-1
bank_txn_lender_repay_bank_amount_sum_l1d,model_vars_lender,-1
bank_txn_lender_repay_bank_amount_sum_l28d,model_vars_lender,-1
bank_txn_lender_repay_bank_amount_sum_l3d,model_vars_lender,-1
bank_txn_lender_repay_bank_amount_sum_l56d,model_vars_lender,-1
bank_txn_lender_repay_bank_amount_sum_l7d,model_vars_lender,-1
bank_txn_lender_repay_bank_amount_sum_l84d,model_vars_lender,-1
bank_txn_lender_repay_bank_count,model_vars_lender,-1
bank_txn_lender_repay_bank_count_l14d,model_vars_lender,-1
bank_txn_lender_repay_bank_count_l168d,model_vars_lender,-1
bank_txn_lender_repay_bank_count_l182d,model_vars_lender,-1
bank_txn_lender_repay_bank_count_l1d,model_vars_lender,-1
bank_txn_lender_repay_bank_count_l28d,model_vars_lender,-1
bank_txn_lender_repay_bank_count_l3d,model_vars_lender,-1
bank_txn_lender_repay_bank_count_l56d,model_vars_lender,-1
bank_txn_lender_repay_bank_count_l7d,model_vars_lender,-1
bank_txn_lender_repay_bank_count_l84d,model_vars_lender,-1
bank_txn_lender_repay_bank_jgs,model_vars_lender,-1
bank_txn_lender_repay_bank_jgs_l14d,model_vars_lender,-1
bank_txn_lender_repay_bank_jgs_l168d,model_vars_lender,-1
bank_txn_lender_repay_bank_jgs_l182d,model_vars_lender,-1
bank_txn_lender_repay_bank_jgs_l1d,model_vars_lender,-1
bank_txn_lender_repay_bank_jgs_l28d,model_vars_lender,-1
bank_txn_lender_repay_bank_jgs_l3d,model_vars_lender,-1
bank_txn_lender_repay_bank_jgs_l56d,model_vars_lender,-1
bank_txn_lender_repay_bank_jgs_l7d,model_vars_lender,-1
bank_txn_lender_repay_bank_jgs_l84d,model_vars_lender,-1
bank_txn_lender_repay_bnpl_amount_avg,model_vars_lender,-1
bank_txn_lender_repay_bnpl_amount_avg_l14d,model_vars_lender,-1
bank_txn_lender_repay_bnpl_amount_avg_l168d,model_vars_lender,-1
bank_txn_lender_repay_bnpl_amount_avg_l182d,model_vars_lender,-1
bank_txn_lender_repay_bnpl_amount_avg_l1d,model_vars_lender,-1
bank_txn_lender_repay_bnpl_amount_avg_l28d,model_vars_lender,-1
bank_txn_lender_repay_bnpl_amount_avg_l3d,model_vars_lender,-1
bank_txn_lender_repay_bnpl_amount_avg_l56d,model_vars_lender,-1
bank_txn_lender_repay_bnpl_amount_avg_l7d,model_vars_lender,-1
bank_txn_lender_repay_bnpl_amount_avg_l84d,model_vars_lender,-1
bank_txn_lender_repay_bnpl_amount_max,model_vars_lender,-1
bank_txn_lender_repay_bnpl_amount_max_l14d,model_vars_lender,-1
bank_txn_lender_repay_bnpl_amount_max_l168d,model_vars_lender,-1
bank_txn_lender_repay_bnpl_amount_max_l182d,model_vars_lender,-1
bank_txn_lender_repay_bnpl_amount_max_l1d,model_vars_lender,-1
bank_txn_lender_repay_bnpl_amount_max_l28d,model_vars_lender,-1
bank_txn_lender_repay_bnpl_amount_max_l3d,model_vars_lender,-1
bank_txn_lender_repay_bnpl_amount_max_l56d,model_vars_lender,-1
bank_txn_lender_repay_bnpl_amount_max_l7d,model_vars_lender,-1
bank_txn_lender_repay_bnpl_amount_max_l84d,model_vars_lender,-1
bank_txn_lender_repay_bnpl_amount_min,model_vars_lender,-1
bank_txn_lender_repay_bnpl_amount_min_l14d,model_vars_lender,-1
bank_txn_lender_repay_bnpl_amount_min_l168d,model_vars_lender,-1
bank_txn_lender_repay_bnpl_amount_min_l182d,model_vars_lender,-1
bank_txn_lender_repay_bnpl_amount_min_l1d,model_vars_lender,-1
bank_txn_lender_repay_bnpl_amount_min_l28d,model_vars_lender,-1
bank_txn_lender_repay_bnpl_amount_min_l3d,model_vars_lender,-1
bank_txn_lender_repay_bnpl_amount_min_l56d,model_vars_lender,-1
bank_txn_lender_repay_bnpl_amount_min_l7d,model_vars_lender,-1
bank_txn_lender_repay_bnpl_amount_min_l84d,model_vars_lender,-1
bank_txn_lender_repay_bnpl_amount_sum,model_vars_lender,-1
bank_txn_lender_repay_bnpl_amount_sum_l14d,model_vars_lender,-1
bank_txn_lender_repay_bnpl_amount_sum_l168d,model_vars_lender,-1
bank_txn_lender_repay_bnpl_amount_sum_l182d,model_vars_lender,-1
bank_txn_lender_repay_bnpl_amount_sum_l1d,model_vars_lender,-1
bank_txn_lender_repay_bnpl_amount_sum_l28d,model_vars_lender,-1
bank_txn_lender_repay_bnpl_amount_sum_l3d,model_vars_lender,-1
bank_txn_lender_repay_bnpl_amount_sum_l56d,model_vars_lender,-1
bank_txn_lender_repay_bnpl_amount_sum_l7d,model_vars_lender,-1
bank_txn_lender_repay_bnpl_amount_sum_l84d,model_vars_lender,-1
bank_txn_lender_repay_bnpl_count,model_vars_lender,-1
bank_txn_lender_repay_bnpl_count_l14d,model_vars_lender,-1
bank_txn_lender_repay_bnpl_count_l168d,model_vars_lender,-1
bank_txn_lender_repay_bnpl_count_l182d,model_vars_lender,-1
bank_txn_lender_repay_bnpl_count_l1d,model_vars_lender,-1
bank_txn_lender_repay_bnpl_count_l28d,model_vars_lender,-1
bank_txn_lender_repay_bnpl_count_l3d,model_vars_lender,-1
bank_txn_lender_repay_bnpl_count_l56d,model_vars_lender,-1
bank_txn_lender_repay_bnpl_count_l7d,model_vars_lender,-1
bank_txn_lender_repay_bnpl_count_l84d,model_vars_lender,-1
bank_txn_lender_repay_bnpl_jgs,model_vars_lender,-1
bank_txn_lender_repay_bnpl_jgs_l14d,model_vars_lender,-1
bank_txn_lender_repay_bnpl_jgs_l168d,model_vars_lender,-1
bank_txn_lender_repay_bnpl_jgs_l182d,model_vars_lender,-1
bank_txn_lender_repay_bnpl_jgs_l1d,model_vars_lender,-1
bank_txn_lender_repay_bnpl_jgs_l28d,model_vars_lender,-1
bank_txn_lender_repay_bnpl_jgs_l3d,model_vars_lender,-1
bank_txn_lender_repay_bnpl_jgs_l56d,model_vars_lender,-1
bank_txn_lender_repay_bnpl_jgs_l7d,model_vars_lender,-1
bank_txn_lender_repay_bnpl_jgs_l84d,model_vars_lender,-1
bank_txn_lender_repay_count,model_vars_lender,-1
bank_txn_lender_repay_count_l14d,model_vars_lender,-1
bank_txn_lender_repay_count_l168d,model_vars_lender,-1
bank_txn_lender_repay_count_l182d,model_vars_lender,-1
bank_txn_lender_repay_count_l1d,model_vars_lender,-1
bank_txn_lender_repay_count_l28d,model_vars_lender,-1
bank_txn_lender_repay_count_l3d,model_vars_lender,-1
bank_txn_lender_repay_count_l56d,model_vars_lender,-1
bank_txn_lender_repay_count_l7d,model_vars_lender,-1
bank_txn_lender_repay_count_l84d,model_vars_lender,-1
bank_txn_lender_repay_jgs,model_vars_lender,-1
bank_txn_lender_repay_jgs_l14d,model_vars_lender,-1
bank_txn_lender_repay_jgs_l168d,model_vars_lender,-1
bank_txn_lender_repay_jgs_l182d,model_vars_lender,-1
bank_txn_lender_repay_jgs_l1d,model_vars_lender,-1
bank_txn_lender_repay_jgs_l28d,model_vars_lender,-1
bank_txn_lender_repay_jgs_l3d,model_vars_lender,-1
bank_txn_lender_repay_jgs_l56d,model_vars_lender,-1
bank_txn_lender_repay_jgs_l7d,model_vars_lender,-1
bank_txn_lender_repay_jgs_l84d,model_vars_lender,-1
bank_txn_lender_repay_loan_amount_avg,model_vars_lender,-1
bank_txn_lender_repay_loan_amount_avg_l14d,model_vars_lender,-1
bank_txn_lender_repay_loan_amount_avg_l168d,model_vars_lender,-1
bank_txn_lender_repay_loan_amount_avg_l182d,model_vars_lender,-1
bank_txn_lender_repay_loan_amount_avg_l1d,model_vars_lender,-1
bank_txn_lender_repay_loan_amount_avg_l28d,model_vars_lender,-1
bank_txn_lender_repay_loan_amount_avg_l3d,model_vars_lender,-1
bank_txn_lender_repay_loan_amount_avg_l56d,model_vars_lender,-1
bank_txn_lender_repay_loan_amount_avg_l7d,model_vars_lender,-1
bank_txn_lender_repay_loan_amount_avg_l84d,model_vars_lender,-1
bank_txn_lender_repay_loan_amount_max,model_vars_lender,-1
bank_txn_lender_repay_loan_amount_max_l14d,model_vars_lender,-1
bank_txn_lender_repay_loan_amount_max_l168d,model_vars_lender,-1
bank_txn_lender_repay_loan_amount_max_l182d,model_vars_lender,-1
bank_txn_lender_repay_loan_amount_max_l1d,model_vars_lender,-1
bank_txn_lender_repay_loan_amount_max_l28d,model_vars_lender,-1
bank_txn_lender_repay_loan_amount_max_l3d,model_vars_lender,-1
bank_txn_lender_repay_loan_amount_max_l56d,model_vars_lender,-1
bank_txn_lender_repay_loan_amount_max_l7d,model_vars_lender,-1
bank_txn_lender_repay_loan_amount_max_l84d,model_vars_lender,-1
bank_txn_lender_repay_loan_amount_min,model_vars_lender,-1
bank_txn_lender_repay_loan_amount_min_l14d,model_vars_lender,-1
bank_txn_lender_repay_loan_amount_min_l168d,model_vars_lender,-1
bank_txn_lender_repay_loan_amount_min_l182d,model_vars_lender,-1
bank_txn_lender_repay_loan_amount_min_l1d,model_vars_lender,-1
bank_txn_lender_repay_loan_amount_min_l28d,model_vars_lender,-1
bank_txn_lender_repay_loan_amount_min_l3d,model_vars_lender,-1
bank_txn_lender_repay_loan_amount_min_l56d,model_vars_lender,-1
bank_txn_lender_repay_loan_amount_min_l7d,model_vars_lender,-1
bank_txn_lender_repay_loan_amount_min_l84d,model_vars_lender,-1
bank_txn_lender_repay_loan_amount_sum,model_vars_lender,-1
bank_txn_lender_repay_loan_amount_sum_l14d,model_vars_lender,-1
bank_txn_lender_repay_loan_amount_sum_l168d,model_vars_lender,-1
bank_txn_lender_repay_loan_amount_sum_l182d,model_vars_lender,-1
bank_txn_lender_repay_loan_amount_sum_l1d,model_vars_lender,-1
bank_txn_lender_repay_loan_amount_sum_l28d,model_vars_lender,-1
bank_txn_lender_repay_loan_amount_sum_l3d,model_vars_lender,-1
bank_txn_lender_repay_loan_amount_sum_l56d,model_vars_lender,-1
bank_txn_lender_repay_loan_amount_sum_l7d,model_vars_lender,-1
bank_txn_lender_repay_loan_amount_sum_l84d,model_vars_lender,-1
bank_txn_lender_repay_loan_count,model_vars_lender,-1
bank_txn_lender_repay_loan_count_l14d,model_vars_lender,-1
bank_txn_lender_repay_loan_count_l168d,model_vars_lender,-1
bank_txn_lender_repay_loan_count_l182d,model_vars_lender,-1
bank_txn_lender_repay_loan_count_l1d,model_vars_lender,-1
bank_txn_lender_repay_loan_count_l28d,model_vars_lender,-1
bank_txn_lender_repay_loan_count_l3d,model_vars_lender,-1
bank_txn_lender_repay_loan_count_l56d,model_vars_lender,-1
bank_txn_lender_repay_loan_count_l7d,model_vars_lender,-1
bank_txn_lender_repay_loan_count_l84d,model_vars_lender,-1
bank_txn_lender_repay_loan_jgs,model_vars_lender,-1
bank_txn_lender_repay_loan_jgs_l14d,model_vars_lender,-1
bank_txn_lender_repay_loan_jgs_l168d,model_vars_lender,-1
bank_txn_lender_repay_loan_jgs_l182d,model_vars_lender,-1
bank_txn_lender_repay_loan_jgs_l1d,model_vars_lender,-1
bank_txn_lender_repay_loan_jgs_l28d,model_vars_lender,-1
bank_txn_lender_repay_loan_jgs_l3d,model_vars_lender,-1
bank_txn_lender_repay_loan_jgs_l56d,model_vars_lender,-1
bank_txn_lender_repay_loan_jgs_l7d,model_vars_lender,-1
bank_txn_lender_repay_loan_jgs_l84d,model_vars_lender,-1
bank_txn_lender_repay_single_advance_amount_max,model_vars_lender,-1
bank_txn_lender_repay_single_advance_count_max,model_vars_lender,-1
bank_txn_lender_repay_single_amount_max,model_vars_lender,-1
bank_txn_lender_repay_single_bank_amount_max,model_vars_lender,-1
bank_txn_lender_repay_single_bank_count_max,model_vars_lender,-1
bank_txn_lender_repay_single_bnpl_amount_max,model_vars_lender,-1
bank_txn_lender_repay_single_bnpl_count_max,model_vars_lender,-1
bank_txn_lender_repay_single_count_max,model_vars_lender,-1
bank_txn_lender_repay_single_loan_amount_max,model_vars_lender,-1
bank_txn_lender_repay_single_loan_count_max,model_vars_lender,-1
bank_txn_income_global_sum_7d,model_vars_income,-1000000
bank_txn_income_global_count_7d,model_vars_income,-1000000
bank_txn_income_global_mean_7d,model_vars_income,-1000000
bank_txn_income_global_median_7d,model_vars_income,-1000000
bank_txn_income_global_max_7d,model_vars_income,-1000000
bank_txn_income_global_min_7d,model_vars_income,-1000000
bank_txn_income_global_std_7d,model_vars_income,-1000000
bank_txn_income_global_cv_7d,model_vars_income,-1000000
bank_txn_income_global_sum_14d,model_vars_income,-1000000
bank_txn_income_global_count_14d,model_vars_income,-1000000
bank_txn_income_global_mean_14d,model_vars_income,-1000000
bank_txn_income_global_median_14d,model_vars_income,-1000000
bank_txn_income_global_max_14d,model_vars_income,-1000000
bank_txn_income_global_min_14d,model_vars_income,-1000000
bank_txn_income_global_std_14d,model_vars_income,-1000000
bank_txn_income_global_cv_14d,model_vars_income,-1000000
bank_txn_income_global_sum_28d,model_vars_income,-1000000
bank_txn_income_global_count_28d,model_vars_income,-1000000
bank_txn_income_global_mean_28d,model_vars_income,-1000000
bank_txn_income_global_median_28d,model_vars_income,-1000000
bank_txn_income_global_max_28d,model_vars_income,-1000000
bank_txn_income_global_min_28d,model_vars_income,-1000000
bank_txn_income_global_std_28d,model_vars_income,-1000000
bank_txn_income_global_cv_28d,model_vars_income,-1000000
bank_txn_income_global_sum_56d,model_vars_income,-1000000
bank_txn_income_global_count_56d,model_vars_income,-1000000
bank_txn_income_global_mean_56d,model_vars_income,-1000000
bank_txn_income_global_median_56d,model_vars_income,-1000000
bank_txn_income_global_max_56d,model_vars_income,-1000000
bank_txn_income_global_min_56d,model_vars_income,-1000000
bank_txn_income_global_std_56d,model_vars_income,-1000000
bank_txn_income_global_cv_56d,model_vars_income,-1000000
bank_txn_income_global_sum_84d,model_vars_income,-1000000
bank_txn_income_global_count_84d,model_vars_income,-1000000
bank_txn_income_global_mean_84d,model_vars_income,-1000000
bank_txn_income_global_median_84d,model_vars_income,-1000000
bank_txn_income_global_max_84d,model_vars_income,-1000000
bank_txn_income_global_min_84d,model_vars_income,-1000000
bank_txn_income_global_std_84d,model_vars_income,-1000000
bank_txn_income_global_cv_84d,model_vars_income,-1000000
bank_txn_income_global_sum_168d,model_vars_income,-1000000
bank_txn_income_global_count_168d,model_vars_income,-1000000
bank_txn_income_global_mean_168d,model_vars_income,-1000000
bank_txn_income_global_median_168d,model_vars_income,-1000000
bank_txn_income_global_max_168d,model_vars_income,-1000000
bank_txn_income_global_min_168d,model_vars_income,-1000000
bank_txn_income_global_std_168d,model_vars_income,-1000000
bank_txn_income_global_cv_168d,model_vars_income,-1000000
bank_txn_income_global_sum_182d,model_vars_income,-1000000
bank_txn_income_global_count_182d,model_vars_income,-1000000
bank_txn_income_global_mean_182d,model_vars_income,-1000000
bank_txn_income_global_median_182d,model_vars_income,-1000000
bank_txn_income_global_max_182d,model_vars_income,-1000000
bank_txn_income_global_min_182d,model_vars_income,-1000000
bank_txn_income_global_std_182d,model_vars_income,-1000000
bank_txn_income_global_cv_182d,model_vars_income,-1000000
bank_txn_income_wage_sum_7d,model_vars_income,-1000000
bank_txn_income_wage_count_7d,model_vars_income,-1000000
bank_txn_income_wage_mean_7d,model_vars_income,-1000000
bank_txn_income_wage_median_7d,model_vars_income,-1000000
bank_txn_income_wage_max_7d,model_vars_income,-1000000
bank_txn_income_wage_min_7d,model_vars_income,-1000000
bank_txn_income_wage_std_7d,model_vars_income,-1000000
bank_txn_income_wage_cv_7d,model_vars_income,-1000000
bank_txn_income_otherincome_sum_7d,model_vars_income,-1000000
bank_txn_income_otherincome_count_7d,model_vars_income,-1000000
bank_txn_income_otherincome_mean_7d,model_vars_income,-1000000
bank_txn_income_otherincome_median_7d,model_vars_income,-1000000
bank_txn_income_otherincome_max_7d,model_vars_income,-1000000
bank_txn_income_otherincome_min_7d,model_vars_income,-1000000
bank_txn_income_otherincome_std_7d,model_vars_income,-1000000
bank_txn_income_otherincome_cv_7d,model_vars_income,-1000000
bank_txn_income_centrelink_sum_7d,model_vars_income,-1000000
bank_txn_income_centrelink_count_7d,model_vars_income,-1000000
bank_txn_income_centrelink_mean_7d,model_vars_income,-1000000
bank_txn_income_centrelink_median_7d,model_vars_income,-1000000
bank_txn_income_centrelink_max_7d,model_vars_income,-1000000
bank_txn_income_centrelink_min_7d,model_vars_income,-1000000
bank_txn_income_centrelink_std_7d,model_vars_income,-1000000
bank_txn_income_centrelink_cv_7d,model_vars_income,-1000000
bank_txn_income_wage_sum_14d,model_vars_income,-1000000
bank_txn_income_wage_count_14d,model_vars_income,-1000000
bank_txn_income_wage_mean_14d,model_vars_income,-1000000
bank_txn_income_wage_median_14d,model_vars_income,-1000000
bank_txn_income_wage_max_14d,model_vars_income,-1000000
bank_txn_income_wage_min_14d,model_vars_income,-1000000
bank_txn_income_wage_std_14d,model_vars_income,-1000000
bank_txn_income_wage_cv_14d,model_vars_income,-1000000
bank_txn_income_otherincome_sum_14d,model_vars_income,-1000000
bank_txn_income_otherincome_count_14d,model_vars_income,-1000000
bank_txn_income_otherincome_mean_14d,model_vars_income,-1000000
bank_txn_income_otherincome_median_14d,model_vars_income,-1000000
bank_txn_income_otherincome_max_14d,model_vars_income,-1000000
bank_txn_income_otherincome_min_14d,model_vars_income,-1000000
bank_txn_income_otherincome_std_14d,model_vars_income,-1000000
bank_txn_income_otherincome_cv_14d,model_vars_income,-1000000
bank_txn_income_centrelink_sum_14d,model_vars_income,-1000000
bank_txn_income_centrelink_count_14d,model_vars_income,-1000000
bank_txn_income_centrelink_mean_14d,model_vars_income,-1000000
bank_txn_income_centrelink_median_14d,model_vars_income,-1000000
bank_txn_income_centrelink_max_14d,model_vars_income,-1000000
bank_txn_income_centrelink_min_14d,model_vars_income,-1000000
bank_txn_income_centrelink_std_14d,model_vars_income,-1000000
bank_txn_income_centrelink_cv_14d,model_vars_income,-1000000
bank_txn_income_wage_sum_28d,model_vars_income,-1000000
bank_txn_income_wage_count_28d,model_vars_income,-1000000
bank_txn_income_wage_mean_28d,model_vars_income,-1000000
bank_txn_income_wage_median_28d,model_vars_income,-1000000
bank_txn_income_wage_max_28d,model_vars_income,-1000000
bank_txn_income_wage_min_28d,model_vars_income,-1000000
bank_txn_income_wage_std_28d,model_vars_income,-1000000
bank_txn_income_wage_cv_28d,model_vars_income,-1000000
bank_txn_income_otherincome_sum_28d,model_vars_income,-1000000
bank_txn_income_otherincome_count_28d,model_vars_income,-1000000
bank_txn_income_otherincome_mean_28d,model_vars_income,-1000000
bank_txn_income_otherincome_median_28d,model_vars_income,-1000000
bank_txn_income_otherincome_max_28d,model_vars_income,-1000000
bank_txn_income_otherincome_min_28d,model_vars_income,-1000000
bank_txn_income_otherincome_std_28d,model_vars_income,-1000000
bank_txn_income_otherincome_cv_28d,model_vars_income,-1000000
bank_txn_income_centrelink_sum_28d,model_vars_income,-1000000
bank_txn_income_centrelink_count_28d,model_vars_income,-1000000
bank_txn_income_centrelink_mean_28d,model_vars_income,-1000000
bank_txn_income_centrelink_median_28d,model_vars_income,-1000000
bank_txn_income_centrelink_max_28d,model_vars_income,-1000000
bank_txn_income_centrelink_min_28d,model_vars_income,-1000000
bank_txn_income_centrelink_std_28d,model_vars_income,-1000000
bank_txn_income_centrelink_cv_28d,model_vars_income,-1000000
bank_txn_income_wage_sum_56d,model_vars_income,-1000000
bank_txn_income_wage_count_56d,model_vars_income,-1000000
bank_txn_income_wage_mean_56d,model_vars_income,-1000000
bank_txn_income_wage_median_56d,model_vars_income,-1000000
bank_txn_income_wage_max_56d,model_vars_income,-1000000
bank_txn_income_wage_min_56d,model_vars_income,-1000000
bank_txn_income_wage_std_56d,model_vars_income,-1000000
bank_txn_income_wage_cv_56d,model_vars_income,-1000000
bank_txn_income_otherincome_sum_56d,model_vars_income,-1000000
bank_txn_income_otherincome_count_56d,model_vars_income,-1000000
bank_txn_income_otherincome_mean_56d,model_vars_income,-1000000
bank_txn_income_otherincome_median_56d,model_vars_income,-1000000
bank_txn_income_otherincome_max_56d,model_vars_income,-1000000
bank_txn_income_otherincome_min_56d,model_vars_income,-1000000
bank_txn_income_otherincome_std_56d,model_vars_income,-1000000
bank_txn_income_otherincome_cv_56d,model_vars_income,-1000000
bank_txn_income_centrelink_sum_56d,model_vars_income,-1000000
bank_txn_income_centrelink_count_56d,model_vars_income,-1000000
bank_txn_income_centrelink_mean_56d,model_vars_income,-1000000
bank_txn_income_centrelink_median_56d,model_vars_income,-1000000
bank_txn_income_centrelink_max_56d,model_vars_income,-1000000
bank_txn_income_centrelink_min_56d,model_vars_income,-1000000
bank_txn_income_centrelink_std_56d,model_vars_income,-1000000
bank_txn_income_centrelink_cv_56d,model_vars_income,-1000000
bank_txn_income_wage_sum_84d,model_vars_income,-1000000
bank_txn_income_wage_count_84d,model_vars_income,-1000000
bank_txn_income_wage_mean_84d,model_vars_income,-1000000
bank_txn_income_wage_median_84d,model_vars_income,-1000000
bank_txn_income_wage_max_84d,model_vars_income,-1000000
bank_txn_income_wage_min_84d,model_vars_income,-1000000
bank_txn_income_wage_std_84d,model_vars_income,-1000000
bank_txn_income_wage_cv_84d,model_vars_income,-1000000
bank_txn_income_otherincome_sum_84d,model_vars_income,-1000000
bank_txn_income_otherincome_count_84d,model_vars_income,-1000000
bank_txn_income_otherincome_mean_84d,model_vars_income,-1000000
bank_txn_income_otherincome_median_84d,model_vars_income,-1000000
bank_txn_income_otherincome_max_84d,model_vars_income,-1000000
bank_txn_income_otherincome_min_84d,model_vars_income,-1000000
bank_txn_income_otherincome_std_84d,model_vars_income,-1000000
bank_txn_income_otherincome_cv_84d,model_vars_income,-1000000
bank_txn_income_centrelink_sum_84d,model_vars_income,-1000000
bank_txn_income_centrelink_count_84d,model_vars_income,-1000000
bank_txn_income_centrelink_mean_84d,model_vars_income,-1000000
bank_txn_income_centrelink_median_84d,model_vars_income,-1000000
bank_txn_income_centrelink_max_84d,model_vars_income,-1000000
bank_txn_income_centrelink_min_84d,model_vars_income,-1000000
bank_txn_income_centrelink_std_84d,model_vars_income,-1000000
bank_txn_income_centrelink_cv_84d,model_vars_income,-1000000
bank_txn_income_wage_sum_168d,model_vars_income,-1000000
bank_txn_income_wage_count_168d,model_vars_income,-1000000
bank_txn_income_wage_mean_168d,model_vars_income,-1000000
bank_txn_income_wage_median_168d,model_vars_income,-1000000
bank_txn_income_wage_max_168d,model_vars_income,-1000000
bank_txn_income_wage_min_168d,model_vars_income,-1000000
bank_txn_income_wage_std_168d,model_vars_income,-1000000
bank_txn_income_wage_cv_168d,model_vars_income,-1000000
bank_txn_income_otherincome_sum_168d,model_vars_income,-1000000
bank_txn_income_otherincome_count_168d,model_vars_income,-1000000
bank_txn_income_otherincome_mean_168d,model_vars_income,-1000000
bank_txn_income_otherincome_median_168d,model_vars_income,-1000000
bank_txn_income_otherincome_max_168d,model_vars_income,-1000000
bank_txn_income_otherincome_min_168d,model_vars_income,-1000000
bank_txn_income_otherincome_std_168d,model_vars_income,-1000000
bank_txn_income_otherincome_cv_168d,model_vars_income,-1000000
bank_txn_income_centrelink_sum_168d,model_vars_income,-1000000
bank_txn_income_centrelink_count_168d,model_vars_income,-1000000
bank_txn_income_centrelink_mean_168d,model_vars_income,-1000000
bank_txn_income_centrelink_median_168d,model_vars_income,-1000000
bank_txn_income_centrelink_max_168d,model_vars_income,-1000000
bank_txn_income_centrelink_min_168d,model_vars_income,-1000000
bank_txn_income_centrelink_std_168d,model_vars_income,-1000000
bank_txn_income_centrelink_cv_168d,model_vars_income,-1000000
bank_txn_income_wage_sum_182d,model_vars_income,-1000000
bank_txn_income_wage_count_182d,model_vars_income,-1000000
bank_txn_income_wage_mean_182d,model_vars_income,-1000000
bank_txn_income_wage_median_182d,model_vars_income,-1000000
bank_txn_income_wage_max_182d,model_vars_income,-1000000
bank_txn_income_wage_min_182d,model_vars_income,-1000000
bank_txn_income_wage_std_182d,model_vars_income,-1000000
bank_txn_income_wage_cv_182d,model_vars_income,-1000000
bank_txn_income_otherincome_sum_182d,model_vars_income,-1000000
bank_txn_income_otherincome_count_182d,model_vars_income,-1000000
bank_txn_income_otherincome_mean_182d,model_vars_income,-1000000
bank_txn_income_otherincome_median_182d,model_vars_income,-1000000
bank_txn_income_otherincome_max_182d,model_vars_income,-1000000
bank_txn_income_otherincome_min_182d,model_vars_income,-1000000
bank_txn_income_otherincome_std_182d,model_vars_income,-1000000
bank_txn_income_otherincome_cv_182d,model_vars_income,-1000000
bank_txn_income_centrelink_sum_182d,model_vars_income,-1000000
bank_txn_income_centrelink_count_182d,model_vars_income,-1000000
bank_txn_income_centrelink_mean_182d,model_vars_income,-1000000
bank_txn_income_centrelink_median_182d,model_vars_income,-1000000
bank_txn_income_centrelink_max_182d,model_vars_income,-1000000
bank_txn_income_centrelink_min_182d,model_vars_income,-1000000
bank_txn_income_centrelink_std_182d,model_vars_income,-1000000
bank_txn_income_centrelink_cv_182d,model_vars_income,-1000000
bank_txn_income_wage_latest_amount,model_vars_income,-1000000
bank_txn_income_otherincome_latest_amount,model_vars_income,-1000000
bank_txn_income_centrelink_latest_amount,model_vars_income,-1000000
bank_txn_income_wage_latest_vs_3m,model_vars_income,-1000000
bank_txn_income_wage_1m_vs_3m,model_vars_income,-1000000
bank_txn_income_wage_3m_vs_6m,model_vars_income,-1000000
bank_txn_income_otherincome_latest_vs_3m,model_vars_income,-1000000
bank_txn_income_otherincome_1m_vs_3m,model_vars_income,-1000000
bank_txn_income_otherincome_3m_vs_6m,model_vars_income,-1000000
bank_txn_income_centrelink_latest_vs_3m,model_vars_income,-1000000
bank_txn_income_centrelink_1m_vs_3m,model_vars_income,-1000000
bank_txn_income_centrelink_3m_vs_6m,model_vars_income,-1000000
bank_txn_income_wage_ratio_7d,model_vars_income,-1000000
bank_txn_income_otherincome_ratio_7d,model_vars_income,-1000000
bank_txn_income_centrelink_ratio_7d,model_vars_income,-1000000
bank_txn_income_wage_ratio_14d,model_vars_income,-1000000
bank_txn_income_otherincome_ratio_14d,model_vars_income,-1000000
bank_txn_income_centrelink_ratio_14d,model_vars_income,-1000000
bank_txn_income_wage_ratio_28d,model_vars_income,-1000000
bank_txn_income_otherincome_ratio_28d,model_vars_income,-1000000
bank_txn_income_centrelink_ratio_28d,model_vars_income,-1000000
bank_txn_income_wage_ratio_56d,model_vars_income,-1000000
bank_txn_income_otherincome_ratio_56d,model_vars_income,-1000000
bank_txn_income_centrelink_ratio_56d,model_vars_income,-1000000
bank_txn_income_wage_ratio_84d,model_vars_income,-1000000
bank_txn_income_otherincome_ratio_84d,model_vars_income,-1000000
bank_txn_income_centrelink_ratio_84d,model_vars_income,-1000000
bank_txn_income_wage_ratio_168d,model_vars_income,-1000000
bank_txn_income_otherincome_ratio_168d,model_vars_income,-1000000
bank_txn_income_centrelink_ratio_168d,model_vars_income,-1000000
bank_txn_income_wage_ratio_182d,model_vars_income,-1000000
bank_txn_income_otherincome_ratio_182d,model_vars_income,-1000000
bank_txn_income_centrelink_ratio_182d,model_vars_income,-1000000
bank_txn_income_wage_max_ratio_7d,model_vars_income,-1000000
bank_txn_income_wage_min_ratio_7d,model_vars_income,-1000000
bank_txn_income_otherincome_max_ratio_7d,model_vars_income,-1000000
bank_txn_income_otherincome_min_ratio_7d,model_vars_income,-1000000
bank_txn_income_centrelink_max_ratio_7d,model_vars_income,-1000000
bank_txn_income_centrelink_min_ratio_7d,model_vars_income,-1000000
bank_txn_income_wage_max_ratio_14d,model_vars_income,-1000000
bank_txn_income_wage_min_ratio_14d,model_vars_income,-1000000
bank_txn_income_otherincome_max_ratio_14d,model_vars_income,-1000000
bank_txn_income_otherincome_min_ratio_14d,model_vars_income,-1000000
bank_txn_income_centrelink_max_ratio_14d,model_vars_income,-1000000
bank_txn_income_centrelink_min_ratio_14d,model_vars_income,-1000000
bank_txn_income_wage_max_ratio_28d,model_vars_income,-1000000
bank_txn_income_wage_min_ratio_28d,model_vars_income,-1000000
bank_txn_income_otherincome_max_ratio_28d,model_vars_income,-1000000
bank_txn_income_otherincome_min_ratio_28d,model_vars_income,-1000000
bank_txn_income_centrelink_max_ratio_28d,model_vars_income,-1000000
bank_txn_income_centrelink_min_ratio_28d,model_vars_income,-1000000
bank_txn_income_wage_max_ratio_56d,model_vars_income,-1000000
bank_txn_income_wage_min_ratio_56d,model_vars_income,-1000000
bank_txn_income_otherincome_max_ratio_56d,model_vars_income,-1000000
bank_txn_income_otherincome_min_ratio_56d,model_vars_income,-1000000
bank_txn_income_centrelink_max_ratio_56d,model_vars_income,-1000000
bank_txn_income_centrelink_min_ratio_56d,model_vars_income,-1000000
bank_txn_income_wage_max_ratio_84d,model_vars_income,-1000000
bank_txn_income_wage_min_ratio_84d,model_vars_income,-1000000
bank_txn_income_otherincome_max_ratio_84d,model_vars_income,-1000000
bank_txn_income_otherincome_min_ratio_84d,model_vars_income,-1000000
bank_txn_income_centrelink_max_ratio_84d,model_vars_income,-1000000
bank_txn_income_centrelink_min_ratio_84d,model_vars_income,-1000000
bank_txn_income_wage_max_ratio_168d,model_vars_income,-1000000
bank_txn_income_wage_min_ratio_168d,model_vars_income,-1000000
bank_txn_income_otherincome_max_ratio_168d,model_vars_income,-1000000
bank_txn_income_otherincome_min_ratio_168d,model_vars_income,-1000000
bank_txn_income_centrelink_max_ratio_168d,model_vars_income,-1000000
bank_txn_income_centrelink_min_ratio_168d,model_vars_income,-1000000
bank_txn_income_wage_max_ratio_182d,model_vars_income,-1000000
bank_txn_income_wage_min_ratio_182d,model_vars_income,-1000000
bank_txn_income_otherincome_max_ratio_182d,model_vars_income,-1000000
bank_txn_income_otherincome_min_ratio_182d,model_vars_income,-1000000
bank_txn_income_centrelink_max_ratio_182d,model_vars_income,-1000000
bank_txn_income_centrelink_min_ratio_182d,model_vars_income,-1000000
bank_txn_income_wage_interval_std,model_vars_income,-1000000
bank_txn_income_wage_interval_max,model_vars_income,-1000000
bank_txn_income_wage_interval_gap_30_count,model_vars_income,-1000000
bank_txn_income_otherincome_interval_std,model_vars_income,-1000000
bank_txn_income_otherincome_interval_max,model_vars_income,-1000000
bank_txn_income_otherincome_interval_gap_30_count,model_vars_income,-1000000
bank_txn_income_centrelink_interval_std,model_vars_income,-1000000
bank_txn_income_centrelink_interval_max,model_vars_income,-1000000
bank_txn_income_centrelink_interval_gap_30_count,model_vars_income,-1000000
bank_txn_income_wage_growth_rate_max,model_vars_income,-1000000
bank_txn_income_wage_growth_rate_min,model_vars_income,-1000000
bank_txn_income_otherincome_growth_rate_max,model_vars_income,-1000000
bank_txn_income_otherincome_growth_rate_min,model_vars_income,-1000000
bank_txn_income_centrelink_growth_rate_max,model_vars_income,-1000000
bank_txn_income_centrelink_growth_rate_min,model_vars_income,-1000000
bank_txn_income_wage_decrease_count,model_vars_income,-1000000
bank_txn_income_otherincome_decrease_count,model_vars_income,-1000000
bank_txn_income_centrelink_decrease_count,model_vars_income,-1000000
bank_txn_income_wage_max_consecutive_months,model_vars_income,-1000000
bank_txn_income_otherincome_max_consecutive_months,model_vars_income,-1000000
bank_txn_income_centrelink_max_consecutive_months,model_vars_income,-1000000
bank_txn_income_wage_max_daily_consumption_7d,model_vars_income,-1000000
bank_txn_income_wage_max_consumption_rate_7d,model_vars_income,-1000000
bank_txn_income_wage_min_consumption_rate_7d,model_vars_income,-1000000
bank_txn_income_wage_mean_consumption_rate_7d,model_vars_income,-1000000
bank_txn_income_wage_max_consumption_rate_14d,model_vars_income,-1000000
bank_txn_income_wage_min_consumption_rate_14d,model_vars_income,-1000000
bank_txn_income_wage_mean_consumption_rate_14d,model_vars_income,-1000000
bank_txn_income_wage_max_consumption_rate_28d,model_vars_income,-1000000
bank_txn_income_wage_min_consumption_rate_28d,model_vars_income,-1000000
bank_txn_income_wage_mean_consumption_rate_28d,model_vars_income,-1000000
bank_txn_income_wage_max_consumption_rate_56d,model_vars_income,-1000000
bank_txn_income_wage_min_consumption_rate_56d,model_vars_income,-1000000
bank_txn_income_wage_mean_consumption_rate_56d,model_vars_income,-1000000
bank_txn_income_wage_max_consumption_rate_84d,model_vars_income,-1000000
bank_txn_income_wage_min_consumption_rate_84d,model_vars_income,-1000000
bank_txn_income_wage_mean_consumption_rate_84d,model_vars_income,-1000000
bank_txn_income_wage_max_consumption_rate_168d,model_vars_income,-1000000
bank_txn_income_wage_min_consumption_rate_168d,model_vars_income,-1000000
bank_txn_income_wage_mean_consumption_rate_168d,model_vars_income,-1000000
bank_txn_income_wage_max_consumption_rate_182d,model_vars_income,-1000000
bank_txn_income_wage_min_consumption_rate_182d,model_vars_income,-1000000
bank_txn_income_wage_mean_consumption_rate_182d,model_vars_income,-1000000
bank_txn_income_otherincome_max_daily_consumption_7d,model_vars_income,-1000000
bank_txn_income_otherincome_max_consumption_rate_7d,model_vars_income,-1000000
bank_txn_income_otherincome_min_consumption_rate_7d,model_vars_income,-1000000
bank_txn_income_otherincome_mean_consumption_rate_7d,model_vars_income,-1000000
bank_txn_income_otherincome_max_consumption_rate_14d,model_vars_income,-1000000
bank_txn_income_otherincome_min_consumption_rate_14d,model_vars_income,-1000000
bank_txn_income_otherincome_mean_consumption_rate_14d,model_vars_income,-1000000
bank_txn_income_otherincome_max_consumption_rate_28d,model_vars_income,-1000000
bank_txn_income_otherincome_min_consumption_rate_28d,model_vars_income,-1000000
bank_txn_income_otherincome_mean_consumption_rate_28d,model_vars_income,-1000000
bank_txn_income_otherincome_max_consumption_rate_56d,model_vars_income,-1000000
bank_txn_income_otherincome_min_consumption_rate_56d,model_vars_income,-1000000
bank_txn_income_otherincome_mean_consumption_rate_56d,model_vars_income,-1000000
bank_txn_income_otherincome_max_consumption_rate_84d,model_vars_income,-1000000
bank_txn_income_otherincome_min_consumption_rate_84d,model_vars_income,-1000000
bank_txn_income_otherincome_mean_consumption_rate_84d,model_vars_income,-1000000
bank_txn_income_otherincome_max_consumption_rate_168d,model_vars_income,-1000000
bank_txn_income_otherincome_min_consumption_rate_168d,model_vars_income,-1000000
bank_txn_income_otherincome_mean_consumption_rate_168d,model_vars_income,-1000000
bank_txn_income_otherincome_max_consumption_rate_182d,model_vars_income,-1000000
bank_txn_income_otherincome_min_consumption_rate_182d,model_vars_income,-1000000
bank_txn_income_otherincome_mean_consumption_rate_182d,model_vars_income,-1000000
bank_txn_income_centrelink_max_daily_consumption_7d,model_vars_income,-1000000
bank_txn_income_centrelink_max_consumption_rate_7d,model_vars_income,-1000000
bank_txn_income_centrelink_min_consumption_rate_7d,model_vars_income,-1000000
bank_txn_income_centrelink_mean_consumption_rate_7d,model_vars_income,-1000000
bank_txn_income_centrelink_max_consumption_rate_14d,model_vars_income,-1000000
bank_txn_income_centrelink_min_consumption_rate_14d,model_vars_income,-1000000
bank_txn_income_centrelink_mean_consumption_rate_14d,model_vars_income,-1000000
bank_txn_income_centrelink_max_consumption_rate_28d,model_vars_income,-1000000
bank_txn_income_centrelink_min_consumption_rate_28d,model_vars_income,-1000000
bank_txn_income_centrelink_mean_consumption_rate_28d,model_vars_income,-1000000
bank_txn_income_centrelink_max_consumption_rate_56d,model_vars_income,-1000000
bank_txn_income_centrelink_min_consumption_rate_56d,model_vars_income,-1000000
bank_txn_income_centrelink_mean_consumption_rate_56d,model_vars_income,-1000000
bank_txn_income_centrelink_max_consumption_rate_84d,model_vars_income,-1000000
bank_txn_income_centrelink_min_consumption_rate_84d,model_vars_income,-1000000
bank_txn_income_centrelink_mean_consumption_rate_84d,model_vars_income,-1000000
bank_txn_income_centrelink_max_consumption_rate_168d,model_vars_income,-1000000
bank_txn_income_centrelink_min_consumption_rate_168d,model_vars_income,-1000000
bank_txn_income_centrelink_mean_consumption_rate_168d,model_vars_income,-1000000
bank_txn_income_centrelink_max_consumption_rate_182d,model_vars_income,-1000000
bank_txn_income_centrelink_min_consumption_rate_182d,model_vars_income,-1000000
bank_txn_income_centrelink_mean_consumption_rate_182d,model_vars_income,-1000000
bank_txn_income_wage_trend_slope_7d,model_vars_income,-1000000
bank_txn_income_otherincome_trend_slope_7d,model_vars_income,-1000000
bank_txn_income_centrelink_trend_slope_7d,model_vars_income,-1000000
bank_txn_income_wage_trend_slope_14d,model_vars_income,-1000000
bank_txn_income_otherincome_trend_slope_14d,model_vars_income,-1000000
bank_txn_income_centrelink_trend_slope_14d,model_vars_income,-1000000
bank_txn_income_wage_trend_slope_28d,model_vars_income,-1000000
bank_txn_income_otherincome_trend_slope_28d,model_vars_income,-1000000
bank_txn_income_centrelink_trend_slope_28d,model_vars_income,-1000000
bank_txn_income_wage_trend_slope_56d,model_vars_income,-1000000
bank_txn_income_otherincome_trend_slope_56d,model_vars_income,-1000000
bank_txn_income_centrelink_trend_slope_56d,model_vars_income,-1000000
bank_txn_income_wage_trend_slope_84d,model_vars_income,-1000000
bank_txn_income_otherincome_trend_slope_84d,model_vars_income,-1000000
bank_txn_income_centrelink_trend_slope_84d,model_vars_income,-1000000
bank_txn_income_wage_trend_slope_168d,model_vars_income,-1000000
bank_txn_income_otherincome_trend_slope_168d,model_vars_income,-1000000
bank_txn_income_centrelink_trend_slope_168d,model_vars_income,-1000000
bank_txn_income_wage_trend_slope_182d,model_vars_income,-1000000
bank_txn_income_otherincome_trend_slope_182d,model_vars_income,-1000000
bank_txn_income_centrelink_trend_slope_182d,model_vars_income,-1000000
bank_txn_income_wage_third_party_count,model_vars_income,-1000000
bank_txn_income_centrelink_third_party_count,model_vars_income,-1000000
bank_txn_income_otherincome_third_party_count,model_vars_income,-1000000
bank_txn_income_wage_3rdparty_max_consecutive_days,model_vars_income,-1000000
bank_txn_income_otherincome_3rdparty_max_consecutive_days,model_vars_income,-1000000
bank_txn_income_centrelink_3rdparty_max_consecutive_days,model_vars_income,-1000000
bank_txn_income_centrelink_3rdparty_centrelinkpension_sum_7d,model_vars_income,-1000000
bank_txn_income_centrelink_3rdparty_centrelinkpension_count_7d,model_vars_income,-1000000
bank_txn_income_centrelink_3rdparty_centrelinkpension_mean_7d,model_vars_income,-1000000
bank_txn_income_centrelink_3rdparty_centrelinkpension_median_7d,model_vars_income,-1000000
bank_txn_income_centrelink_3rdparty_centrelinkpension_max_7d,model_vars_income,-1000000
bank_txn_income_centrelink_3rdparty_centrelinkpension_min_7d,model_vars_income,-1000000
bank_txn_income_centrelink_3rdparty_centrelinkpension_std_7d,model_vars_income,-1000000
bank_txn_income_centrelink_3rdparty_centrelinkpension_cv_7d,model_vars_income,-1000000
bank_txn_income_centrelink_3rdparty_familybenefits_sum_7d,model_vars_income,-1000000
bank_txn_income_centrelink_3rdparty_familybenefits_count_7d,model_vars_income,-1000000
bank_txn_income_centrelink_3rdparty_familybenefits_mean_7d,model_vars_income,-1000000
bank_txn_income_centrelink_3rdparty_familybenefits_median_7d,model_vars_income,-1000000
bank_txn_income_centrelink_3rdparty_familybenefits_max_7d,model_vars_income,-1000000
bank_txn_income_centrelink_3rdparty_familybenefits_min_7d,model_vars_income,-1000000
bank_txn_income_centrelink_3rdparty_familybenefits_std_7d,model_vars_income,-1000000
bank_txn_income_centrelink_3rdparty_familybenefits_cv_7d,model_vars_income,-1000000
bank_txn_income_centrelink_3rdparty_jobseeker_sum_7d,model_vars_income,-1000000
bank_txn_income_centrelink_3rdparty_jobseeker_count_7d,model_vars_income,-1000000
bank_txn_income_centrelink_3rdparty_jobseeker_mean_7d,model_vars_income,-1000000
bank_txn_income_centrelink_3rdparty_jobseeker_median_7d,model_vars_income,-1000000
bank_txn_income_centrelink_3rdparty_jobseeker_max_7d,model_vars_income,-1000000
bank_txn_income_centrelink_3rdparty_jobseeker_min_7d,model_vars_income,-1000000
bank_txn_income_centrelink_3rdparty_jobseeker_std_7d,model_vars_income,-1000000
bank_txn_income_centrelink_3rdparty_jobseeker_cv_7d,model_vars_income,-1000000
bank_txn_income_centrelink_3rdparty_carersbenefits_sum_7d,model_vars_income,-1000000
bank_txn_income_centrelink_3rdparty_carersbenefits_count_7d,model_vars_income,-1000000
bank_txn_income_centrelink_3rdparty_carersbenefits_mean_7d,model_vars_income,-1000000
bank_txn_income_centrelink_3rdparty_carersbenefits_median_7d,model_vars_income,-1000000
bank_txn_income_centrelink_3rdparty_carersbenefits_max_7d,model_vars_income,-1000000
bank_txn_income_centrelink_3rdparty_carersbenefits_min_7d,model_vars_income,-1000000
bank_txn_income_centrelink_3rdparty_carersbenefits_std_7d,model_vars_income,-1000000
bank_txn_income_centrelink_3rdparty_carersbenefits_cv_7d,model_vars_income,-1000000
bank_txn_income_centrelink_3rdparty_childsupport_sum_7d,model_vars_income,-1000000
bank_txn_income_centrelink_3rdparty_childsupport_count_7d,model_vars_income,-1000000
bank_txn_income_centrelink_3rdparty_childsupport_mean_7d,model_vars_income,-1000000
bank_txn_income_centrelink_3rdparty_childsupport_median_7d,model_vars_income,-1000000
bank_txn_income_centrelink_3rdparty_childsupport_max_7d,model_vars_income,-1000000
bank_txn_income_centrelink_3rdparty_childsupport_min_7d,model_vars_income,-1000000
bank_txn_income_centrelink_3rdparty_childsupport_std_7d,model_vars_income,-1000000
bank_txn_income_centrelink_3rdparty_childsupport_cv_7d,model_vars_income,-1000000
bank_txn_income_centrelink_3rdparty_youthallowance_sum_7d,model_vars_income,-1000000
bank_txn_income_centrelink_3rdparty_youthallowance_count_7d,model_vars_income,-1000000
bank_txn_income_centrelink_3rdparty_youthallowance_mean_7d,model_vars_income,-1000000
bank_txn_income_centrelink_3rdparty_youthallowance_median_7d,model_vars_income,-1000000
bank_txn_income_centrelink_3rdparty_youthallowance_max_7d,model_vars_income,-1000000
bank_txn_income_centrelink_3rdparty_youthallowance_min_7d,model_vars_income,-1000000
bank_txn_income_centrelink_3rdparty_youthallowance_std_7d,model_vars_income,-1000000
bank_txn_income_centrelink_3rdparty_youthallowance_cv_7d,model_vars_income,-1000000
bank_txn_income_centrelink_3rdparty_parentingpayment_sum_7d,model_vars_income,-1000000
bank_txn_income_centrelink_3rdparty_parentingpayment_count_7d,model_vars_income,-1000000
bank_txn_income_centrelink_3rdparty_parentingpayment_mean_7d,model_vars_income,-1000000
bank_txn_income_centrelink_3rdparty_parentingpayment_median_7d,model_vars_income,-1000000
bank_txn_income_centrelink_3rdparty_parentingpayment_max_7d,model_vars_income,-1000000
bank_txn_income_centrelink_3rdparty_parentingpayment_min_7d,model_vars_income,-1000000
bank_txn_income_centrelink_3rdparty_parentingpayment_std_7d,model_vars_income,-1000000
bank_txn_income_centrelink_3rdparty_parentingpayment_cv_7d,model_vars_income,-1000000
bank_txn_income_centrelink_3rdparty_nationaldisabilityinsurance_sum_7d,model_vars_income,-1000000
bank_txn_income_centrelink_3rdparty_nationaldisabilityinsurance_count_7d,model_vars_income,-1000000
bank_txn_income_centrelink_3rdparty_nationaldisabilityinsurance_mean_7d,model_vars_income,-1000000
bank_txn_income_centrelink_3rdparty_nationaldisabilityinsurance_median_7d,model_vars_income,-1000000
bank_txn_income_centrelink_3rdparty_nationaldisabilityinsurance_max_7d,model_vars_income,-1000000
bank_txn_income_centrelink_3rdparty_nationaldisabilityinsurance_min_7d,model_vars_income,-1000000
bank_txn_income_centrelink_3rdparty_nationaldisabilityinsurance_std_7d,model_vars_income,-1000000
bank_txn_income_centrelink_3rdparty_nationaldisabilityinsurance_cv_7d,model_vars_income,-1000000
bank_txn_income_centrelink_3rdparty_vetaffairs_sum_7d,model_vars_income,-1000000
bank_txn_income_centrelink_3rdparty_vetaffairs_count_7d,model_vars_income,-1000000
bank_txn_income_centrelink_3rdparty_vetaffairs_mean_7d,model_vars_income,-1000000
bank_txn_income_centrelink_3rdparty_vetaffairs_median_7d,model_vars_income,-1000000
bank_txn_income_centrelink_3rdparty_vetaffairs_max_7d,model_vars_income,-1000000
bank_txn_income_centrelink_3rdparty_vetaffairs_min_7d,model_vars_income,-1000000
bank_txn_income_centrelink_3rdparty_vetaffairs_std_7d,model_vars_income,-1000000
bank_txn_income_centrelink_3rdparty_vetaffairs_cv_7d,model_vars_income,-1000000
bank_txn_income_centrelink_3rdparty_parentalleavepay_sum_7d,model_vars_income,-1000000
bank_txn_income_centrelink_3rdparty_parentalleavepay_count_7d,model_vars_income,-1000000
bank_txn_income_centrelink_3rdparty_parentalleavepay_mean_7d,model_vars_income,-1000000
bank_txn_income_centrelink_3rdparty_parentalleavepay_median_7d,model_vars_income,-1000000
bank_txn_income_centrelink_3rdparty_parentalleavepay_max_7d,model_vars_income,-1000000
bank_txn_income_centrelink_3rdparty_parentalleavepay_min_7d,model_vars_income,-1000000
bank_txn_income_centrelink_3rdparty_parentalleavepay_std_7d,model_vars_income,-1000000
bank_txn_income_centrelink_3rdparty_parentalleavepay_cv_7d,model_vars_income,-1000000
bank_txn_income_centrelink_3rdparty_childcaresubsidy_sum_7d,model_vars_income,-1000000
bank_txn_income_centrelink_3rdparty_childcaresubsidy_count_7d,model_vars_income,-1000000
bank_txn_income_centrelink_3rdparty_childcaresubsidy_mean_7d,model_vars_income,-1000000
bank_txn_income_centrelink_3rdparty_childcaresubsidy_median_7d,model_vars_income,-1000000
bank_txn_income_centrelink_3rdparty_childcaresubsidy_max_7d,model_vars_income,-1000000
bank_txn_income_centrelink_3rdparty_childcaresubsidy_min_7d,model_vars_income,-1000000
bank_txn_income_centrelink_3rdparty_childcaresubsidy_std_7d,model_vars_income,-1000000
bank_txn_income_centrelink_3rdparty_childcaresubsidy_cv_7d,model_vars_income,-1000000
bank_txn_income_centrelink_3rdparty_educationentrypayment_sum_7d,model_vars_income,-1000000
bank_txn_income_centrelink_3rdparty_educationentrypayment_count_7d,model_vars_income,-1000000
bank_txn_income_centrelink_3rdparty_educationentrypayment_mean_7d,model_vars_income,-1000000
bank_txn_income_centrelink_3rdparty_educationentrypayment_median_7d,model_vars_income,-1000000
bank_txn_income_centrelink_3rdparty_educationentrypayment_max_7d,model_vars_income,-1000000
bank_txn_income_centrelink_3rdparty_educationentrypayment_min_7d,model_vars_income,-1000000
bank_txn_income_centrelink_3rdparty_educationentrypayment_std_7d,model_vars_income,-1000000
bank_txn_income_centrelink_3rdparty_educationentrypayment_cv_7d,model_vars_income,-1000000
bank_txn_income_centrelink_3rdparty_nationaldisabilityinsurancescheme_sum_7d,model_vars_income,-1000000
bank_txn_income_centrelink_3rdparty_nationaldisabilityinsurancescheme_count_7d,model_vars_income,-1000000
bank_txn_income_centrelink_3rdparty_nationaldisabilityinsurancescheme_mean_7d,model_vars_income,-1000000
bank_txn_income_centrelink_3rdparty_nationaldisabilityinsurancescheme_median_7d,model_vars_income,-1000000
bank_txn_income_centrelink_3rdparty_nationaldisabilityinsurancescheme_max_7d,model_vars_income,-1000000
bank_txn_income_centrelink_3rdparty_nationaldisabilityinsurancescheme_min_7d,model_vars_income,-1000000
bank_txn_income_centrelink_3rdparty_nationaldisabilityinsurancescheme_std_7d,model_vars_income,-1000000
bank_txn_income_centrelink_3rdparty_nationaldisabilityinsurancescheme_cv_7d,model_vars_income,-1000000
bank_txn_income_centrelink_3rdparty_childdisabilityassistancepayment_sum_7d,model_vars_income,-1000000
bank_txn_income_centrelink_3rdparty_childdisabilityassistancepayment_count_7d,model_vars_income,-1000000
bank_txn_income_centrelink_3rdparty_childdisabilityassistancepayment_mean_7d,model_vars_income,-1000000
bank_txn_income_centrelink_3rdparty_childdisabilityassistancepayment_median_7d,model_vars_income,-1000000
bank_txn_income_centrelink_3rdparty_childdisabilityassistancepayment_max_7d,model_vars_income,-1000000
bank_txn_income_centrelink_3rdparty_childdisabilityassistancepayment_min_7d,model_vars_income,-1000000
bank_txn_income_centrelink_3rdparty_childdisabilityassistancepayment_std_7d,model_vars_income,-1000000
bank_txn_income_centrelink_3rdparty_childdisabilityassistancepayment_cv_7d,model_vars_income,-1000000
bank_txn_income_centrelink_3rdparty_childdisabilityassistancepa_sum_7d,model_vars_income,-1000000
bank_txn_income_centrelink_3rdparty_childdisabilityassistancepa_count_7d,model_vars_income,-1000000
bank_txn_income_centrelink_3rdparty_childdisabilityassistancepa_mean_7d,model_vars_income,-1000000
bank_txn_income_centrelink_3rdparty_childdisabilityassistancepa_median_7d,model_vars_income,-1000000
bank_txn_income_centrelink_3rdparty_childdisabilityassistancepa_max_7d,model_vars_income,-1000000
bank_txn_income_centrelink_3rdparty_childdisabilityassistancepa_min_7d,model_vars_income,-1000000
bank_txn_income_centrelink_3rdparty_childdisabilityassistancepa_std_7d,model_vars_income,-1000000
bank_txn_income_centrelink_3rdparty_childdisabilityassistancepa_cv_7d,model_vars_income,-1000000
bank_txn_income_centrelink_3rdparty_othercentrelink_governmentpayments_sum_7d,model_vars_income,-1000000
bank_txn_income_centrelink_3rdparty_othercentrelink_governmentpayments_count_7d,model_vars_income,-1000000
bank_txn_income_centrelink_3rdparty_othercentrelink_governmentpayments_mean_7d,model_vars_income,-1000000
bank_txn_income_centrelink_3rdparty_othercentrelink_governmentpayments_median_7d,model_vars_income,-1000000
bank_txn_income_centrelink_3rdparty_othercentrelink_governmentpayments_max_7d,model_vars_income,-1000000
bank_txn_income_centrelink_3rdparty_othercentrelink_governmentpayments_min_7d,model_vars_income,-1000000
bank_txn_income_centrelink_3rdparty_othercentrelink_governmentpayments_std_7d,model_vars_income,-1000000
bank_txn_income_centrelink_3rdparty_othercentrelink_governmentpayments_cv_7d,model_vars_income,-1000000
bank_txn_income_centrelink_3rdparty_othercentrelink_governmentpa_sum_7d,model_vars_income,-1000000
bank_txn_income_centrelink_3rdparty_othercentrelink_governmentpa_count_7d,model_vars_income,-1000000
bank_txn_income_centrelink_3rdparty_othercentrelink_governmentpa_mean_7d,model_vars_income,-1000000
bank_txn_income_centrelink_3rdparty_othercentrelink_governmentpa_median_7d,model_vars_income,-1000000
bank_txn_income_centrelink_3rdparty_othercentrelink_governmentpa_max_7d,model_vars_income,-1000000
bank_txn_income_centrelink_3rdparty_othercentrelink_governmentpa_min_7d,model_vars_income,-1000000
bank_txn_income_centrelink_3rdparty_othercentrelink_governmentpa_std_7d,model_vars_income,-1000000
bank_txn_income_centrelink_3rdparty_othercentrelink_governmentpa_cv_7d,model_vars_income,-1000000
bank_txn_income_centrelink_3rdparty_colcconcessions_sum_7d,model_vars_income,-1000000
bank_txn_income_centrelink_3rdparty_colcconcessions_count_7d,model_vars_income,-1000000
bank_txn_income_centrelink_3rdparty_colcconcessions_mean_7d,model_vars_income,-1000000
bank_txn_income_centrelink_3rdparty_colcconcessions_median_7d,model_vars_income,-1000000
bank_txn_income_centrelink_3rdparty_colcconcessions_max_7d,model_vars_income,-1000000
bank_txn_income_centrelink_3rdparty_colcconcessions_min_7d,model_vars_income,-1000000
bank_txn_income_centrelink_3rdparty_colcconcessions_std_7d,model_vars_income,-1000000
bank_txn_income_centrelink_3rdparty_colcconcessions_cv_7d,model_vars_income,-1000000
bank_txn_income_centrelink_3rdparty_mobilityallowance_sum_7d,model_vars_income,-1000000
bank_txn_income_centrelink_3rdparty_mobilityallowance_count_7d,model_vars_income,-1000000
bank_txn_income_centrelink_3rdparty_mobilityallowance_mean_7d,model_vars_income,-1000000
bank_txn_income_centrelink_3rdparty_mobilityallowance_median_7d,model_vars_income,-1000000
bank_txn_income_centrelink_3rdparty_mobilityallowance_max_7d,model_vars_income,-1000000
bank_txn_income_centrelink_3rdparty_mobilityallowance_min_7d,model_vars_income,-1000000
bank_txn_income_centrelink_3rdparty_mobilityallowance_std_7d,model_vars_income,-1000000
bank_txn_income_centrelink_3rdparty_mobilityallowance_cv_7d,model_vars_income,-1000000
bank_txn_income_centrelink_3rdparty_stillbornpay_sum_7d,model_vars_income,-1000000
bank_txn_income_centrelink_3rdparty_stillbornpay_count_7d,model_vars_income,-1000000
bank_txn_income_centrelink_3rdparty_stillbornpay_mean_7d,model_vars_income,-1000000
bank_txn_income_centrelink_3rdparty_stillbornpay_median_7d,model_vars_income,-1000000
bank_txn_income_centrelink_3rdparty_stillbornpay_max_7d,model_vars_income,-1000000
bank_txn_income_centrelink_3rdparty_stillbornpay_min_7d,model_vars_income,-1000000
bank_txn_income_centrelink_3rdparty_stillbornpay_std_7d,model_vars_income,-1000000
bank_txn_income_centrelink_3rdparty_stillbornpay_cv_7d,model_vars_income,-1000000
bank_txn_income_centrelink_3rdparty_schoolkidsbonus_sum_7d,model_vars_income,-1000000
bank_txn_income_centrelink_3rdparty_schoolkidsbonus_count_7d,model_vars_income,-1000000
bank_txn_income_centrelink_3rdparty_schoolkidsbonus_mean_7d,model_vars_income,-1000000
bank_txn_income_centrelink_3rdparty_schoolkidsbonus_median_7d,model_vars_income,-1000000
bank_txn_income_centrelink_3rdparty_schoolkidsbonus_max_7d,model_vars_income,-1000000
bank_txn_income_centrelink_3rdparty_schoolkidsbonus_min_7d,model_vars_income,-1000000
bank_txn_income_centrelink_3rdparty_schoolkidsbonus_std_7d,model_vars_income,-1000000
bank_txn_income_centrelink_3rdparty_schoolkidsbonus_cv_7d,model_vars_income,-1000000
bank_txn_income_centrelink_3rdparty_disabilitypension_sum_7d,model_vars_income,-1000000
bank_txn_income_centrelink_3rdparty_disabilitypension_count_7d,model_vars_income,-1000000
bank_txn_income_centrelink_3rdparty_disabilitypension_mean_7d,model_vars_income,-1000000
bank_txn_income_centrelink_3rdparty_disabilitypension_median_7d,model_vars_income,-1000000
bank_txn_income_centrelink_3rdparty_disabilitypension_max_7d,model_vars_income,-1000000
bank_txn_income_centrelink_3rdparty_disabilitypension_min_7d,model_vars_income,-1000000
bank_txn_income_centrelink_3rdparty_disabilitypension_std_7d,model_vars_income,-1000000
bank_txn_income_centrelink_3rdparty_disabilitypension_cv_7d,model_vars_income,-1000000
bank_txn_income_centrelink_3rdparty_emergencypayment_sum_7d,model_vars_income,-1000000
bank_txn_income_centrelink_3rdparty_emergencypayment_count_7d,model_vars_income,-1000000
bank_txn_income_centrelink_3rdparty_emergencypayment_mean_7d,model_vars_income,-1000000
bank_txn_income_centrelink_3rdparty_emergencypayment_median_7d,model_vars_income,-1000000
bank_txn_income_centrelink_3rdparty_emergencypayment_max_7d,model_vars_income,-1000000
bank_txn_income_centrelink_3rdparty_emergencypayment_min_7d,model_vars_income,-1000000
bank_txn_income_centrelink_3rdparty_emergencypayment_std_7d,model_vars_income,-1000000
bank_txn_income_centrelink_3rdparty_emergencypayment_cv_7d,model_vars_income,-1000000
bank_txn_income_centrelink_3rdparty_centrelinkpension_sum_14d,model_vars_income,-1000000
bank_txn_income_centrelink_3rdparty_centrelinkpension_count_14d,model_vars_income,-1000000
bank_txn_income_centrelink_3rdparty_centrelinkpension_mean_14d,model_vars_income,-1000000
bank_txn_income_centrelink_3rdparty_centrelinkpension_median_14d,model_vars_income,-1000000
bank_txn_income_centrelink_3rdparty_centrelinkpension_max_14d,model_vars_income,-1000000
bank_txn_income_centrelink_3rdparty_centrelinkpension_min_14d,model_vars_income,-1000000
bank_txn_income_centrelink_3rdparty_centrelinkpension_std_14d,model_vars_income,-1000000
bank_txn_income_centrelink_3rdparty_centrelinkpension_cv_14d,model_vars_income,-1000000
bank_txn_income_centrelink_3rdparty_familybenefits_sum_14d,model_vars_income,-1000000
bank_txn_income_centrelink_3rdparty_familybenefits_count_14d,model_vars_income,-1000000
bank_txn_income_centrelink_3rdparty_familybenefits_mean_14d,model_vars_income,-1000000
bank_txn_income_centrelink_3rdparty_familybenefits_median_14d,model_vars_income,-1000000
bank_txn_income_centrelink_3rdparty_familybenefits_max_14d,model_vars_income,-1000000
bank_txn_income_centrelink_3rdparty_familybenefits_min_14d,model_vars_income,-1000000
bank_txn_income_centrelink_3rdparty_familybenefits_std_14d,model_vars_income,-1000000
bank_txn_income_centrelink_3rdparty_familybenefits_cv_14d,model_vars_income,-1000000
bank_txn_income_centrelink_3rdparty_jobseeker_sum_14d,model_vars_income,-1000000
bank_txn_income_centrelink_3rdparty_jobseeker_count_14d,model_vars_income,-1000000
bank_txn_income_centrelink_3rdparty_jobseeker_mean_14d,model_vars_income,-1000000
bank_txn_income_centrelink_3rdparty_jobseeker_median_14d,model_vars_income,-1000000
bank_txn_income_centrelink_3rdparty_jobseeker_max_14d,model_vars_income,-1000000
bank_txn_income_centrelink_3rdparty_jobseeker_min_14d,model_vars_income,-1000000
bank_txn_income_centrelink_3rdparty_jobseeker_std_14d,model_vars_income,-1000000
bank_txn_income_centrelink_3rdparty_jobseeker_cv_14d,model_vars_income,-1000000
bank_txn_income_centrelink_3rdparty_carersbenefits_sum_14d,model_vars_income,-1000000
bank_txn_income_centrelink_3rdparty_carersbenefits_count_14d,model_vars_income,-1000000
bank_txn_income_centrelink_3rdparty_carersbenefits_mean_14d,model_vars_income,-1000000
bank_txn_income_centrelink_3rdparty_carersbenefits_median_14d,model_vars_income,-1000000
bank_txn_income_centrelink_3rdparty_carersbenefits_max_14d,model_vars_income,-1000000
bank_txn_income_centrelink_3rdparty_carersbenefits_min_14d,model_vars_income,-1000000
bank_txn_income_centrelink_3rdparty_carersbenefits_std_14d,model_vars_income,-1000000
bank_txn_income_centrelink_3rdparty_carersbenefits_cv_14d,model_vars_income,-1000000
bank_txn_income_centrelink_3rdparty_childsupport_sum_14d,model_vars_income,-1000000
bank_txn_income_centrelink_3rdparty_childsupport_count_14d,model_vars_income,-1000000
bank_txn_income_centrelink_3rdparty_childsupport_mean_14d,model_vars_income,-1000000
bank_txn_income_centrelink_3rdparty_childsupport_median_14d,model_vars_income,-1000000
bank_txn_income_centrelink_3rdparty_childsupport_max_14d,model_vars_income,-1000000
bank_txn_income_centrelink_3rdparty_childsupport_min_14d,model_vars_income,-1000000
bank_txn_income_centrelink_3rdparty_childsupport_std_14d,model_vars_income,-1000000
bank_txn_income_centrelink_3rdparty_childsupport_cv_14d,model_vars_income,-1000000
bank_txn_income_centrelink_3rdparty_youthallowance_sum_14d,model_vars_income,-1000000
bank_txn_income_centrelink_3rdparty_youthallowance_count_14d,model_vars_income,-1000000
bank_txn_income_centrelink_3rdparty_youthallowance_mean_14d,model_vars_income,-1000000
bank_txn_income_centrelink_3rdparty_youthallowance_median_14d,model_vars_income,-1000000
bank_txn_income_centrelink_3rdparty_youthallowance_max_14d,model_vars_income,-1000000
bank_txn_income_centrelink_3rdparty_youthallowance_min_14d,model_vars_income,-1000000
bank_txn_income_centrelink_3rdparty_youthallowance_std_14d,model_vars_income,-1000000
bank_txn_income_centrelink_3rdparty_youthallowance_cv_14d,model_vars_income,-1000000
bank_txn_income_centrelink_3rdparty_parentingpayment_sum_14d,model_vars_income,-1000000
bank_txn_income_centrelink_3rdparty_parentingpayment_count_14d,model_vars_income,-1000000
bank_txn_income_centrelink_3rdparty_parentingpayment_mean_14d,model_vars_income,-1000000
bank_txn_income_centrelink_3rdparty_parentingpayment_median_14d,model_vars_income,-1000000
bank_txn_income_centrelink_3rdparty_parentingpayment_max_14d,model_vars_income,-1000000
bank_txn_income_centrelink_3rdparty_parentingpayment_min_14d,model_vars_income,-1000000
bank_txn_income_centrelink_3rdparty_parentingpayment_std_14d,model_vars_income,-1000000
bank_txn_income_centrelink_3rdparty_parentingpayment_cv_14d,model_vars_income,-1000000
bank_txn_income_centrelink_3rdparty_nationaldisabilityinsurance_sum_14d,model_vars_income,-1000000
bank_txn_income_centrelink_3rdparty_nationaldisabilityinsurance_count_14d,model_vars_income,-1000000
bank_txn_income_centrelink_3rdparty_nationaldisabilityinsurance_mean_14d,model_vars_income,-1000000
bank_txn_income_centrelink_3rdparty_nationaldisabilityinsurance_median_14d,model_vars_income,-1000000
bank_txn_income_centrelink_3rdparty_nationaldisabilityinsurance_max_14d,model_vars_income,-1000000
bank_txn_income_centrelink_3rdparty_nationaldisabilityinsurance_min_14d,model_vars_income,-1000000
bank_txn_income_centrelink_3rdparty_nationaldisabilityinsurance_std_14d,model_vars_income,-1000000
bank_txn_income_centrelink_3rdparty_nationaldisabilityinsurance_cv_14d,model_vars_income,-1000000
bank_txn_income_centrelink_3rdparty_vetaffairs_sum_14d,model_vars_income,-1000000
bank_txn_income_centrelink_3rdparty_vetaffairs_count_14d,model_vars_income,-1000000
bank_txn_income_centrelink_3rdparty_vetaffairs_mean_14d,model_vars_income,-1000000
bank_txn_income_centrelink_3rdparty_vetaffairs_median_14d,model_vars_income,-1000000
bank_txn_income_centrelink_3rdparty_vetaffairs_max_14d,model_vars_income,-1000000
bank_txn_income_centrelink_3rdparty_vetaffairs_min_14d,model_vars_income,-1000000
bank_txn_income_centrelink_3rdparty_vetaffairs_std_14d,model_vars_income,-1000000
bank_txn_income_centrelink_3rdparty_vetaffairs_cv_14d,model_vars_income,-1000000
bank_txn_income_centrelink_3rdparty_parentalleavepay_sum_14d,model_vars_income,-1000000
bank_txn_income_centrelink_3rdparty_parentalleavepay_count_14d,model_vars_income,-1000000
bank_txn_income_centrelink_3rdparty_parentalleavepay_mean_14d,model_vars_income,-1000000
bank_txn_income_centrelink_3rdparty_parentalleavepay_median_14d,model_vars_income,-1000000
bank_txn_income_centrelink_3rdparty_parentalleavepay_max_14d,model_vars_income,-1000000
bank_txn_income_centrelink_3rdparty_parentalleavepay_min_14d,model_vars_income,-1000000
bank_txn_income_centrelink_3rdparty_parentalleavepay_std_14d,model_vars_income,-1000000
bank_txn_income_centrelink_3rdparty_parentalleavepay_cv_14d,model_vars_income,-1000000
bank_txn_income_centrelink_3rdparty_childcaresubsidy_sum_14d,model_vars_income,-1000000
bank_txn_income_centrelink_3rdparty_childcaresubsidy_count_14d,model_vars_income,-1000000
bank_txn_income_centrelink_3rdparty_childcaresubsidy_mean_14d,model_vars_income,-1000000
bank_txn_income_centrelink_3rdparty_childcaresubsidy_median_14d,model_vars_income,-1000000
bank_txn_income_centrelink_3rdparty_childcaresubsidy_max_14d,model_vars_income,-1000000
bank_txn_income_centrelink_3rdparty_childcaresubsidy_min_14d,model_vars_income,-1000000
bank_txn_income_centrelink_3rdparty_childcaresubsidy_std_14d,model_vars_income,-1000000
bank_txn_income_centrelink_3rdparty_childcaresubsidy_cv_14d,model_vars_income,-1000000
bank_txn_income_centrelink_3rdparty_educationentrypayment_sum_14d,model_vars_income,-1000000
bank_txn_income_centrelink_3rdparty_educationentrypayment_count_14d,model_vars_income,-1000000
bank_txn_income_centrelink_3rdparty_educationentrypayment_mean_14d,model_vars_income,-1000000
bank_txn_income_centrelink_3rdparty_educationentrypayment_median_14d,model_vars_income,-1000000
bank_txn_income_centrelink_3rdparty_educationentrypayment_max_14d,model_vars_income,-1000000
bank_txn_income_centrelink_3rdparty_educationentrypayment_min_14d,model_vars_income,-1000000
bank_txn_income_centrelink_3rdparty_educationentrypayment_std_14d,model_vars_income,-1000000
bank_txn_income_centrelink_3rdparty_educationentrypayment_cv_14d,model_vars_income,-1000000
bank_txn_income_centrelink_3rdparty_nationaldisabilityinsurancescheme_sum_14d,model_vars_income,-1000000
bank_txn_income_centrelink_3rdparty_nationaldisabilityinsurancescheme_count_14d,model_vars_income,-1000000
bank_txn_income_centrelink_3rdparty_nationaldisabilityinsurancescheme_mean_14d,model_vars_income,-1000000
bank_txn_income_centrelink_3rdparty_nationaldisabilityinsurancescheme_median_14d,model_vars_income,-1000000
bank_txn_income_centrelink_3rdparty_nationaldisabilityinsurancescheme_max_14d,model_vars_income,-1000000
bank_txn_income_centrelink_3rdparty_nationaldisabilityinsurancescheme_min_14d,model_vars_income,-1000000
bank_txn_income_centrelink_3rdparty_nationaldisabilityinsurancescheme_std_14d,model_vars_income,-1000000
bank_txn_income_centrelink_3rdparty_nationaldisabilityinsurancescheme_cv_14d,model_vars_income,-1000000
bank_txn_income_centrelink_3rdparty_childdisabilityassistancepayment_sum_14d,model_vars_income,-1000000
bank_txn_income_centrelink_3rdparty_childdisabilityassistancepayment_count_14d,model_vars_income,-1000000
bank_txn_income_centrelink_3rdparty_childdisabilityassistancepayment_mean_14d,model_vars_income,-1000000
bank_txn_income_centrelink_3rdparty_childdisabilityassistancepayment_median_14d,model_vars_income,-1000000
bank_txn_income_centrelink_3rdparty_childdisabilityassistancepayment_max_14d,model_vars_income,-1000000
bank_txn_income_centrelink_3rdparty_childdisabilityassistancepayment_min_14d,model_vars_income,-1000000
bank_txn_income_centrelink_3rdparty_childdisabilityassistancepayment_std_14d,model_vars_income,-1000000
bank_txn_income_centrelink_3rdparty_childdisabilityassistancepayment_cv_14d,model_vars_income,-1000000
bank_txn_income_centrelink_3rdparty_childdisabilityassistancepa_sum_14d,model_vars_income,-1000000
bank_txn_income_centrelink_3rdparty_childdisabilityassistancepa_count_14d,model_vars_income,-1000000
bank_txn_income_centrelink_3rdparty_childdisabilityassistancepa_mean_14d,model_vars_income,-1000000
bank_txn_income_centrelink_3rdparty_childdisabilityassistancepa_median_14d,model_vars_income,-1000000
bank_txn_income_centrelink_3rdparty_childdisabilityassistancepa_max_14d,model_vars_income,-1000000
bank_txn_income_centrelink_3rdparty_childdisabilityassistancepa_min_14d,model_vars_income,-1000000
bank_txn_income_centrelink_3rdparty_childdisabilityassistancepa_std_14d,model_vars_income,-1000000
bank_txn_income_centrelink_3rdparty_childdisabilityassistancepa_cv_14d,model_vars_income,-1000000
bank_txn_income_centrelink_3rdparty_othercentrelink_governmentpayments_sum_14d,model_vars_income,-1000000
bank_txn_income_centrelink_3rdparty_othercentrelink_governmentpayments_count_14d,model_vars_income,-1000000
bank_txn_income_centrelink_3rdparty_othercentrelink_governmentpayments_mean_14d,model_vars_income,-1000000
bank_txn_income_centrelink_3rdparty_othercentrelink_governmentpayments_median_14d,model_vars_income,-1000000
bank_txn_income_centrelink_3rdparty_othercentrelink_governmentpayments_max_14d,model_vars_income,-1000000
bank_txn_income_centrelink_3rdparty_othercentrelink_governmentpayments_min_14d,model_vars_income,-1000000
bank_txn_income_centrelink_3rdparty_othercentrelink_governmentpayments_std_14d,model_vars_income,-1000000
bank_txn_income_centrelink_3rdparty_othercentrelink_governmentpayments_cv_14d,model_vars_income,-1000000
bank_txn_income_centrelink_3rdparty_othercentrelink_governmentpa_sum_14d,model_vars_income,-1000000
bank_txn_income_centrelink_3rdparty_othercentrelink_governmentpa_count_14d,model_vars_income,-1000000
bank_txn_income_centrelink_3rdparty_othercentrelink_governmentpa_mean_14d,model_vars_income,-1000000
bank_txn_income_centrelink_3rdparty_othercentrelink_governmentpa_median_14d,model_vars_income,-1000000
bank_txn_income_centrelink_3rdparty_othercentrelink_governmentpa_max_14d,model_vars_income,-1000000
bank_txn_income_centrelink_3rdparty_othercentrelink_governmentpa_min_14d,model_vars_income,-1000000
bank_txn_income_centrelink_3rdparty_othercentrelink_governmentpa_std_14d,model_vars_income,-1000000
bank_txn_income_centrelink_3rdparty_othercentrelink_governmentpa_cv_14d,model_vars_income,-1000000
bank_txn_income_centrelink_3rdparty_colcconcessions_sum_14d,model_vars_income,-1000000
bank_txn_income_centrelink_3rdparty_colcconcessions_count_14d,model_vars_income,-1000000
bank_txn_income_centrelink_3rdparty_colcconcessions_mean_14d,model_vars_income,-1000000
bank_txn_income_centrelink_3rdparty_colcconcessions_median_14d,model_vars_income,-1000000
bank_txn_income_centrelink_3rdparty_colcconcessions_max_14d,model_vars_income,-1000000
bank_txn_income_centrelink_3rdparty_colcconcessions_min_14d,model_vars_income,-1000000
bank_txn_income_centrelink_3rdparty_colcconcessions_std_14d,model_vars_income,-1000000
bank_txn_income_centrelink_3rdparty_colcconcessions_cv_14d,model_vars_income,-1000000
bank_txn_income_centrelink_3rdparty_mobilityallowance_sum_14d,model_vars_income,-1000000
bank_txn_income_centrelink_3rdparty_mobilityallowance_count_14d,model_vars_income,-1000000
bank_txn_income_centrelink_3rdparty_mobilityallowance_mean_14d,model_vars_income,-1000000
bank_txn_income_centrelink_3rdparty_mobilityallowance_median_14d,model_vars_income,-1000000
bank_txn_income_centrelink_3rdparty_mobilityallowance_max_14d,model_vars_income,-1000000
bank_txn_income_centrelink_3rdparty_mobilityallowance_min_14d,model_vars_income,-1000000
bank_txn_income_centrelink_3rdparty_mobilityallowance_std_14d,model_vars_income,-1000000
bank_txn_income_centrelink_3rdparty_mobilityallowance_cv_14d,model_vars_income,-1000000
bank_txn_income_centrelink_3rdparty_stillbornpay_sum_14d,model_vars_income,-1000000
bank_txn_income_centrelink_3rdparty_stillbornpay_count_14d,model_vars_income,-1000000
bank_txn_income_centrelink_3rdparty_stillbornpay_mean_14d,model_vars_income,-1000000
bank_txn_income_centrelink_3rdparty_stillbornpay_median_14d,model_vars_income,-1000000
bank_txn_income_centrelink_3rdparty_stillbornpay_max_14d,model_vars_income,-1000000
bank_txn_income_centrelink_3rdparty_stillbornpay_min_14d,model_vars_income,-1000000
bank_txn_income_centrelink_3rdparty_stillbornpay_std_14d,model_vars_income,-1000000
bank_txn_income_centrelink_3rdparty_stillbornpay_cv_14d,model_vars_income,-1000000
bank_txn_income_centrelink_3rdparty_schoolkidsbonus_sum_14d,model_vars_income,-1000000
bank_txn_income_centrelink_3rdparty_schoolkidsbonus_count_14d,model_vars_income,-1000000
bank_txn_income_centrelink_3rdparty_schoolkidsbonus_mean_14d,model_vars_income,-1000000
bank_txn_income_centrelink_3rdparty_schoolkidsbonus_median_14d,model_vars_income,-1000000
bank_txn_income_centrelink_3rdparty_schoolkidsbonus_max_14d,model_vars_income,-1000000
bank_txn_income_centrelink_3rdparty_schoolkidsbonus_min_14d,model_vars_income,-1000000
bank_txn_income_centrelink_3rdparty_schoolkidsbonus_std_14d,model_vars_income,-1000000
bank_txn_income_centrelink_3rdparty_schoolkidsbonus_cv_14d,model_vars_income,-1000000
bank_txn_income_centrelink_3rdparty_disabilitypension_sum_14d,model_vars_income,-1000000
bank_txn_income_centrelink_3rdparty_disabilitypension_count_14d,model_vars_income,-1000000
bank_txn_income_centrelink_3rdparty_disabilitypension_mean_14d,model_vars_income,-1000000
bank_txn_income_centrelink_3rdparty_disabilitypension_median_14d,model_vars_income,-1000000
bank_txn_income_centrelink_3rdparty_disabilitypension_max_14d,model_vars_income,-1000000
bank_txn_income_centrelink_3rdparty_disabilitypension_min_14d,model_vars_income,-1000000
bank_txn_income_centrelink_3rdparty_disabilitypension_std_14d,model_vars_income,-1000000
bank_txn_income_centrelink_3rdparty_disabilitypension_cv_14d,model_vars_income,-1000000
bank_txn_income_centrelink_3rdparty_emergencypayment_sum_14d,model_vars_income,-1000000
bank_txn_income_centrelink_3rdparty_emergencypayment_count_14d,model_vars_income,-1000000
bank_txn_income_centrelink_3rdparty_emergencypayment_mean_14d,model_vars_income,-1000000
bank_txn_income_centrelink_3rdparty_emergencypayment_median_14d,model_vars_income,-1000000
bank_txn_income_centrelink_3rdparty_emergencypayment_max_14d,model_vars_income,-1000000
bank_txn_income_centrelink_3rdparty_emergencypayment_min_14d,model_vars_income,-1000000
bank_txn_income_centrelink_3rdparty_emergencypayment_std_14d,model_vars_income,-1000000
bank_txn_income_centrelink_3rdparty_emergencypayment_cv_14d,model_vars_income,-1000000
bank_txn_income_centrelink_3rdparty_centrelinkpension_sum_28d,model_vars_income,-1000000
bank_txn_income_centrelink_3rdparty_centrelinkpension_count_28d,model_vars_income,-1000000
bank_txn_income_centrelink_3rdparty_centrelinkpension_mean_28d,model_vars_income,-1000000
bank_txn_income_centrelink_3rdparty_centrelinkpension_median_28d,model_vars_income,-1000000
bank_txn_income_centrelink_3rdparty_centrelinkpension_max_28d,model_vars_income,-1000000
bank_txn_income_centrelink_3rdparty_centrelinkpension_min_28d,model_vars_income,-1000000
bank_txn_income_centrelink_3rdparty_centrelinkpension_std_28d,model_vars_income,-1000000
bank_txn_income_centrelink_3rdparty_centrelinkpension_cv_28d,model_vars_income,-1000000
bank_txn_income_centrelink_3rdparty_familybenefits_sum_28d,model_vars_income,-1000000
bank_txn_income_centrelink_3rdparty_familybenefits_count_28d,model_vars_income,-1000000
bank_txn_income_centrelink_3rdparty_familybenefits_mean_28d,model_vars_income,-1000000
bank_txn_income_centrelink_3rdparty_familybenefits_median_28d,model_vars_income,-1000000
bank_txn_income_centrelink_3rdparty_familybenefits_max_28d,model_vars_income,-1000000
bank_txn_income_centrelink_3rdparty_familybenefits_min_28d,model_vars_income,-1000000
bank_txn_income_centrelink_3rdparty_familybenefits_std_28d,model_vars_income,-1000000
bank_txn_income_centrelink_3rdparty_familybenefits_cv_28d,model_vars_income,-1000000
bank_txn_income_centrelink_3rdparty_jobseeker_sum_28d,model_vars_income,-1000000
bank_txn_income_centrelink_3rdparty_jobseeker_count_28d,model_vars_income,-1000000
bank_txn_income_centrelink_3rdparty_jobseeker_mean_28d,model_vars_income,-1000000
bank_txn_income_centrelink_3rdparty_jobseeker_median_28d,model_vars_income,-1000000
bank_txn_income_centrelink_3rdparty_jobseeker_max_28d,model_vars_income,-1000000
bank_txn_income_centrelink_3rdparty_jobseeker_min_28d,model_vars_income,-1000000
bank_txn_income_centrelink_3rdparty_jobseeker_std_28d,model_vars_income,-1000000
bank_txn_income_centrelink_3rdparty_jobseeker_cv_28d,model_vars_income,-1000000
bank_txn_income_centrelink_3rdparty_carersbenefits_sum_28d,model_vars_income,-1000000
bank_txn_income_centrelink_3rdparty_carersbenefits_count_28d,model_vars_income,-1000000
bank_txn_income_centrelink_3rdparty_carersbenefits_mean_28d,model_vars_income,-1000000
bank_txn_income_centrelink_3rdparty_carersbenefits_median_28d,model_vars_income,-1000000
bank_txn_income_centrelink_3rdparty_carersbenefits_max_28d,model_vars_income,-1000000
bank_txn_income_centrelink_3rdparty_carersbenefits_min_28d,model_vars_income,-1000000
bank_txn_income_centrelink_3rdparty_carersbenefits_std_28d,model_vars_income,-1000000
bank_txn_income_centrelink_3rdparty_carersbenefits_cv_28d,model_vars_income,-1000000
bank_txn_income_centrelink_3rdparty_childsupport_sum_28d,model_vars_income,-1000000
bank_txn_income_centrelink_3rdparty_childsupport_count_28d,model_vars_income,-1000000
bank_txn_income_centrelink_3rdparty_childsupport_mean_28d,model_vars_income,-1000000
bank_txn_income_centrelink_3rdparty_childsupport_median_28d,model_vars_income,-1000000
bank_txn_income_centrelink_3rdparty_childsupport_max_28d,model_vars_income,-1000000
bank_txn_income_centrelink_3rdparty_childsupport_min_28d,model_vars_income,-1000000
bank_txn_income_centrelink_3rdparty_childsupport_std_28d,model_vars_income,-1000000
bank_txn_income_centrelink_3rdparty_childsupport_cv_28d,model_vars_income,-1000000
bank_txn_income_centrelink_3rdparty_youthallowance_sum_28d,model_vars_income,-1000000
bank_txn_income_centrelink_3rdparty_youthallowance_count_28d,model_vars_income,-1000000
bank_txn_income_centrelink_3rdparty_youthallowance_mean_28d,model_vars_income,-1000000
bank_txn_income_centrelink_3rdparty_youthallowance_median_28d,model_vars_income,-1000000
bank_txn_income_centrelink_3rdparty_youthallowance_max_28d,model_vars_income,-1000000
bank_txn_income_centrelink_3rdparty_youthallowance_min_28d,model_vars_income,-1000000
bank_txn_income_centrelink_3rdparty_youthallowance_std_28d,model_vars_income,-1000000
bank_txn_income_centrelink_3rdparty_youthallowance_cv_28d,model_vars_income,-1000000
bank_txn_income_centrelink_3rdparty_parentingpayment_sum_28d,model_vars_income,-1000000
bank_txn_income_centrelink_3rdparty_parentingpayment_count_28d,model_vars_income,-1000000
bank_txn_income_centrelink_3rdparty_parentingpayment_mean_28d,model_vars_income,-1000000
bank_txn_income_centrelink_3rdparty_parentingpayment_median_28d,model_vars_income,-1000000
bank_txn_income_centrelink_3rdparty_parentingpayment_max_28d,model_vars_income,-1000000
bank_txn_income_centrelink_3rdparty_parentingpayment_min_28d,model_vars_income,-1000000
bank_txn_income_centrelink_3rdparty_parentingpayment_std_28d,model_vars_income,-1000000
bank_txn_income_centrelink_3rdparty_parentingpayment_cv_28d,model_vars_income,-1000000
bank_txn_income_centrelink_3rdparty_nationaldisabilityinsurance_sum_28d,model_vars_income,-1000000
bank_txn_income_centrelink_3rdparty_nationaldisabilityinsurance_count_28d,model_vars_income,-1000000
bank_txn_income_centrelink_3rdparty_nationaldisabilityinsurance_mean_28d,model_vars_income,-1000000
bank_txn_income_centrelink_3rdparty_nationaldisabilityinsurance_median_28d,model_vars_income,-1000000
bank_txn_income_centrelink_3rdparty_nationaldisabilityinsurance_max_28d,model_vars_income,-1000000
bank_txn_income_centrelink_3rdparty_nationaldisabilityinsurance_min_28d,model_vars_income,-1000000
bank_txn_income_centrelink_3rdparty_nationaldisabilityinsurance_std_28d,model_vars_income,-1000000
bank_txn_income_centrelink_3rdparty_nationaldisabilityinsurance_cv_28d,model_vars_income,-1000000
bank_txn_income_centrelink_3rdparty_vetaffairs_sum_28d,model_vars_income,-1000000
bank_txn_income_centrelink_3rdparty_vetaffairs_count_28d,model_vars_income,-1000000
bank_txn_income_centrelink_3rdparty_vetaffairs_mean_28d,model_vars_income,-1000000
bank_txn_income_centrelink_3rdparty_vetaffairs_median_28d,model_vars_income,-1000000
bank_txn_income_centrelink_3rdparty_vetaffairs_max_28d,model_vars_income,-1000000
bank_txn_income_centrelink_3rdparty_vetaffairs_min_28d,model_vars_income,-1000000
bank_txn_income_centrelink_3rdparty_vetaffairs_std_28d,model_vars_income,-1000000
bank_txn_income_centrelink_3rdparty_vetaffairs_cv_28d,model_vars_income,-1000000
bank_txn_income_centrelink_3rdparty_parentalleavepay_sum_28d,model_vars_income,-1000000
bank_txn_income_centrelink_3rdparty_parentalleavepay_count_28d,model_vars_income,-1000000
bank_txn_income_centrelink_3rdparty_parentalleavepay_mean_28d,model_vars_income,-1000000
bank_txn_income_centrelink_3rdparty_parentalleavepay_median_28d,model_vars_income,-1000000
bank_txn_income_centrelink_3rdparty_parentalleavepay_max_28d,model_vars_income,-1000000
bank_txn_income_centrelink_3rdparty_parentalleavepay_min_28d,model_vars_income,-1000000
bank_txn_income_centrelink_3rdparty_parentalleavepay_std_28d,model_vars_income,-1000000
bank_txn_income_centrelink_3rdparty_parentalleavepay_cv_28d,model_vars_income,-1000000
bank_txn_income_centrelink_3rdparty_childcaresubsidy_sum_28d,model_vars_income,-1000000
bank_txn_income_centrelink_3rdparty_childcaresubsidy_count_28d,model_vars_income,-1000000
bank_txn_income_centrelink_3rdparty_childcaresubsidy_mean_28d,model_vars_income,-1000000
bank_txn_income_centrelink_3rdparty_childcaresubsidy_median_28d,model_vars_income,-1000000
bank_txn_income_centrelink_3rdparty_childcaresubsidy_max_28d,model_vars_income,-1000000
bank_txn_income_centrelink_3rdparty_childcaresubsidy_min_28d,model_vars_income,-1000000
bank_txn_income_centrelink_3rdparty_childcaresubsidy_std_28d,model_vars_income,-1000000
bank_txn_income_centrelink_3rdparty_childcaresubsidy_cv_28d,model_vars_income,-1000000
bank_txn_income_centrelink_3rdparty_educationentrypayment_sum_28d,model_vars_income,-1000000
bank_txn_income_centrelink_3rdparty_educationentrypayment_count_28d,model_vars_income,-1000000
bank_txn_income_centrelink_3rdparty_educationentrypayment_mean_28d,model_vars_income,-1000000
bank_txn_income_centrelink_3rdparty_educationentrypayment_median_28d,model_vars_income,-1000000
bank_txn_income_centrelink_3rdparty_educationentrypayment_max_28d,model_vars_income,-1000000
bank_txn_income_centrelink_3rdparty_educationentrypayment_min_28d,model_vars_income,-1000000
bank_txn_income_centrelink_3rdparty_educationentrypayment_std_28d,model_vars_income,-1000000
bank_txn_income_centrelink_3rdparty_educationentrypayment_cv_28d,model_vars_income,-1000000
bank_txn_income_centrelink_3rdparty_nationaldisabilityinsurancescheme_sum_28d,model_vars_income,-1000000
bank_txn_income_centrelink_3rdparty_nationaldisabilityinsurancescheme_count_28d,model_vars_income,-1000000
bank_txn_income_centrelink_3rdparty_nationaldisabilityinsurancescheme_mean_28d,model_vars_income,-1000000
bank_txn_income_centrelink_3rdparty_nationaldisabilityinsurancescheme_median_28d,model_vars_income,-1000000
bank_txn_income_centrelink_3rdparty_nationaldisabilityinsurancescheme_max_28d,model_vars_income,-1000000
bank_txn_income_centrelink_3rdparty_nationaldisabilityinsurancescheme_min_28d,model_vars_income,-1000000
bank_txn_income_centrelink_3rdparty_nationaldisabilityinsurancescheme_std_28d,model_vars_income,-1000000
bank_txn_income_centrelink_3rdparty_nationaldisabilityinsurancescheme_cv_28d,model_vars_income,-1000000
bank_txn_income_centrelink_3rdparty_childdisabilityassistancepayment_sum_28d,model_vars_income,-1000000
bank_txn_income_centrelink_3rdparty_childdisabilityassistancepayment_count_28d,model_vars_income,-1000000
bank_txn_income_centrelink_3rdparty_childdisabilityassistancepayment_mean_28d,model_vars_income,-1000000
bank_txn_income_centrelink_3rdparty_childdisabilityassistancepayment_median_28d,model_vars_income,-1000000
bank_txn_income_centrelink_3rdparty_childdisabilityassistancepayment_max_28d,model_vars_income,-1000000
bank_txn_income_centrelink_3rdparty_childdisabilityassistancepayment_min_28d,model_vars_income,-1000000
bank_txn_income_centrelink_3rdparty_childdisabilityassistancepayment_std_28d,model_vars_income,-1000000
bank_txn_income_centrelink_3rdparty_childdisabilityassistancepayment_cv_28d,model_vars_income,-1000000
bank_txn_income_centrelink_3rdparty_childdisabilityassistancepa_sum_28d,model_vars_income,-1000000
bank_txn_income_centrelink_3rdparty_childdisabilityassistancepa_count_28d,model_vars_income,-1000000
bank_txn_income_centrelink_3rdparty_childdisabilityassistancepa_mean_28d,model_vars_income,-1000000
bank_txn_income_centrelink_3rdparty_childdisabilityassistancepa_median_28d,model_vars_income,-1000000
bank_txn_income_centrelink_3rdparty_childdisabilityassistancepa_max_28d,model_vars_income,-1000000
bank_txn_income_centrelink_3rdparty_childdisabilityassistancepa_min_28d,model_vars_income,-1000000
bank_txn_income_centrelink_3rdparty_childdisabilityassistancepa_std_28d,model_vars_income,-1000000
bank_txn_income_centrelink_3rdparty_childdisabilityassistancepa_cv_28d,model_vars_income,-1000000
bank_txn_income_centrelink_3rdparty_othercentrelink_governmentpayments_sum_28d,model_vars_income,-1000000
bank_txn_income_centrelink_3rdparty_othercentrelink_governmentpayments_count_28d,model_vars_income,-1000000
bank_txn_income_centrelink_3rdparty_othercentrelink_governmentpayments_mean_28d,model_vars_income,-1000000
bank_txn_income_centrelink_3rdparty_othercentrelink_governmentpayments_median_28d,model_vars_income,-1000000
bank_txn_income_centrelink_3rdparty_othercentrelink_governmentpayments_max_28d,model_vars_income,-1000000
bank_txn_income_centrelink_3rdparty_othercentrelink_governmentpayments_min_28d,model_vars_income,-1000000
bank_txn_income_centrelink_3rdparty_othercentrelink_governmentpayments_std_28d,model_vars_income,-1000000
bank_txn_income_centrelink_3rdparty_othercentrelink_governmentpayments_cv_28d,model_vars_income,-1000000
bank_txn_income_centrelink_3rdparty_othercentrelink_governmentpa_sum_28d,model_vars_income,-1000000
bank_txn_income_centrelink_3rdparty_othercentrelink_governmentpa_count_28d,model_vars_income,-1000000
bank_txn_income_centrelink_3rdparty_othercentrelink_governmentpa_mean_28d,model_vars_income,-1000000
bank_txn_income_centrelink_3rdparty_othercentrelink_governmentpa_median_28d,model_vars_income,-1000000
bank_txn_income_centrelink_3rdparty_othercentrelink_governmentpa_max_28d,model_vars_income,-1000000
bank_txn_income_centrelink_3rdparty_othercentrelink_governmentpa_min_28d,model_vars_income,-1000000
bank_txn_income_centrelink_3rdparty_othercentrelink_governmentpa_std_28d,model_vars_income,-1000000
bank_txn_income_centrelink_3rdparty_othercentrelink_governmentpa_cv_28d,model_vars_income,-1000000
bank_txn_income_centrelink_3rdparty_colcconcessions_sum_28d,model_vars_income,-1000000
bank_txn_income_centrelink_3rdparty_colcconcessions_count_28d,model_vars_income,-1000000
bank_txn_income_centrelink_3rdparty_colcconcessions_mean_28d,model_vars_income,-1000000
bank_txn_income_centrelink_3rdparty_colcconcessions_median_28d,model_vars_income,-1000000
bank_txn_income_centrelink_3rdparty_colcconcessions_max_28d,model_vars_income,-1000000
bank_txn_income_centrelink_3rdparty_colcconcessions_min_28d,model_vars_income,-1000000
bank_txn_income_centrelink_3rdparty_colcconcessions_std_28d,model_vars_income,-1000000
bank_txn_income_centrelink_3rdparty_colcconcessions_cv_28d,model_vars_income,-1000000
bank_txn_income_centrelink_3rdparty_mobilityallowance_sum_28d,model_vars_income,-1000000
bank_txn_income_centrelink_3rdparty_mobilityallowance_count_28d,model_vars_income,-1000000
bank_txn_income_centrelink_3rdparty_mobilityallowance_mean_28d,model_vars_income,-1000000
bank_txn_income_centrelink_3rdparty_mobilityallowance_median_28d,model_vars_income,-1000000
bank_txn_income_centrelink_3rdparty_mobilityallowance_max_28d,model_vars_income,-1000000
bank_txn_income_centrelink_3rdparty_mobilityallowance_min_28d,model_vars_income,-1000000
bank_txn_income_centrelink_3rdparty_mobilityallowance_std_28d,model_vars_income,-1000000
bank_txn_income_centrelink_3rdparty_mobilityallowance_cv_28d,model_vars_income,-1000000
bank_txn_income_centrelink_3rdparty_stillbornpay_sum_28d,model_vars_income,-1000000
bank_txn_income_centrelink_3rdparty_stillbornpay_count_28d,model_vars_income,-1000000
bank_txn_income_centrelink_3rdparty_stillbornpay_mean_28d,model_vars_income,-1000000
bank_txn_income_centrelink_3rdparty_stillbornpay_median_28d,model_vars_income,-1000000
bank_txn_income_centrelink_3rdparty_stillbornpay_max_28d,model_vars_income,-1000000
bank_txn_income_centrelink_3rdparty_stillbornpay_min_28d,model_vars_income,-1000000
bank_txn_income_centrelink_3rdparty_stillbornpay_std_28d,model_vars_income,-1000000
bank_txn_income_centrelink_3rdparty_stillbornpay_cv_28d,model_vars_income,-1000000
bank_txn_income_centrelink_3rdparty_schoolkidsbonus_sum_28d,model_vars_income,-1000000
bank_txn_income_centrelink_3rdparty_schoolkidsbonus_count_28d,model_vars_income,-1000000
bank_txn_income_centrelink_3rdparty_schoolkidsbonus_mean_28d,model_vars_income,-1000000
bank_txn_income_centrelink_3rdparty_schoolkidsbonus_median_28d,model_vars_income,-1000000
bank_txn_income_centrelink_3rdparty_schoolkidsbonus_max_28d,model_vars_income,-1000000
bank_txn_income_centrelink_3rdparty_schoolkidsbonus_min_28d,model_vars_income,-1000000
bank_txn_income_centrelink_3rdparty_schoolkidsbonus_std_28d,model_vars_income,-1000000
bank_txn_income_centrelink_3rdparty_schoolkidsbonus_cv_28d,model_vars_income,-1000000
bank_txn_income_centrelink_3rdparty_disabilitypension_sum_28d,model_vars_income,-1000000
bank_txn_income_centrelink_3rdparty_disabilitypension_count_28d,model_vars_income,-1000000
bank_txn_income_centrelink_3rdparty_disabilitypension_mean_28d,model_vars_income,-1000000
bank_txn_income_centrelink_3rdparty_disabilitypension_median_28d,model_vars_income,-1000000
bank_txn_income_centrelink_3rdparty_disabilitypension_max_28d,model_vars_income,-1000000
bank_txn_income_centrelink_3rdparty_disabilitypension_min_28d,model_vars_income,-1000000
bank_txn_income_centrelink_3rdparty_disabilitypension_std_28d,model_vars_income,-1000000
bank_txn_income_centrelink_3rdparty_disabilitypension_cv_28d,model_vars_income,-1000000
bank_txn_income_centrelink_3rdparty_emergencypayment_sum_28d,model_vars_income,-1000000
bank_txn_income_centrelink_3rdparty_emergencypayment_count_28d,model_vars_income,-1000000
bank_txn_income_centrelink_3rdparty_emergencypayment_mean_28d,model_vars_income,-1000000
bank_txn_income_centrelink_3rdparty_emergencypayment_median_28d,model_vars_income,-1000000
bank_txn_income_centrelink_3rdparty_emergencypayment_max_28d,model_vars_income,-1000000
bank_txn_income_centrelink_3rdparty_emergencypayment_min_28d,model_vars_income,-1000000
bank_txn_income_centrelink_3rdparty_emergencypayment_std_28d,model_vars_income,-1000000
bank_txn_income_centrelink_3rdparty_emergencypayment_cv_28d,model_vars_income,-1000000
bank_txn_income_centrelink_3rdparty_centrelinkpension_sum_56d,model_vars_income,-1000000
bank_txn_income_centrelink_3rdparty_centrelinkpension_count_56d,model_vars_income,-1000000
bank_txn_income_centrelink_3rdparty_centrelinkpension_mean_56d,model_vars_income,-1000000
bank_txn_income_centrelink_3rdparty_centrelinkpension_median_56d,model_vars_income,-1000000
bank_txn_income_centrelink_3rdparty_centrelinkpension_max_56d,model_vars_income,-1000000
bank_txn_income_centrelink_3rdparty_centrelinkpension_min_56d,model_vars_income,-1000000
bank_txn_income_centrelink_3rdparty_centrelinkpension_std_56d,model_vars_income,-1000000
bank_txn_income_centrelink_3rdparty_centrelinkpension_cv_56d,model_vars_income,-1000000
bank_txn_income_centrelink_3rdparty_familybenefits_sum_56d,model_vars_income,-1000000
bank_txn_income_centrelink_3rdparty_familybenefits_count_56d,model_vars_income,-1000000
bank_txn_income_centrelink_3rdparty_familybenefits_mean_56d,model_vars_income,-1000000
bank_txn_income_centrelink_3rdparty_familybenefits_median_56d,model_vars_income,-1000000
bank_txn_income_centrelink_3rdparty_familybenefits_max_56d,model_vars_income,-1000000
bank_txn_income_centrelink_3rdparty_familybenefits_min_56d,model_vars_income,-1000000
bank_txn_income_centrelink_3rdparty_familybenefits_std_56d,model_vars_income,-1000000
bank_txn_income_centrelink_3rdparty_familybenefits_cv_56d,model_vars_income,-1000000
bank_txn_income_centrelink_3rdparty_jobseeker_sum_56d,model_vars_income,-1000000
bank_txn_income_centrelink_3rdparty_jobseeker_count_56d,model_vars_income,-1000000
bank_txn_income_centrelink_3rdparty_jobseeker_mean_56d,model_vars_income,-1000000
bank_txn_income_centrelink_3rdparty_jobseeker_median_56d,model_vars_income,-1000000
bank_txn_income_centrelink_3rdparty_jobseeker_max_56d,model_vars_income,-1000000
bank_txn_income_centrelink_3rdparty_jobseeker_min_56d,model_vars_income,-1000000
bank_txn_income_centrelink_3rdparty_jobseeker_std_56d,model_vars_income,-1000000
bank_txn_income_centrelink_3rdparty_jobseeker_cv_56d,model_vars_income,-1000000
bank_txn_income_centrelink_3rdparty_carersbenefits_sum_56d,model_vars_income,-1000000
bank_txn_income_centrelink_3rdparty_carersbenefits_count_56d,model_vars_income,-1000000
bank_txn_income_centrelink_3rdparty_carersbenefits_mean_56d,model_vars_income,-1000000
bank_txn_income_centrelink_3rdparty_carersbenefits_median_56d,model_vars_income,-1000000
bank_txn_income_centrelink_3rdparty_carersbenefits_max_56d,model_vars_income,-1000000
bank_txn_income_centrelink_3rdparty_carersbenefits_min_56d,model_vars_income,-1000000
bank_txn_income_centrelink_3rdparty_carersbenefits_std_56d,model_vars_income,-1000000
bank_txn_income_centrelink_3rdparty_carersbenefits_cv_56d,model_vars_income,-1000000
bank_txn_income_centrelink_3rdparty_childsupport_sum_56d,model_vars_income,-1000000
bank_txn_income_centrelink_3rdparty_childsupport_count_56d,model_vars_income,-1000000
bank_txn_income_centrelink_3rdparty_childsupport_mean_56d,model_vars_income,-1000000
bank_txn_income_centrelink_3rdparty_childsupport_median_56d,model_vars_income,-1000000
bank_txn_income_centrelink_3rdparty_childsupport_max_56d,model_vars_income,-1000000
bank_txn_income_centrelink_3rdparty_childsupport_min_56d,model_vars_income,-1000000
bank_txn_income_centrelink_3rdparty_childsupport_std_56d,model_vars_income,-1000000
bank_txn_income_centrelink_3rdparty_childsupport_cv_56d,model_vars_income,-1000000
bank_txn_income_centrelink_3rdparty_youthallowance_sum_56d,model_vars_income,-1000000
bank_txn_income_centrelink_3rdparty_youthallowance_count_56d,model_vars_income,-1000000
bank_txn_income_centrelink_3rdparty_youthallowance_mean_56d,model_vars_income,-1000000
bank_txn_income_centrelink_3rdparty_youthallowance_median_56d,model_vars_income,-1000000
bank_txn_income_centrelink_3rdparty_youthallowance_max_56d,model_vars_income,-1000000
bank_txn_income_centrelink_3rdparty_youthallowance_min_56d,model_vars_income,-1000000
bank_txn_income_centrelink_3rdparty_youthallowance_std_56d,model_vars_income,-1000000
bank_txn_income_centrelink_3rdparty_youthallowance_cv_56d,model_vars_income,-1000000
bank_txn_income_centrelink_3rdparty_parentingpayment_sum_56d,model_vars_income,-1000000
bank_txn_income_centrelink_3rdparty_parentingpayment_count_56d,model_vars_income,-1000000
bank_txn_income_centrelink_3rdparty_parentingpayment_mean_56d,model_vars_income,-1000000
bank_txn_income_centrelink_3rdparty_parentingpayment_median_56d,model_vars_income,-1000000
bank_txn_income_centrelink_3rdparty_parentingpayment_max_56d,model_vars_income,-1000000
bank_txn_income_centrelink_3rdparty_parentingpayment_min_56d,model_vars_income,-1000000
bank_txn_income_centrelink_3rdparty_parentingpayment_std_56d,model_vars_income,-1000000
bank_txn_income_centrelink_3rdparty_parentingpayment_cv_56d,model_vars_income,-1000000
bank_txn_income_centrelink_3rdparty_nationaldisabilityinsurance_sum_56d,model_vars_income,-1000000
bank_txn_income_centrelink_3rdparty_nationaldisabilityinsurance_count_56d,model_vars_income,-1000000
bank_txn_income_centrelink_3rdparty_nationaldisabilityinsurance_mean_56d,model_vars_income,-1000000
bank_txn_income_centrelink_3rdparty_nationaldisabilityinsurance_median_56d,model_vars_income,-1000000
bank_txn_income_centrelink_3rdparty_nationaldisabilityinsurance_max_56d,model_vars_income,-1000000
bank_txn_income_centrelink_3rdparty_nationaldisabilityinsurance_min_56d,model_vars_income,-1000000
bank_txn_income_centrelink_3rdparty_nationaldisabilityinsurance_std_56d,model_vars_income,-1000000
bank_txn_income_centrelink_3rdparty_nationaldisabilityinsurance_cv_56d,model_vars_income,-1000000
bank_txn_income_centrelink_3rdparty_vetaffairs_sum_56d,model_vars_income,-1000000
bank_txn_income_centrelink_3rdparty_vetaffairs_count_56d,model_vars_income,-1000000
bank_txn_income_centrelink_3rdparty_vetaffairs_mean_56d,model_vars_income,-1000000
bank_txn_income_centrelink_3rdparty_vetaffairs_median_56d,model_vars_income,-1000000
bank_txn_income_centrelink_3rdparty_vetaffairs_max_56d,model_vars_income,-1000000
bank_txn_income_centrelink_3rdparty_vetaffairs_min_56d,model_vars_income,-1000000
bank_txn_income_centrelink_3rdparty_vetaffairs_std_56d,model_vars_income,-1000000
bank_txn_income_centrelink_3rdparty_vetaffairs_cv_56d,model_vars_income,-1000000
bank_txn_income_centrelink_3rdparty_parentalleavepay_sum_56d,model_vars_income,-1000000
bank_txn_income_centrelink_3rdparty_parentalleavepay_count_56d,model_vars_income,-1000000
bank_txn_income_centrelink_3rdparty_parentalleavepay_mean_56d,model_vars_income,-1000000
bank_txn_income_centrelink_3rdparty_parentalleavepay_median_56d,model_vars_income,-1000000
bank_txn_income_centrelink_3rdparty_parentalleavepay_max_56d,model_vars_income,-1000000
bank_txn_income_centrelink_3rdparty_parentalleavepay_min_56d,model_vars_income,-1000000
bank_txn_income_centrelink_3rdparty_parentalleavepay_std_56d,model_vars_income,-1000000
bank_txn_income_centrelink_3rdparty_parentalleavepay_cv_56d,model_vars_income,-1000000
bank_txn_income_centrelink_3rdparty_childcaresubsidy_sum_56d,model_vars_income,-1000000
bank_txn_income_centrelink_3rdparty_childcaresubsidy_count_56d,model_vars_income,-1000000
bank_txn_income_centrelink_3rdparty_childcaresubsidy_mean_56d,model_vars_income,-1000000
bank_txn_income_centrelink_3rdparty_childcaresubsidy_median_56d,model_vars_income,-1000000
bank_txn_income_centrelink_3rdparty_childcaresubsidy_max_56d,model_vars_income,-1000000
bank_txn_income_centrelink_3rdparty_childcaresubsidy_min_56d,model_vars_income,-1000000
bank_txn_income_centrelink_3rdparty_childcaresubsidy_std_56d,model_vars_income,-1000000
bank_txn_income_centrelink_3rdparty_childcaresubsidy_cv_56d,model_vars_income,-1000000
bank_txn_income_centrelink_3rdparty_educationentrypayment_sum_56d,model_vars_income,-1000000
bank_txn_income_centrelink_3rdparty_educationentrypayment_count_56d,model_vars_income,-1000000
bank_txn_income_centrelink_3rdparty_educationentrypayment_mean_56d,model_vars_income,-1000000
bank_txn_income_centrelink_3rdparty_educationentrypayment_median_56d,model_vars_income,-1000000
bank_txn_income_centrelink_3rdparty_educationentrypayment_max_56d,model_vars_income,-1000000
bank_txn_income_centrelink_3rdparty_educationentrypayment_min_56d,model_vars_income,-1000000
bank_txn_income_centrelink_3rdparty_educationentrypayment_std_56d,model_vars_income,-1000000
bank_txn_income_centrelink_3rdparty_educationentrypayment_cv_56d,model_vars_income,-1000000
bank_txn_income_centrelink_3rdparty_nationaldisabilityinsurancescheme_sum_56d,model_vars_income,-1000000
bank_txn_income_centrelink_3rdparty_nationaldisabilityinsurancescheme_count_56d,model_vars_income,-1000000
bank_txn_income_centrelink_3rdparty_nationaldisabilityinsurancescheme_mean_56d,model_vars_income,-1000000
bank_txn_income_centrelink_3rdparty_nationaldisabilityinsurancescheme_median_56d,model_vars_income,-1000000
bank_txn_income_centrelink_3rdparty_nationaldisabilityinsurancescheme_max_56d,model_vars_income,-1000000
bank_txn_income_centrelink_3rdparty_nationaldisabilityinsurancescheme_min_56d,model_vars_income,-1000000
bank_txn_income_centrelink_3rdparty_nationaldisabilityinsurancescheme_std_56d,model_vars_income,-1000000
bank_txn_income_centrelink_3rdparty_nationaldisabilityinsurancescheme_cv_56d,model_vars_income,-1000000
bank_txn_income_centrelink_3rdparty_childdisabilityassistancepayment_sum_56d,model_vars_income,-1000000
bank_txn_income_centrelink_3rdparty_childdisabilityassistancepayment_count_56d,model_vars_income,-1000000
bank_txn_income_centrelink_3rdparty_childdisabilityassistancepayment_mean_56d,model_vars_income,-1000000
bank_txn_income_centrelink_3rdparty_childdisabilityassistancepayment_median_56d,model_vars_income,-1000000
bank_txn_income_centrelink_3rdparty_childdisabilityassistancepayment_max_56d,model_vars_income,-1000000
bank_txn_income_centrelink_3rdparty_childdisabilityassistancepayment_min_56d,model_vars_income,-1000000
bank_txn_income_centrelink_3rdparty_childdisabilityassistancepayment_std_56d,model_vars_income,-1000000
bank_txn_income_centrelink_3rdparty_childdisabilityassistancepayment_cv_56d,model_vars_income,-1000000
bank_txn_income_centrelink_3rdparty_childdisabilityassistancepa_sum_56d,model_vars_income,-1000000
bank_txn_income_centrelink_3rdparty_childdisabilityassistancepa_count_56d,model_vars_income,-1000000
bank_txn_income_centrelink_3rdparty_childdisabilityassistancepa_mean_56d,model_vars_income,-1000000
bank_txn_income_centrelink_3rdparty_childdisabilityassistancepa_median_56d,model_vars_income,-1000000
bank_txn_income_centrelink_3rdparty_childdisabilityassistancepa_max_56d,model_vars_income,-1000000
bank_txn_income_centrelink_3rdparty_childdisabilityassistancepa_min_56d,model_vars_income,-1000000
bank_txn_income_centrelink_3rdparty_childdisabilityassistancepa_std_56d,model_vars_income,-1000000
bank_txn_income_centrelink_3rdparty_childdisabilityassistancepa_cv_56d,model_vars_income,-1000000
bank_txn_income_centrelink_3rdparty_othercentrelink_governmentpayments_sum_56d,model_vars_income,-1000000
bank_txn_income_centrelink_3rdparty_othercentrelink_governmentpayments_count_56d,model_vars_income,-1000000
bank_txn_income_centrelink_3rdparty_othercentrelink_governmentpayments_mean_56d,model_vars_income,-1000000
bank_txn_income_centrelink_3rdparty_othercentrelink_governmentpayments_median_56d,model_vars_income,-1000000
bank_txn_income_centrelink_3rdparty_othercentrelink_governmentpayments_max_56d,model_vars_income,-1000000
bank_txn_income_centrelink_3rdparty_othercentrelink_governmentpayments_min_56d,model_vars_income,-1000000
bank_txn_income_centrelink_3rdparty_othercentrelink_governmentpayments_std_56d,model_vars_income,-1000000
bank_txn_income_centrelink_3rdparty_othercentrelink_governmentpayments_cv_56d,model_vars_income,-1000000
bank_txn_income_centrelink_3rdparty_othercentrelink_governmentpa_sum_56d,model_vars_income,-1000000
bank_txn_income_centrelink_3rdparty_othercentrelink_governmentpa_count_56d,model_vars_income,-1000000
bank_txn_income_centrelink_3rdparty_othercentrelink_governmentpa_mean_56d,model_vars_income,-1000000
bank_txn_income_centrelink_3rdparty_othercentrelink_governmentpa_median_56d,model_vars_income,-1000000
bank_txn_income_centrelink_3rdparty_othercentrelink_governmentpa_max_56d,model_vars_income,-1000000
bank_txn_income_centrelink_3rdparty_othercentrelink_governmentpa_min_56d,model_vars_income,-1000000
bank_txn_income_centrelink_3rdparty_othercentrelink_governmentpa_std_56d,model_vars_income,-1000000
bank_txn_income_centrelink_3rdparty_othercentrelink_governmentpa_cv_56d,model_vars_income,-1000000
bank_txn_income_centrelink_3rdparty_colcconcessions_sum_56d,model_vars_income,-1000000
bank_txn_income_centrelink_3rdparty_colcconcessions_count_56d,model_vars_income,-1000000
bank_txn_income_centrelink_3rdparty_colcconcessions_mean_56d,model_vars_income,-1000000
bank_txn_income_centrelink_3rdparty_colcconcessions_median_56d,model_vars_income,-1000000
bank_txn_income_centrelink_3rdparty_colcconcessions_max_56d,model_vars_income,-1000000
bank_txn_income_centrelink_3rdparty_colcconcessions_min_56d,model_vars_income,-1000000
bank_txn_income_centrelink_3rdparty_colcconcessions_std_56d,model_vars_income,-1000000
bank_txn_income_centrelink_3rdparty_colcconcessions_cv_56d,model_vars_income,-1000000
bank_txn_income_centrelink_3rdparty_mobilityallowance_sum_56d,model_vars_income,-1000000
bank_txn_income_centrelink_3rdparty_mobilityallowance_count_56d,model_vars_income,-1000000
bank_txn_income_centrelink_3rdparty_mobilityallowance_mean_56d,model_vars_income,-1000000
bank_txn_income_centrelink_3rdparty_mobilityallowance_median_56d,model_vars_income,-1000000
bank_txn_income_centrelink_3rdparty_mobilityallowance_max_56d,model_vars_income,-1000000
bank_txn_income_centrelink_3rdparty_mobilityallowance_min_56d,model_vars_income,-1000000
bank_txn_income_centrelink_3rdparty_mobilityallowance_std_56d,model_vars_income,-1000000
bank_txn_income_centrelink_3rdparty_mobilityallowance_cv_56d,model_vars_income,-1000000
bank_txn_income_centrelink_3rdparty_stillbornpay_sum_56d,model_vars_income,-1000000
bank_txn_income_centrelink_3rdparty_stillbornpay_count_56d,model_vars_income,-1000000
bank_txn_income_centrelink_3rdparty_stillbornpay_mean_56d,model_vars_income,-1000000
bank_txn_income_centrelink_3rdparty_stillbornpay_median_56d,model_vars_income,-1000000
bank_txn_income_centrelink_3rdparty_stillbornpay_max_56d,model_vars_income,-1000000
bank_txn_income_centrelink_3rdparty_stillbornpay_min_56d,model_vars_income,-1000000
bank_txn_income_centrelink_3rdparty_stillbornpay_std_56d,model_vars_income,-1000000
bank_txn_income_centrelink_3rdparty_stillbornpay_cv_56d,model_vars_income,-1000000
bank_txn_income_centrelink_3rdparty_schoolkidsbonus_sum_56d,model_vars_income,-1000000
bank_txn_income_centrelink_3rdparty_schoolkidsbonus_count_56d,model_vars_income,-1000000
bank_txn_income_centrelink_3rdparty_schoolkidsbonus_mean_56d,model_vars_income,-1000000
bank_txn_income_centrelink_3rdparty_schoolkidsbonus_median_56d,model_vars_income,-1000000
bank_txn_income_centrelink_3rdparty_schoolkidsbonus_max_56d,model_vars_income,-1000000
bank_txn_income_centrelink_3rdparty_schoolkidsbonus_min_56d,model_vars_income,-1000000
bank_txn_income_centrelink_3rdparty_schoolkidsbonus_std_56d,model_vars_income,-1000000
bank_txn_income_centrelink_3rdparty_schoolkidsbonus_cv_56d,model_vars_income,-1000000
bank_txn_income_centrelink_3rdparty_disabilitypension_sum_56d,model_vars_income,-1000000
bank_txn_income_centrelink_3rdparty_disabilitypension_count_56d,model_vars_income,-1000000
bank_txn_income_centrelink_3rdparty_disabilitypension_mean_56d,model_vars_income,-1000000
bank_txn_income_centrelink_3rdparty_disabilitypension_median_56d,model_vars_income,-1000000
bank_txn_income_centrelink_3rdparty_disabilitypension_max_56d,model_vars_income,-1000000
bank_txn_income_centrelink_3rdparty_disabilitypension_min_56d,model_vars_income,-1000000
bank_txn_income_centrelink_3rdparty_disabilitypension_std_56d,model_vars_income,-1000000
bank_txn_income_centrelink_3rdparty_disabilitypension_cv_56d,model_vars_income,-1000000
bank_txn_income_centrelink_3rdparty_emergencypayment_sum_56d,model_vars_income,-1000000
bank_txn_income_centrelink_3rdparty_emergencypayment_count_56d,model_vars_income,-1000000
bank_txn_income_centrelink_3rdparty_emergencypayment_mean_56d,model_vars_income,-1000000
bank_txn_income_centrelink_3rdparty_emergencypayment_median_56d,model_vars_income,-1000000
bank_txn_income_centrelink_3rdparty_emergencypayment_max_56d,model_vars_income,-1000000
bank_txn_income_centrelink_3rdparty_emergencypayment_min_56d,model_vars_income,-1000000
bank_txn_income_centrelink_3rdparty_emergencypayment_std_56d,model_vars_income,-1000000
bank_txn_income_centrelink_3rdparty_emergencypayment_cv_56d,model_vars_income,-1000000
bank_txn_income_centrelink_3rdparty_centrelinkpension_sum_84d,model_vars_income,-1000000
bank_txn_income_centrelink_3rdparty_centrelinkpension_count_84d,model_vars_income,-1000000
bank_txn_income_centrelink_3rdparty_centrelinkpension_mean_84d,model_vars_income,-1000000
bank_txn_income_centrelink_3rdparty_centrelinkpension_median_84d,model_vars_income,-1000000
bank_txn_income_centrelink_3rdparty_centrelinkpension_max_84d,model_vars_income,-1000000
bank_txn_income_centrelink_3rdparty_centrelinkpension_min_84d,model_vars_income,-1000000
bank_txn_income_centrelink_3rdparty_centrelinkpension_std_84d,model_vars_income,-1000000
bank_txn_income_centrelink_3rdparty_centrelinkpension_cv_84d,model_vars_income,-1000000
bank_txn_income_centrelink_3rdparty_familybenefits_sum_84d,model_vars_income,-1000000
bank_txn_income_centrelink_3rdparty_familybenefits_count_84d,model_vars_income,-1000000
bank_txn_income_centrelink_3rdparty_familybenefits_mean_84d,model_vars_income,-1000000
bank_txn_income_centrelink_3rdparty_familybenefits_median_84d,model_vars_income,-1000000
bank_txn_income_centrelink_3rdparty_familybenefits_max_84d,model_vars_income,-1000000
bank_txn_income_centrelink_3rdparty_familybenefits_min_84d,model_vars_income,-1000000
bank_txn_income_centrelink_3rdparty_familybenefits_std_84d,model_vars_income,-1000000
bank_txn_income_centrelink_3rdparty_familybenefits_cv_84d,model_vars_income,-1000000
bank_txn_income_centrelink_3rdparty_jobseeker_sum_84d,model_vars_income,-1000000
bank_txn_income_centrelink_3rdparty_jobseeker_count_84d,model_vars_income,-1000000
bank_txn_income_centrelink_3rdparty_jobseeker_mean_84d,model_vars_income,-1000000
bank_txn_income_centrelink_3rdparty_jobseeker_median_84d,model_vars_income,-1000000
bank_txn_income_centrelink_3rdparty_jobseeker_max_84d,model_vars_income,-1000000
bank_txn_income_centrelink_3rdparty_jobseeker_min_84d,model_vars_income,-1000000
bank_txn_income_centrelink_3rdparty_jobseeker_std_84d,model_vars_income,-1000000
bank_txn_income_centrelink_3rdparty_jobseeker_cv_84d,model_vars_income,-1000000
bank_txn_income_centrelink_3rdparty_carersbenefits_sum_84d,model_vars_income,-1000000
bank_txn_income_centrelink_3rdparty_carersbenefits_count_84d,model_vars_income,-1000000
bank_txn_income_centrelink_3rdparty_carersbenefits_mean_84d,model_vars_income,-1000000
bank_txn_income_centrelink_3rdparty_carersbenefits_median_84d,model_vars_income,-1000000
bank_txn_income_centrelink_3rdparty_carersbenefits_max_84d,model_vars_income,-1000000
bank_txn_income_centrelink_3rdparty_carersbenefits_min_84d,model_vars_income,-1000000
bank_txn_income_centrelink_3rdparty_carersbenefits_std_84d,model_vars_income,-1000000
bank_txn_income_centrelink_3rdparty_carersbenefits_cv_84d,model_vars_income,-1000000
bank_txn_income_centrelink_3rdparty_childsupport_sum_84d,model_vars_income,-1000000
bank_txn_income_centrelink_3rdparty_childsupport_count_84d,model_vars_income,-1000000
bank_txn_income_centrelink_3rdparty_childsupport_mean_84d,model_vars_income,-1000000
bank_txn_income_centrelink_3rdparty_childsupport_median_84d,model_vars_income,-1000000
bank_txn_income_centrelink_3rdparty_childsupport_max_84d,model_vars_income,-1000000
bank_txn_income_centrelink_3rdparty_childsupport_min_84d,model_vars_income,-1000000
bank_txn_income_centrelink_3rdparty_childsupport_std_84d,model_vars_income,-1000000
bank_txn_income_centrelink_3rdparty_childsupport_cv_84d,model_vars_income,-1000000
bank_txn_income_centrelink_3rdparty_youthallowance_sum_84d,model_vars_income,-1000000
bank_txn_income_centrelink_3rdparty_youthallowance_count_84d,model_vars_income,-1000000
bank_txn_income_centrelink_3rdparty_youthallowance_mean_84d,model_vars_income,-1000000
bank_txn_income_centrelink_3rdparty_youthallowance_median_84d,model_vars_income,-1000000
bank_txn_income_centrelink_3rdparty_youthallowance_max_84d,model_vars_income,-1000000
bank_txn_income_centrelink_3rdparty_youthallowance_min_84d,model_vars_income,-1000000
bank_txn_income_centrelink_3rdparty_youthallowance_std_84d,model_vars_income,-1000000
bank_txn_income_centrelink_3rdparty_youthallowance_cv_84d,model_vars_income,-1000000
bank_txn_income_centrelink_3rdparty_parentingpayment_sum_84d,model_vars_income,-1000000
bank_txn_income_centrelink_3rdparty_parentingpayment_count_84d,model_vars_income,-1000000
bank_txn_income_centrelink_3rdparty_parentingpayment_mean_84d,model_vars_income,-1000000
bank_txn_income_centrelink_3rdparty_parentingpayment_median_84d,model_vars_income,-1000000
bank_txn_income_centrelink_3rdparty_parentingpayment_max_84d,model_vars_income,-1000000
bank_txn_income_centrelink_3rdparty_parentingpayment_min_84d,model_vars_income,-1000000
bank_txn_income_centrelink_3rdparty_parentingpayment_std_84d,model_vars_income,-1000000
bank_txn_income_centrelink_3rdparty_parentingpayment_cv_84d,model_vars_income,-1000000
bank_txn_income_centrelink_3rdparty_nationaldisabilityinsurance_sum_84d,model_vars_income,-1000000
bank_txn_income_centrelink_3rdparty_nationaldisabilityinsurance_count_84d,model_vars_income,-1000000
bank_txn_income_centrelink_3rdparty_nationaldisabilityinsurance_mean_84d,model_vars_income,-1000000
bank_txn_income_centrelink_3rdparty_nationaldisabilityinsurance_median_84d,model_vars_income,-1000000
bank_txn_income_centrelink_3rdparty_nationaldisabilityinsurance_max_84d,model_vars_income,-1000000
bank_txn_income_centrelink_3rdparty_nationaldisabilityinsurance_min_84d,model_vars_income,-1000000
bank_txn_income_centrelink_3rdparty_nationaldisabilityinsurance_std_84d,model_vars_income,-1000000
bank_txn_income_centrelink_3rdparty_nationaldisabilityinsurance_cv_84d,model_vars_income,-1000000
bank_txn_income_centrelink_3rdparty_vetaffairs_sum_84d,model_vars_income,-1000000
bank_txn_income_centrelink_3rdparty_vetaffairs_count_84d,model_vars_income,-1000000
bank_txn_income_centrelink_3rdparty_vetaffairs_mean_84d,model_vars_income,-1000000
bank_txn_income_centrelink_3rdparty_vetaffairs_median_84d,model_vars_income,-1000000
bank_txn_income_centrelink_3rdparty_vetaffairs_max_84d,model_vars_income,-1000000
bank_txn_income_centrelink_3rdparty_vetaffairs_min_84d,model_vars_income,-1000000
bank_txn_income_centrelink_3rdparty_vetaffairs_std_84d,model_vars_income,-1000000
bank_txn_income_centrelink_3rdparty_vetaffairs_cv_84d,model_vars_income,-1000000
bank_txn_income_centrelink_3rdparty_parentalleavepay_sum_84d,model_vars_income,-1000000
bank_txn_income_centrelink_3rdparty_parentalleavepay_count_84d,model_vars_income,-1000000
bank_txn_income_centrelink_3rdparty_parentalleavepay_mean_84d,model_vars_income,-1000000
bank_txn_income_centrelink_3rdparty_parentalleavepay_median_84d,model_vars_income,-1000000
bank_txn_income_centrelink_3rdparty_parentalleavepay_max_84d,model_vars_income,-1000000
bank_txn_income_centrelink_3rdparty_parentalleavepay_min_84d,model_vars_income,-1000000
bank_txn_income_centrelink_3rdparty_parentalleavepay_std_84d,model_vars_income,-1000000
bank_txn_income_centrelink_3rdparty_parentalleavepay_cv_84d,model_vars_income,-1000000
bank_txn_income_centrelink_3rdparty_childcaresubsidy_sum_84d,model_vars_income,-1000000
bank_txn_income_centrelink_3rdparty_childcaresubsidy_count_84d,model_vars_income,-1000000
bank_txn_income_centrelink_3rdparty_childcaresubsidy_mean_84d,model_vars_income,-1000000
bank_txn_income_centrelink_3rdparty_childcaresubsidy_median_84d,model_vars_income,-1000000
bank_txn_income_centrelink_3rdparty_childcaresubsidy_max_84d,model_vars_income,-1000000
bank_txn_income_centrelink_3rdparty_childcaresubsidy_min_84d,model_vars_income,-1000000
bank_txn_income_centrelink_3rdparty_childcaresubsidy_std_84d,model_vars_income,-1000000
bank_txn_income_centrelink_3rdparty_childcaresubsidy_cv_84d,model_vars_income,-1000000
bank_txn_income_centrelink_3rdparty_educationentrypayment_sum_84d,model_vars_income,-1000000
bank_txn_income_centrelink_3rdparty_educationentrypayment_count_84d,model_vars_income,-1000000
bank_txn_income_centrelink_3rdparty_educationentrypayment_mean_84d,model_vars_income,-1000000
bank_txn_income_centrelink_3rdparty_educationentrypayment_median_84d,model_vars_income,-1000000
bank_txn_income_centrelink_3rdparty_educationentrypayment_max_84d,model_vars_income,-1000000
bank_txn_income_centrelink_3rdparty_educationentrypayment_min_84d,model_vars_income,-1000000
bank_txn_income_centrelink_3rdparty_educationentrypayment_std_84d,model_vars_income,-1000000
bank_txn_income_centrelink_3rdparty_educationentrypayment_cv_84d,model_vars_income,-1000000
bank_txn_income_centrelink_3rdparty_nationaldisabilityinsurancescheme_sum_84d,model_vars_income,-1000000
bank_txn_income_centrelink_3rdparty_nationaldisabilityinsurancescheme_count_84d,model_vars_income,-1000000
bank_txn_income_centrelink_3rdparty_nationaldisabilityinsurancescheme_mean_84d,model_vars_income,-1000000
bank_txn_income_centrelink_3rdparty_nationaldisabilityinsurancescheme_median_84d,model_vars_income,-1000000
bank_txn_income_centrelink_3rdparty_nationaldisabilityinsurancescheme_max_84d,model_vars_income,-1000000
bank_txn_income_centrelink_3rdparty_nationaldisabilityinsurancescheme_min_84d,model_vars_income,-1000000
bank_txn_income_centrelink_3rdparty_nationaldisabilityinsurancescheme_std_84d,model_vars_income,-1000000
bank_txn_income_centrelink_3rdparty_nationaldisabilityinsurancescheme_cv_84d,model_vars_income,-1000000
bank_txn_income_centrelink_3rdparty_childdisabilityassistancepayment_sum_84d,model_vars_income,-1000000
bank_txn_income_centrelink_3rdparty_childdisabilityassistancepayment_count_84d,model_vars_income,-1000000
bank_txn_income_centrelink_3rdparty_childdisabilityassistancepayment_mean_84d,model_vars_income,-1000000
bank_txn_income_centrelink_3rdparty_childdisabilityassistancepayment_median_84d,model_vars_income,-1000000
bank_txn_income_centrelink_3rdparty_childdisabilityassistancepayment_max_84d,model_vars_income,-1000000
bank_txn_income_centrelink_3rdparty_childdisabilityassistancepayment_min_84d,model_vars_income,-1000000
bank_txn_income_centrelink_3rdparty_childdisabilityassistancepayment_std_84d,model_vars_income,-1000000
bank_txn_income_centrelink_3rdparty_childdisabilityassistancepayment_cv_84d,model_vars_income,-1000000
bank_txn_income_centrelink_3rdparty_childdisabilityassistancepa_sum_84d,model_vars_income,-1000000
bank_txn_income_centrelink_3rdparty_childdisabilityassistancepa_count_84d,model_vars_income,-1000000
bank_txn_income_centrelink_3rdparty_childdisabilityassistancepa_mean_84d,model_vars_income,-1000000
bank_txn_income_centrelink_3rdparty_childdisabilityassistancepa_median_84d,model_vars_income,-1000000
bank_txn_income_centrelink_3rdparty_childdisabilityassistancepa_max_84d,model_vars_income,-1000000
bank_txn_income_centrelink_3rdparty_childdisabilityassistancepa_min_84d,model_vars_income,-1000000
bank_txn_income_centrelink_3rdparty_childdisabilityassistancepa_std_84d,model_vars_income,-1000000
bank_txn_income_centrelink_3rdparty_childdisabilityassistancepa_cv_84d,model_vars_income,-1000000
bank_txn_income_centrelink_3rdparty_othercentrelink_governmentpayments_sum_84d,model_vars_income,-1000000
bank_txn_income_centrelink_3rdparty_othercentrelink_governmentpayments_count_84d,model_vars_income,-1000000
bank_txn_income_centrelink_3rdparty_othercentrelink_governmentpayments_mean_84d,model_vars_income,-1000000
bank_txn_income_centrelink_3rdparty_othercentrelink_governmentpayments_median_84d,model_vars_income,-1000000
bank_txn_income_centrelink_3rdparty_othercentrelink_governmentpayments_max_84d,model_vars_income,-1000000
bank_txn_income_centrelink_3rdparty_othercentrelink_governmentpayments_min_84d,model_vars_income,-1000000
bank_txn_income_centrelink_3rdparty_othercentrelink_governmentpayments_std_84d,model_vars_income,-1000000
bank_txn_income_centrelink_3rdparty_othercentrelink_governmentpayments_cv_84d,model_vars_income,-1000000
bank_txn_income_centrelink_3rdparty_othercentrelink_governmentpa_sum_84d,model_vars_income,-1000000
bank_txn_income_centrelink_3rdparty_othercentrelink_governmentpa_count_84d,model_vars_income,-1000000
bank_txn_income_centrelink_3rdparty_othercentrelink_governmentpa_mean_84d,model_vars_income,-1000000
bank_txn_income_centrelink_3rdparty_othercentrelink_governmentpa_median_84d,model_vars_income,-1000000
bank_txn_income_centrelink_3rdparty_othercentrelink_governmentpa_max_84d,model_vars_income,-1000000
bank_txn_income_centrelink_3rdparty_othercentrelink_governmentpa_min_84d,model_vars_income,-1000000
bank_txn_income_centrelink_3rdparty_othercentrelink_governmentpa_std_84d,model_vars_income,-1000000
bank_txn_income_centrelink_3rdparty_othercentrelink_governmentpa_cv_84d,model_vars_income,-1000000
bank_txn_income_centrelink_3rdparty_colcconcessions_sum_84d,model_vars_income,-1000000
bank_txn_income_centrelink_3rdparty_colcconcessions_count_84d,model_vars_income,-1000000
bank_txn_income_centrelink_3rdparty_colcconcessions_mean_84d,model_vars_income,-1000000
bank_txn_income_centrelink_3rdparty_colcconcessions_median_84d,model_vars_income,-1000000
bank_txn_income_centrelink_3rdparty_colcconcessions_max_84d,model_vars_income,-1000000
bank_txn_income_centrelink_3rdparty_colcconcessions_min_84d,model_vars_income,-1000000
bank_txn_income_centrelink_3rdparty_colcconcessions_std_84d,model_vars_income,-1000000
bank_txn_income_centrelink_3rdparty_colcconcessions_cv_84d,model_vars_income,-1000000
bank_txn_income_centrelink_3rdparty_mobilityallowance_sum_84d,model_vars_income,-1000000
bank_txn_income_centrelink_3rdparty_mobilityallowance_count_84d,model_vars_income,-1000000
bank_txn_income_centrelink_3rdparty_mobilityallowance_mean_84d,model_vars_income,-1000000
bank_txn_income_centrelink_3rdparty_mobilityallowance_median_84d,model_vars_income,-1000000
bank_txn_income_centrelink_3rdparty_mobilityallowance_max_84d,model_vars_income,-1000000
bank_txn_income_centrelink_3rdparty_mobilityallowance_min_84d,model_vars_income,-1000000
bank_txn_income_centrelink_3rdparty_mobilityallowance_std_84d,model_vars_income,-1000000
bank_txn_income_centrelink_3rdparty_mobilityallowance_cv_84d,model_vars_income,-1000000
bank_txn_income_centrelink_3rdparty_stillbornpay_sum_84d,model_vars_income,-1000000
bank_txn_income_centrelink_3rdparty_stillbornpay_count_84d,model_vars_income,-1000000
bank_txn_income_centrelink_3rdparty_stillbornpay_mean_84d,model_vars_income,-1000000
bank_txn_income_centrelink_3rdparty_stillbornpay_median_84d,model_vars_income,-1000000
bank_txn_income_centrelink_3rdparty_stillbornpay_max_84d,model_vars_income,-1000000
bank_txn_income_centrelink_3rdparty_stillbornpay_min_84d,model_vars_income,-1000000
bank_txn_income_centrelink_3rdparty_stillbornpay_std_84d,model_vars_income,-1000000
bank_txn_income_centrelink_3rdparty_stillbornpay_cv_84d,model_vars_income,-1000000
bank_txn_income_centrelink_3rdparty_schoolkidsbonus_sum_84d,model_vars_income,-1000000
bank_txn_income_centrelink_3rdparty_schoolkidsbonus_count_84d,model_vars_income,-1000000
bank_txn_income_centrelink_3rdparty_schoolkidsbonus_mean_84d,model_vars_income,-1000000
bank_txn_income_centrelink_3rdparty_schoolkidsbonus_median_84d,model_vars_income,-1000000
bank_txn_income_centrelink_3rdparty_schoolkidsbonus_max_84d,model_vars_income,-1000000
bank_txn_income_centrelink_3rdparty_schoolkidsbonus_min_84d,model_vars_income,-1000000
bank_txn_income_centrelink_3rdparty_schoolkidsbonus_std_84d,model_vars_income,-1000000
bank_txn_income_centrelink_3rdparty_schoolkidsbonus_cv_84d,model_vars_income,-1000000
bank_txn_income_centrelink_3rdparty_disabilitypension_sum_84d,model_vars_income,-1000000
bank_txn_income_centrelink_3rdparty_disabilitypension_count_84d,model_vars_income,-1000000
bank_txn_income_centrelink_3rdparty_disabilitypension_mean_84d,model_vars_income,-1000000
bank_txn_income_centrelink_3rdparty_disabilitypension_median_84d,model_vars_income,-1000000
bank_txn_income_centrelink_3rdparty_disabilitypension_max_84d,model_vars_income,-1000000
bank_txn_income_centrelink_3rdparty_disabilitypension_min_84d,model_vars_income,-1000000
bank_txn_income_centrelink_3rdparty_disabilitypension_std_84d,model_vars_income,-1000000
bank_txn_income_centrelink_3rdparty_disabilitypension_cv_84d,model_vars_income,-1000000
bank_txn_income_centrelink_3rdparty_emergencypayment_sum_84d,model_vars_income,-1000000
bank_txn_income_centrelink_3rdparty_emergencypayment_count_84d,model_vars_income,-1000000
bank_txn_income_centrelink_3rdparty_emergencypayment_mean_84d,model_vars_income,-1000000
bank_txn_income_centrelink_3rdparty_emergencypayment_median_84d,model_vars_income,-1000000
bank_txn_income_centrelink_3rdparty_emergencypayment_max_84d,model_vars_income,-1000000
bank_txn_income_centrelink_3rdparty_emergencypayment_min_84d,model_vars_income,-1000000
bank_txn_income_centrelink_3rdparty_emergencypayment_std_84d,model_vars_income,-1000000
bank_txn_income_centrelink_3rdparty_emergencypayment_cv_84d,model_vars_income,-1000000
bank_txn_income_centrelink_3rdparty_centrelinkpension_sum_168d,model_vars_income,-1000000
bank_txn_income_centrelink_3rdparty_centrelinkpension_count_168d,model_vars_income,-1000000
bank_txn_income_centrelink_3rdparty_centrelinkpension_mean_168d,model_vars_income,-1000000
bank_txn_income_centrelink_3rdparty_centrelinkpension_median_168d,model_vars_income,-1000000
bank_txn_income_centrelink_3rdparty_centrelinkpension_max_168d,model_vars_income,-1000000
bank_txn_income_centrelink_3rdparty_centrelinkpension_min_168d,model_vars_income,-1000000
bank_txn_income_centrelink_3rdparty_centrelinkpension_std_168d,model_vars_income,-1000000
bank_txn_income_centrelink_3rdparty_centrelinkpension_cv_168d,model_vars_income,-1000000
bank_txn_income_centrelink_3rdparty_familybenefits_sum_168d,model_vars_income,-1000000
bank_txn_income_centrelink_3rdparty_familybenefits_count_168d,model_vars_income,-1000000
bank_txn_income_centrelink_3rdparty_familybenefits_mean_168d,model_vars_income,-1000000
bank_txn_income_centrelink_3rdparty_familybenefits_median_168d,model_vars_income,-1000000
bank_txn_income_centrelink_3rdparty_familybenefits_max_168d,model_vars_income,-1000000
bank_txn_income_centrelink_3rdparty_familybenefits_min_168d,model_vars_income,-1000000
bank_txn_income_centrelink_3rdparty_familybenefits_std_168d,model_vars_income,-1000000
bank_txn_income_centrelink_3rdparty_familybenefits_cv_168d,model_vars_income,-1000000
bank_txn_income_centrelink_3rdparty_jobseeker_sum_168d,model_vars_income,-1000000
bank_txn_income_centrelink_3rdparty_jobseeker_count_168d,model_vars_income,-1000000
bank_txn_income_centrelink_3rdparty_jobseeker_mean_168d,model_vars_income,-1000000
bank_txn_income_centrelink_3rdparty_jobseeker_median_168d,model_vars_income,-1000000
bank_txn_income_centrelink_3rdparty_jobseeker_max_168d,model_vars_income,-1000000
bank_txn_income_centrelink_3rdparty_jobseeker_min_168d,model_vars_income,-1000000
bank_txn_income_centrelink_3rdparty_jobseeker_std_168d,model_vars_income,-1000000
bank_txn_income_centrelink_3rdparty_jobseeker_cv_168d,model_vars_income,-1000000
bank_txn_income_centrelink_3rdparty_carersbenefits_sum_168d,model_vars_income,-1000000
bank_txn_income_centrelink_3rdparty_carersbenefits_count_168d,model_vars_income,-1000000
bank_txn_income_centrelink_3rdparty_carersbenefits_mean_168d,model_vars_income,-1000000
bank_txn_income_centrelink_3rdparty_carersbenefits_median_168d,model_vars_income,-1000000
bank_txn_income_centrelink_3rdparty_carersbenefits_max_168d,model_vars_income,-1000000
bank_txn_income_centrelink_3rdparty_carersbenefits_min_168d,model_vars_income,-1000000
bank_txn_income_centrelink_3rdparty_carersbenefits_std_168d,model_vars_income,-1000000
bank_txn_income_centrelink_3rdparty_carersbenefits_cv_168d,model_vars_income,-1000000
bank_txn_income_centrelink_3rdparty_childsupport_sum_168d,model_vars_income,-1000000
bank_txn_income_centrelink_3rdparty_childsupport_count_168d,model_vars_income,-1000000
bank_txn_income_centrelink_3rdparty_childsupport_mean_168d,model_vars_income,-1000000
bank_txn_income_centrelink_3rdparty_childsupport_median_168d,model_vars_income,-1000000
bank_txn_income_centrelink_3rdparty_childsupport_max_168d,model_vars_income,-1000000
bank_txn_income_centrelink_3rdparty_childsupport_min_168d,model_vars_income,-1000000
bank_txn_income_centrelink_3rdparty_childsupport_std_168d,model_vars_income,-1000000
bank_txn_income_centrelink_3rdparty_childsupport_cv_168d,model_vars_income,-1000000
bank_txn_income_centrelink_3rdparty_youthallowance_sum_168d,model_vars_income,-1000000
bank_txn_income_centrelink_3rdparty_youthallowance_count_168d,model_vars_income,-1000000
bank_txn_income_centrelink_3rdparty_youthallowance_mean_168d,model_vars_income,-1000000
bank_txn_income_centrelink_3rdparty_youthallowance_median_168d,model_vars_income,-1000000
bank_txn_income_centrelink_3rdparty_youthallowance_max_168d,model_vars_income,-1000000
bank_txn_income_centrelink_3rdparty_youthallowance_min_168d,model_vars_income,-1000000
bank_txn_income_centrelink_3rdparty_youthallowance_std_168d,model_vars_income,-1000000
bank_txn_income_centrelink_3rdparty_youthallowance_cv_168d,model_vars_income,-1000000
bank_txn_income_centrelink_3rdparty_parentingpayment_sum_168d,model_vars_income,-1000000
bank_txn_income_centrelink_3rdparty_parentingpayment_count_168d,model_vars_income,-1000000
bank_txn_income_centrelink_3rdparty_parentingpayment_mean_168d,model_vars_income,-1000000
bank_txn_income_centrelink_3rdparty_parentingpayment_median_168d,model_vars_income,-1000000
bank_txn_income_centrelink_3rdparty_parentingpayment_max_168d,model_vars_income,-1000000
bank_txn_income_centrelink_3rdparty_parentingpayment_min_168d,model_vars_income,-1000000
bank_txn_income_centrelink_3rdparty_parentingpayment_std_168d,model_vars_income,-1000000
bank_txn_income_centrelink_3rdparty_parentingpayment_cv_168d,model_vars_income,-1000000
bank_txn_income_centrelink_3rdparty_nationaldisabilityinsurance_sum_168d,model_vars_income,-1000000
bank_txn_income_centrelink_3rdparty_nationaldisabilityinsurance_count_168d,model_vars_income,-1000000
bank_txn_income_centrelink_3rdparty_nationaldisabilityinsurance_mean_168d,model_vars_income,-1000000
bank_txn_income_centrelink_3rdparty_nationaldisabilityinsurance_median_168d,model_vars_income,-1000000
bank_txn_income_centrelink_3rdparty_nationaldisabilityinsurance_max_168d,model_vars_income,-1000000
bank_txn_income_centrelink_3rdparty_nationaldisabilityinsurance_min_168d,model_vars_income,-1000000
bank_txn_income_centrelink_3rdparty_nationaldisabilityinsurance_std_168d,model_vars_income,-1000000
bank_txn_income_centrelink_3rdparty_nationaldisabilityinsurance_cv_168d,model_vars_income,-1000000
bank_txn_income_centrelink_3rdparty_vetaffairs_sum_168d,model_vars_income,-1000000
bank_txn_income_centrelink_3rdparty_vetaffairs_count_168d,model_vars_income,-1000000
bank_txn_income_centrelink_3rdparty_vetaffairs_mean_168d,model_vars_income,-1000000
bank_txn_income_centrelink_3rdparty_vetaffairs_median_168d,model_vars_income,-1000000
bank_txn_income_centrelink_3rdparty_vetaffairs_max_168d,model_vars_income,-1000000
bank_txn_income_centrelink_3rdparty_vetaffairs_min_168d,model_vars_income,-1000000
bank_txn_income_centrelink_3rdparty_vetaffairs_std_168d,model_vars_income,-1000000
bank_txn_income_centrelink_3rdparty_vetaffairs_cv_168d,model_vars_income,-1000000
bank_txn_income_centrelink_3rdparty_parentalleavepay_sum_168d,model_vars_income,-1000000
bank_txn_income_centrelink_3rdparty_parentalleavepay_count_168d,model_vars_income,-1000000
bank_txn_income_centrelink_3rdparty_parentalleavepay_mean_168d,model_vars_income,-1000000
bank_txn_income_centrelink_3rdparty_parentalleavepay_median_168d,model_vars_income,-1000000
bank_txn_income_centrelink_3rdparty_parentalleavepay_max_168d,model_vars_income,-1000000
bank_txn_income_centrelink_3rdparty_parentalleavepay_min_168d,model_vars_income,-1000000
bank_txn_income_centrelink_3rdparty_parentalleavepay_std_168d,model_vars_income,-1000000
bank_txn_income_centrelink_3rdparty_parentalleavepay_cv_168d,model_vars_income,-1000000
bank_txn_income_centrelink_3rdparty_childcaresubsidy_sum_168d,model_vars_income,-1000000
bank_txn_income_centrelink_3rdparty_childcaresubsidy_count_168d,model_vars_income,-1000000
bank_txn_income_centrelink_3rdparty_childcaresubsidy_mean_168d,model_vars_income,-1000000
bank_txn_income_centrelink_3rdparty_childcaresubsidy_median_168d,model_vars_income,-1000000
bank_txn_income_centrelink_3rdparty_childcaresubsidy_max_168d,model_vars_income,-1000000
bank_txn_income_centrelink_3rdparty_childcaresubsidy_min_168d,model_vars_income,-1000000
bank_txn_income_centrelink_3rdparty_childcaresubsidy_std_168d,model_vars_income,-1000000
bank_txn_income_centrelink_3rdparty_childcaresubsidy_cv_168d,model_vars_income,-1000000
bank_txn_income_centrelink_3rdparty_educationentrypayment_sum_168d,model_vars_income,-1000000
bank_txn_income_centrelink_3rdparty_educationentrypayment_count_168d,model_vars_income,-1000000
bank_txn_income_centrelink_3rdparty_educationentrypayment_mean_168d,model_vars_income,-1000000
bank_txn_income_centrelink_3rdparty_educationentrypayment_median_168d,model_vars_income,-1000000
bank_txn_income_centrelink_3rdparty_educationentrypayment_max_168d,model_vars_income,-1000000
bank_txn_income_centrelink_3rdparty_educationentrypayment_min_168d,model_vars_income,-1000000
bank_txn_income_centrelink_3rdparty_educationentrypayment_std_168d,model_vars_income,-1000000
bank_txn_income_centrelink_3rdparty_educationentrypayment_cv_168d,model_vars_income,-1000000
bank_txn_income_centrelink_3rdparty_nationaldisabilityinsurancescheme_sum_168d,model_vars_income,-1000000
bank_txn_income_centrelink_3rdparty_nationaldisabilityinsurancescheme_count_168d,model_vars_income,-1000000
bank_txn_income_centrelink_3rdparty_nationaldisabilityinsurancescheme_mean_168d,model_vars_income,-1000000
bank_txn_income_centrelink_3rdparty_nationaldisabilityinsurancescheme_median_168d,model_vars_income,-1000000
bank_txn_income_centrelink_3rdparty_nationaldisabilityinsurancescheme_max_168d,model_vars_income,-1000000
bank_txn_income_centrelink_3rdparty_nationaldisabilityinsurancescheme_min_168d,model_vars_income,-1000000
bank_txn_income_centrelink_3rdparty_nationaldisabilityinsurancescheme_std_168d,model_vars_income,-1000000
bank_txn_income_centrelink_3rdparty_nationaldisabilityinsurancescheme_cv_168d,model_vars_income,-1000000
bank_txn_income_centrelink_3rdparty_childdisabilityassistancepayment_sum_168d,model_vars_income,-1000000
bank_txn_income_centrelink_3rdparty_childdisabilityassistancepayment_count_168d,model_vars_income,-1000000
bank_txn_income_centrelink_3rdparty_childdisabilityassistancepayment_mean_168d,model_vars_income,-1000000
bank_txn_income_centrelink_3rdparty_childdisabilityassistancepayment_median_168d,model_vars_income,-1000000
bank_txn_income_centrelink_3rdparty_childdisabilityassistancepayment_max_168d,model_vars_income,-1000000
bank_txn_income_centrelink_3rdparty_childdisabilityassistancepayment_min_168d,model_vars_income,-1000000
bank_txn_income_centrelink_3rdparty_childdisabilityassistancepayment_std_168d,model_vars_income,-1000000
bank_txn_income_centrelink_3rdparty_childdisabilityassistancepayment_cv_168d,model_vars_income,-1000000
bank_txn_income_centrelink_3rdparty_childdisabilityassistancepa_sum_168d,model_vars_income,-1000000
bank_txn_income_centrelink_3rdparty_childdisabilityassistancepa_count_168d,model_vars_income,-1000000
bank_txn_income_centrelink_3rdparty_childdisabilityassistancepa_mean_168d,model_vars_income,-1000000
bank_txn_income_centrelink_3rdparty_childdisabilityassistancepa_median_168d,model_vars_income,-1000000
bank_txn_income_centrelink_3rdparty_childdisabilityassistancepa_max_168d,model_vars_income,-1000000
bank_txn_income_centrelink_3rdparty_childdisabilityassistancepa_min_168d,model_vars_income,-1000000
bank_txn_income_centrelink_3rdparty_childdisabilityassistancepa_std_168d,model_vars_income,-1000000
bank_txn_income_centrelink_3rdparty_childdisabilityassistancepa_cv_168d,model_vars_income,-1000000
bank_txn_income_centrelink_3rdparty_othercentrelink_governmentpayments_sum_168d,model_vars_income,-1000000
bank_txn_income_centrelink_3rdparty_othercentrelink_governmentpayments_count_168d,model_vars_income,-1000000
bank_txn_income_centrelink_3rdparty_othercentrelink_governmentpayments_mean_168d,model_vars_income,-1000000
bank_txn_income_centrelink_3rdparty_othercentrelink_governmentpayments_median_168d,model_vars_income,-1000000
bank_txn_income_centrelink_3rdparty_othercentrelink_governmentpayments_max_168d,model_vars_income,-1000000
bank_txn_income_centrelink_3rdparty_othercentrelink_governmentpayments_min_168d,model_vars_income,-1000000
bank_txn_income_centrelink_3rdparty_othercentrelink_governmentpayments_std_168d,model_vars_income,-1000000
bank_txn_income_centrelink_3rdparty_othercentrelink_governmentpayments_cv_168d,model_vars_income,-1000000
bank_txn_income_centrelink_3rdparty_othercentrelink_governmentpa_sum_168d,model_vars_income,-1000000
bank_txn_income_centrelink_3rdparty_othercentrelink_governmentpa_count_168d,model_vars_income,-1000000
bank_txn_income_centrelink_3rdparty_othercentrelink_governmentpa_mean_168d,model_vars_income,-1000000
bank_txn_income_centrelink_3rdparty_othercentrelink_governmentpa_median_168d,model_vars_income,-1000000
bank_txn_income_centrelink_3rdparty_othercentrelink_governmentpa_max_168d,model_vars_income,-1000000
bank_txn_income_centrelink_3rdparty_othercentrelink_governmentpa_min_168d,model_vars_income,-1000000
bank_txn_income_centrelink_3rdparty_othercentrelink_governmentpa_std_168d,model_vars_income,-1000000
bank_txn_income_centrelink_3rdparty_othercentrelink_governmentpa_cv_168d,model_vars_income,-1000000
bank_txn_income_centrelink_3rdparty_colcconcessions_sum_168d,model_vars_income,-1000000
bank_txn_income_centrelink_3rdparty_colcconcessions_count_168d,model_vars_income,-1000000
bank_txn_income_centrelink_3rdparty_colcconcessions_mean_168d,model_vars_income,-1000000
bank_txn_income_centrelink_3rdparty_colcconcessions_median_168d,model_vars_income,-1000000
bank_txn_income_centrelink_3rdparty_colcconcessions_max_168d,model_vars_income,-1000000
bank_txn_income_centrelink_3rdparty_colcconcessions_min_168d,model_vars_income,-1000000
bank_txn_income_centrelink_3rdparty_colcconcessions_std_168d,model_vars_income,-1000000
bank_txn_income_centrelink_3rdparty_colcconcessions_cv_168d,model_vars_income,-1000000
bank_txn_income_centrelink_3rdparty_mobilityallowance_sum_168d,model_vars_income,-1000000
bank_txn_income_centrelink_3rdparty_mobilityallowance_count_168d,model_vars_income,-1000000
bank_txn_income_centrelink_3rdparty_mobilityallowance_mean_168d,model_vars_income,-1000000
bank_txn_income_centrelink_3rdparty_mobilityallowance_median_168d,model_vars_income,-1000000
bank_txn_income_centrelink_3rdparty_mobilityallowance_max_168d,model_vars_income,-1000000
bank_txn_income_centrelink_3rdparty_mobilityallowance_min_168d,model_vars_income,-1000000
bank_txn_income_centrelink_3rdparty_mobilityallowance_std_168d,model_vars_income,-1000000
bank_txn_income_centrelink_3rdparty_mobilityallowance_cv_168d,model_vars_income,-1000000
bank_txn_income_centrelink_3rdparty_stillbornpay_sum_168d,model_vars_income,-1000000
bank_txn_income_centrelink_3rdparty_stillbornpay_count_168d,model_vars_income,-1000000
bank_txn_income_centrelink_3rdparty_stillbornpay_mean_168d,model_vars_income,-1000000
bank_txn_income_centrelink_3rdparty_stillbornpay_median_168d,model_vars_income,-1000000
bank_txn_income_centrelink_3rdparty_stillbornpay_max_168d,model_vars_income,-1000000
bank_txn_income_centrelink_3rdparty_stillbornpay_min_168d,model_vars_income,-1000000
bank_txn_income_centrelink_3rdparty_stillbornpay_std_168d,model_vars_income,-1000000
bank_txn_income_centrelink_3rdparty_stillbornpay_cv_168d,model_vars_income,-1000000
bank_txn_income_centrelink_3rdparty_schoolkidsbonus_sum_168d,model_vars_income,-1000000
bank_txn_income_centrelink_3rdparty_schoolkidsbonus_count_168d,model_vars_income,-1000000
bank_txn_income_centrelink_3rdparty_schoolkidsbonus_mean_168d,model_vars_income,-1000000
bank_txn_income_centrelink_3rdparty_schoolkidsbonus_median_168d,model_vars_income,-1000000
bank_txn_income_centrelink_3rdparty_schoolkidsbonus_max_168d,model_vars_income,-1000000
bank_txn_income_centrelink_3rdparty_schoolkidsbonus_min_168d,model_vars_income,-1000000
bank_txn_income_centrelink_3rdparty_schoolkidsbonus_std_168d,model_vars_income,-1000000
bank_txn_income_centrelink_3rdparty_schoolkidsbonus_cv_168d,model_vars_income,-1000000
bank_txn_income_centrelink_3rdparty_disabilitypension_sum_168d,model_vars_income,-1000000
bank_txn_income_centrelink_3rdparty_disabilitypension_count_168d,model_vars_income,-1000000
bank_txn_income_centrelink_3rdparty_disabilitypension_mean_168d,model_vars_income,-1000000
bank_txn_income_centrelink_3rdparty_disabilitypension_median_168d,model_vars_income,-1000000
bank_txn_income_centrelink_3rdparty_disabilitypension_max_168d,model_vars_income,-1000000
bank_txn_income_centrelink_3rdparty_disabilitypension_min_168d,model_vars_income,-1000000
bank_txn_income_centrelink_3rdparty_disabilitypension_std_168d,model_vars_income,-1000000
bank_txn_income_centrelink_3rdparty_disabilitypension_cv_168d,model_vars_income,-1000000
bank_txn_income_centrelink_3rdparty_emergencypayment_sum_168d,model_vars_income,-1000000
bank_txn_income_centrelink_3rdparty_emergencypayment_count_168d,model_vars_income,-1000000
bank_txn_income_centrelink_3rdparty_emergencypayment_mean_168d,model_vars_income,-1000000
bank_txn_income_centrelink_3rdparty_emergencypayment_median_168d,model_vars_income,-1000000
bank_txn_income_centrelink_3rdparty_emergencypayment_max_168d,model_vars_income,-1000000
bank_txn_income_centrelink_3rdparty_emergencypayment_min_168d,model_vars_income,-1000000
bank_txn_income_centrelink_3rdparty_emergencypayment_std_168d,model_vars_income,-1000000
bank_txn_income_centrelink_3rdparty_emergencypayment_cv_168d,model_vars_income,-1000000
bank_txn_income_centrelink_3rdparty_centrelinkpension_sum_182d,model_vars_income,-1000000
bank_txn_income_centrelink_3rdparty_centrelinkpension_count_182d,model_vars_income,-1000000
bank_txn_income_centrelink_3rdparty_centrelinkpension_mean_182d,model_vars_income,-1000000
bank_txn_income_centrelink_3rdparty_centrelinkpension_median_182d,model_vars_income,-1000000
bank_txn_income_centrelink_3rdparty_centrelinkpension_max_182d,model_vars_income,-1000000
bank_txn_income_centrelink_3rdparty_centrelinkpension_min_182d,model_vars_income,-1000000
bank_txn_income_centrelink_3rdparty_centrelinkpension_std_182d,model_vars_income,-1000000
bank_txn_income_centrelink_3rdparty_centrelinkpension_cv_182d,model_vars_income,-1000000
bank_txn_income_centrelink_3rdparty_familybenefits_sum_182d,model_vars_income,-1000000
bank_txn_income_centrelink_3rdparty_familybenefits_count_182d,model_vars_income,-1000000
bank_txn_income_centrelink_3rdparty_familybenefits_mean_182d,model_vars_income,-1000000
bank_txn_income_centrelink_3rdparty_familybenefits_median_182d,model_vars_income,-1000000
bank_txn_income_centrelink_3rdparty_familybenefits_max_182d,model_vars_income,-1000000
bank_txn_income_centrelink_3rdparty_familybenefits_min_182d,model_vars_income,-1000000
bank_txn_income_centrelink_3rdparty_familybenefits_std_182d,model_vars_income,-1000000
bank_txn_income_centrelink_3rdparty_familybenefits_cv_182d,model_vars_income,-1000000
bank_txn_income_centrelink_3rdparty_jobseeker_sum_182d,model_vars_income,-1000000
bank_txn_income_centrelink_3rdparty_jobseeker_count_182d,model_vars_income,-1000000
bank_txn_income_centrelink_3rdparty_jobseeker_mean_182d,model_vars_income,-1000000
bank_txn_income_centrelink_3rdparty_jobseeker_median_182d,model_vars_income,-1000000
bank_txn_income_centrelink_3rdparty_jobseeker_max_182d,model_vars_income,-1000000
bank_txn_income_centrelink_3rdparty_jobseeker_min_182d,model_vars_income,-1000000
bank_txn_income_centrelink_3rdparty_jobseeker_std_182d,model_vars_income,-1000000
bank_txn_income_centrelink_3rdparty_jobseeker_cv_182d,model_vars_income,-1000000
bank_txn_income_centrelink_3rdparty_carersbenefits_sum_182d,model_vars_income,-1000000
bank_txn_income_centrelink_3rdparty_carersbenefits_count_182d,model_vars_income,-1000000
bank_txn_income_centrelink_3rdparty_carersbenefits_mean_182d,model_vars_income,-1000000
bank_txn_income_centrelink_3rdparty_carersbenefits_median_182d,model_vars_income,-1000000
bank_txn_income_centrelink_3rdparty_carersbenefits_max_182d,model_vars_income,-1000000
bank_txn_income_centrelink_3rdparty_carersbenefits_min_182d,model_vars_income,-1000000
bank_txn_income_centrelink_3rdparty_carersbenefits_std_182d,model_vars_income,-1000000
bank_txn_income_centrelink_3rdparty_carersbenefits_cv_182d,model_vars_income,-1000000
bank_txn_income_centrelink_3rdparty_childsupport_sum_182d,model_vars_income,-1000000
bank_txn_income_centrelink_3rdparty_childsupport_count_182d,model_vars_income,-1000000
bank_txn_income_centrelink_3rdparty_childsupport_mean_182d,model_vars_income,-1000000
bank_txn_income_centrelink_3rdparty_childsupport_median_182d,model_vars_income,-1000000
bank_txn_income_centrelink_3rdparty_childsupport_max_182d,model_vars_income,-1000000
bank_txn_income_centrelink_3rdparty_childsupport_min_182d,model_vars_income,-1000000
bank_txn_income_centrelink_3rdparty_childsupport_std_182d,model_vars_income,-1000000
bank_txn_income_centrelink_3rdparty_childsupport_cv_182d,model_vars_income,-1000000
bank_txn_income_centrelink_3rdparty_youthallowance_sum_182d,model_vars_income,-1000000
bank_txn_income_centrelink_3rdparty_youthallowance_count_182d,model_vars_income,-1000000
bank_txn_income_centrelink_3rdparty_youthallowance_mean_182d,model_vars_income,-1000000
bank_txn_income_centrelink_3rdparty_youthallowance_median_182d,model_vars_income,-1000000
bank_txn_income_centrelink_3rdparty_youthallowance_max_182d,model_vars_income,-1000000
bank_txn_income_centrelink_3rdparty_youthallowance_min_182d,model_vars_income,-1000000
bank_txn_income_centrelink_3rdparty_youthallowance_std_182d,model_vars_income,-1000000
bank_txn_income_centrelink_3rdparty_youthallowance_cv_182d,model_vars_income,-1000000
bank_txn_income_centrelink_3rdparty_parentingpayment_sum_182d,model_vars_income,-1000000
bank_txn_income_centrelink_3rdparty_parentingpayment_count_182d,model_vars_income,-1000000
bank_txn_income_centrelink_3rdparty_parentingpayment_mean_182d,model_vars_income,-1000000
bank_txn_income_centrelink_3rdparty_parentingpayment_median_182d,model_vars_income,-1000000
bank_txn_income_centrelink_3rdparty_parentingpayment_max_182d,model_vars_income,-1000000
bank_txn_income_centrelink_3rdparty_parentingpayment_min_182d,model_vars_income,-1000000
bank_txn_income_centrelink_3rdparty_parentingpayment_std_182d,model_vars_income,-1000000
bank_txn_income_centrelink_3rdparty_parentingpayment_cv_182d,model_vars_income,-1000000
bank_txn_income_centrelink_3rdparty_nationaldisabilityinsurance_sum_182d,model_vars_income,-1000000
bank_txn_income_centrelink_3rdparty_nationaldisabilityinsurance_count_182d,model_vars_income,-1000000
bank_txn_income_centrelink_3rdparty_nationaldisabilityinsurance_mean_182d,model_vars_income,-1000000
bank_txn_income_centrelink_3rdparty_nationaldisabilityinsurance_median_182d,model_vars_income,-1000000
bank_txn_income_centrelink_3rdparty_nationaldisabilityinsurance_max_182d,model_vars_income,-1000000
bank_txn_income_centrelink_3rdparty_nationaldisabilityinsurance_min_182d,model_vars_income,-1000000
bank_txn_income_centrelink_3rdparty_nationaldisabilityinsurance_std_182d,model_vars_income,-1000000
bank_txn_income_centrelink_3rdparty_nationaldisabilityinsurance_cv_182d,model_vars_income,-1000000
bank_txn_income_centrelink_3rdparty_vetaffairs_sum_182d,model_vars_income,-1000000
bank_txn_income_centrelink_3rdparty_vetaffairs_count_182d,model_vars_income,-1000000
bank_txn_income_centrelink_3rdparty_vetaffairs_mean_182d,model_vars_income,-1000000
bank_txn_income_centrelink_3rdparty_vetaffairs_median_182d,model_vars_income,-1000000
bank_txn_income_centrelink_3rdparty_vetaffairs_max_182d,model_vars_income,-1000000
bank_txn_income_centrelink_3rdparty_vetaffairs_min_182d,model_vars_income,-1000000
bank_txn_income_centrelink_3rdparty_vetaffairs_std_182d,model_vars_income,-1000000
bank_txn_income_centrelink_3rdparty_vetaffairs_cv_182d,model_vars_income,-1000000
bank_txn_income_centrelink_3rdparty_parentalleavepay_sum_182d,model_vars_income,-1000000
bank_txn_income_centrelink_3rdparty_parentalleavepay_count_182d,model_vars_income,-1000000
bank_txn_income_centrelink_3rdparty_parentalleavepay_mean_182d,model_vars_income,-1000000
bank_txn_income_centrelink_3rdparty_parentalleavepay_median_182d,model_vars_income,-1000000
bank_txn_income_centrelink_3rdparty_parentalleavepay_max_182d,model_vars_income,-1000000
bank_txn_income_centrelink_3rdparty_parentalleavepay_min_182d,model_vars_income,-1000000
bank_txn_income_centrelink_3rdparty_parentalleavepay_std_182d,model_vars_income,-1000000
bank_txn_income_centrelink_3rdparty_parentalleavepay_cv_182d,model_vars_income,-1000000
bank_txn_income_centrelink_3rdparty_childcaresubsidy_sum_182d,model_vars_income,-1000000
bank_txn_income_centrelink_3rdparty_childcaresubsidy_count_182d,model_vars_income,-1000000
bank_txn_income_centrelink_3rdparty_childcaresubsidy_mean_182d,model_vars_income,-1000000
bank_txn_income_centrelink_3rdparty_childcaresubsidy_median_182d,model_vars_income,-1000000
bank_txn_income_centrelink_3rdparty_childcaresubsidy_max_182d,model_vars_income,-1000000
bank_txn_income_centrelink_3rdparty_childcaresubsidy_min_182d,model_vars_income,-1000000
bank_txn_income_centrelink_3rdparty_childcaresubsidy_std_182d,model_vars_income,-1000000
bank_txn_income_centrelink_3rdparty_childcaresubsidy_cv_182d,model_vars_income,-1000000
bank_txn_income_centrelink_3rdparty_educationentrypayment_sum_182d,model_vars_income,-1000000
bank_txn_income_centrelink_3rdparty_educationentrypayment_count_182d,model_vars_income,-1000000
bank_txn_income_centrelink_3rdparty_educationentrypayment_mean_182d,model_vars_income,-1000000
bank_txn_income_centrelink_3rdparty_educationentrypayment_median_182d,model_vars_income,-1000000
bank_txn_income_centrelink_3rdparty_educationentrypayment_max_182d,model_vars_income,-1000000
bank_txn_income_centrelink_3rdparty_educationentrypayment_min_182d,model_vars_income,-1000000
bank_txn_income_centrelink_3rdparty_educationentrypayment_std_182d,model_vars_income,-1000000
bank_txn_income_centrelink_3rdparty_educationentrypayment_cv_182d,model_vars_income,-1000000
bank_txn_income_centrelink_3rdparty_nationaldisabilityinsurancescheme_sum_182d,model_vars_income,-1000000
bank_txn_income_centrelink_3rdparty_nationaldisabilityinsurancescheme_count_182d,model_vars_income,-1000000
bank_txn_income_centrelink_3rdparty_nationaldisabilityinsurancescheme_mean_182d,model_vars_income,-1000000
bank_txn_income_centrelink_3rdparty_nationaldisabilityinsurancescheme_median_182d,model_vars_income,-1000000
bank_txn_income_centrelink_3rdparty_nationaldisabilityinsurancescheme_max_182d,model_vars_income,-1000000
bank_txn_income_centrelink_3rdparty_nationaldisabilityinsurancescheme_min_182d,model_vars_income,-1000000
bank_txn_income_centrelink_3rdparty_nationaldisabilityinsurancescheme_std_182d,model_vars_income,-1000000
bank_txn_income_centrelink_3rdparty_nationaldisabilityinsurancescheme_cv_182d,model_vars_income,-1000000
bank_txn_income_centrelink_3rdparty_childdisabilityassistancepayment_sum_182d,model_vars_income,-1000000
bank_txn_income_centrelink_3rdparty_childdisabilityassistancepayment_count_182d,model_vars_income,-1000000
bank_txn_income_centrelink_3rdparty_childdisabilityassistancepayment_mean_182d,model_vars_income,-1000000
bank_txn_income_centrelink_3rdparty_childdisabilityassistancepayment_median_182d,model_vars_income,-1000000
bank_txn_income_centrelink_3rdparty_childdisabilityassistancepayment_max_182d,model_vars_income,-1000000
bank_txn_income_centrelink_3rdparty_childdisabilityassistancepayment_min_182d,model_vars_income,-1000000
bank_txn_income_centrelink_3rdparty_childdisabilityassistancepayment_std_182d,model_vars_income,-1000000
bank_txn_income_centrelink_3rdparty_childdisabilityassistancepayment_cv_182d,model_vars_income,-1000000
bank_txn_income_centrelink_3rdparty_childdisabilityassistancepa_sum_182d,model_vars_income,-1000000
bank_txn_income_centrelink_3rdparty_childdisabilityassistancepa_count_182d,model_vars_income,-1000000
bank_txn_income_centrelink_3rdparty_childdisabilityassistancepa_mean_182d,model_vars_income,-1000000
bank_txn_income_centrelink_3rdparty_childdisabilityassistancepa_median_182d,model_vars_income,-1000000
bank_txn_income_centrelink_3rdparty_childdisabilityassistancepa_max_182d,model_vars_income,-1000000
bank_txn_income_centrelink_3rdparty_childdisabilityassistancepa_min_182d,model_vars_income,-1000000
bank_txn_income_centrelink_3rdparty_childdisabilityassistancepa_std_182d,model_vars_income,-1000000
bank_txn_income_centrelink_3rdparty_childdisabilityassistancepa_cv_182d,model_vars_income,-1000000
bank_txn_income_centrelink_3rdparty_othercentrelink_governmentpayments_sum_182d,model_vars_income,-1000000
bank_txn_income_centrelink_3rdparty_othercentrelink_governmentpayments_count_182d,model_vars_income,-1000000
bank_txn_income_centrelink_3rdparty_othercentrelink_governmentpayments_mean_182d,model_vars_income,-1000000
bank_txn_income_centrelink_3rdparty_othercentrelink_governmentpayments_median_182d,model_vars_income,-1000000
bank_txn_income_centrelink_3rdparty_othercentrelink_governmentpayments_max_182d,model_vars_income,-1000000
bank_txn_income_centrelink_3rdparty_othercentrelink_governmentpayments_min_182d,model_vars_income,-1000000
bank_txn_income_centrelink_3rdparty_othercentrelink_governmentpayments_std_182d,model_vars_income,-1000000
bank_txn_income_centrelink_3rdparty_othercentrelink_governmentpayments_cv_182d,model_vars_income,-1000000
bank_txn_income_centrelink_3rdparty_othercentrelink_governmentpa_sum_182d,model_vars_income,-1000000
bank_txn_income_centrelink_3rdparty_othercentrelink_governmentpa_count_182d,model_vars_income,-1000000
bank_txn_income_centrelink_3rdparty_othercentrelink_governmentpa_mean_182d,model_vars_income,-1000000
bank_txn_income_centrelink_3rdparty_othercentrelink_governmentpa_median_182d,model_vars_income,-1000000
bank_txn_income_centrelink_3rdparty_othercentrelink_governmentpa_max_182d,model_vars_income,-1000000
bank_txn_income_centrelink_3rdparty_othercentrelink_governmentpa_min_182d,model_vars_income,-1000000
bank_txn_income_centrelink_3rdparty_othercentrelink_governmentpa_std_182d,model_vars_income,-1000000
bank_txn_income_centrelink_3rdparty_othercentrelink_governmentpa_cv_182d,model_vars_income,-1000000
bank_txn_income_centrelink_3rdparty_colcconcessions_sum_182d,model_vars_income,-1000000
bank_txn_income_centrelink_3rdparty_colcconcessions_count_182d,model_vars_income,-1000000
bank_txn_income_centrelink_3rdparty_colcconcessions_mean_182d,model_vars_income,-1000000
bank_txn_income_centrelink_3rdparty_colcconcessions_median_182d,model_vars_income,-1000000
bank_txn_income_centrelink_3rdparty_colcconcessions_max_182d,model_vars_income,-1000000
bank_txn_income_centrelink_3rdparty_colcconcessions_min_182d,model_vars_income,-1000000
bank_txn_income_centrelink_3rdparty_colcconcessions_std_182d,model_vars_income,-1000000
bank_txn_income_centrelink_3rdparty_colcconcessions_cv_182d,model_vars_income,-1000000
bank_txn_income_centrelink_3rdparty_mobilityallowance_sum_182d,model_vars_income,-1000000
bank_txn_income_centrelink_3rdparty_mobilityallowance_count_182d,model_vars_income,-1000000
bank_txn_income_centrelink_3rdparty_mobilityallowance_mean_182d,model_vars_income,-1000000
bank_txn_income_centrelink_3rdparty_mobilityallowance_median_182d,model_vars_income,-1000000
bank_txn_income_centrelink_3rdparty_mobilityallowance_max_182d,model_vars_income,-1000000
bank_txn_income_centrelink_3rdparty_mobilityallowance_min_182d,model_vars_income,-1000000
bank_txn_income_centrelink_3rdparty_mobilityallowance_std_182d,model_vars_income,-1000000
bank_txn_income_centrelink_3rdparty_mobilityallowance_cv_182d,model_vars_income,-1000000
bank_txn_income_centrelink_3rdparty_stillbornpay_sum_182d,model_vars_income,-1000000
bank_txn_income_centrelink_3rdparty_stillbornpay_count_182d,model_vars_income,-1000000
bank_txn_income_centrelink_3rdparty_stillbornpay_mean_182d,model_vars_income,-1000000
bank_txn_income_centrelink_3rdparty_stillbornpay_median_182d,model_vars_income,-1000000
bank_txn_income_centrelink_3rdparty_stillbornpay_max_182d,model_vars_income,-1000000
bank_txn_income_centrelink_3rdparty_stillbornpay_min_182d,model_vars_income,-1000000
bank_txn_income_centrelink_3rdparty_stillbornpay_std_182d,model_vars_income,-1000000
bank_txn_income_centrelink_3rdparty_stillbornpay_cv_182d,model_vars_income,-1000000
bank_txn_income_centrelink_3rdparty_schoolkidsbonus_sum_182d,model_vars_income,-1000000
bank_txn_income_centrelink_3rdparty_schoolkidsbonus_count_182d,model_vars_income,-1000000
bank_txn_income_centrelink_3rdparty_schoolkidsbonus_mean_182d,model_vars_income,-1000000
bank_txn_income_centrelink_3rdparty_schoolkidsbonus_median_182d,model_vars_income,-1000000
bank_txn_income_centrelink_3rdparty_schoolkidsbonus_max_182d,model_vars_income,-1000000
bank_txn_income_centrelink_3rdparty_schoolkidsbonus_min_182d,model_vars_income,-1000000
bank_txn_income_centrelink_3rdparty_schoolkidsbonus_std_182d,model_vars_income,-1000000
bank_txn_income_centrelink_3rdparty_schoolkidsbonus_cv_182d,model_vars_income,-1000000
bank_txn_income_centrelink_3rdparty_disabilitypension_sum_182d,model_vars_income,-1000000
bank_txn_income_centrelink_3rdparty_disabilitypension_count_182d,model_vars_income,-1000000
bank_txn_income_centrelink_3rdparty_disabilitypension_mean_182d,model_vars_income,-1000000
bank_txn_income_centrelink_3rdparty_disabilitypension_median_182d,model_vars_income,-1000000
bank_txn_income_centrelink_3rdparty_disabilitypension_max_182d,model_vars_income,-1000000
bank_txn_income_centrelink_3rdparty_disabilitypension_min_182d,model_vars_income,-1000000
bank_txn_income_centrelink_3rdparty_disabilitypension_std_182d,model_vars_income,-1000000
bank_txn_income_centrelink_3rdparty_disabilitypension_cv_182d,model_vars_income,-1000000
bank_txn_income_centrelink_3rdparty_emergencypayment_sum_182d,model_vars_income,-1000000
bank_txn_income_centrelink_3rdparty_emergencypayment_count_182d,model_vars_income,-1000000
bank_txn_income_centrelink_3rdparty_emergencypayment_mean_182d,model_vars_income,-1000000
bank_txn_income_centrelink_3rdparty_emergencypayment_median_182d,model_vars_income,-1000000
bank_txn_income_centrelink_3rdparty_emergencypayment_max_182d,model_vars_income,-1000000
bank_txn_income_centrelink_3rdparty_emergencypayment_min_182d,model_vars_income,-1000000
bank_txn_income_centrelink_3rdparty_emergencypayment_std_182d,model_vars_income,-1000000
bank_txn_income_centrelink_3rdparty_emergencypayment_cv_182d,model_vars_income,-1000000
bank_txn_income_centrelink_3rdparty_centrelinkpension_ratio_7d,model_vars_income,-1000000
bank_txn_income_centrelink_3rdparty_centrelinkpension_ratio_total_7d,model_vars_income,-1000000
bank_txn_income_centrelink_3rdparty_familybenefits_ratio_7d,model_vars_income,-1000000
bank_txn_income_centrelink_3rdparty_familybenefits_ratio_total_7d,model_vars_income,-1000000
bank_txn_income_centrelink_3rdparty_jobseeker_ratio_7d,model_vars_income,-1000000
bank_txn_income_centrelink_3rdparty_jobseeker_ratio_total_7d,model_vars_income,-1000000
bank_txn_income_centrelink_3rdparty_carersbenefits_ratio_7d,model_vars_income,-1000000
bank_txn_income_centrelink_3rdparty_carersbenefits_ratio_total_7d,model_vars_income,-1000000
bank_txn_income_centrelink_3rdparty_childsupport_ratio_7d,model_vars_income,-1000000
bank_txn_income_centrelink_3rdparty_childsupport_ratio_total_7d,model_vars_income,-1000000
bank_txn_income_centrelink_3rdparty_youthallowance_ratio_7d,model_vars_income,-1000000
bank_txn_income_centrelink_3rdparty_youthallowance_ratio_total_7d,model_vars_income,-1000000
bank_txn_income_centrelink_3rdparty_parentingpayment_ratio_7d,model_vars_income,-1000000
bank_txn_income_centrelink_3rdparty_parentingpayment_ratio_total_7d,model_vars_income,-1000000
bank_txn_income_centrelink_3rdparty_nationaldisabilityinsurance_ratio_7d,model_vars_income,-1000000
bank_txn_income_centrelink_3rdparty_nationaldisabilityinsurance_ratio_total_7d,model_vars_income,-1000000
bank_txn_income_centrelink_3rdparty_vetaffairs_ratio_7d,model_vars_income,-1000000
bank_txn_income_centrelink_3rdparty_vetaffairs_ratio_total_7d,model_vars_income,-1000000
bank_txn_income_centrelink_3rdparty_parentalleavepay_ratio_7d,model_vars_income,-1000000
bank_txn_income_centrelink_3rdparty_parentalleavepay_ratio_total_7d,model_vars_income,-1000000
bank_txn_income_centrelink_3rdparty_childcaresubsidy_ratio_7d,model_vars_income,-1000000
bank_txn_income_centrelink_3rdparty_childcaresubsidy_ratio_total_7d,model_vars_income,-1000000
bank_txn_income_centrelink_3rdparty_educationentrypayment_ratio_7d,model_vars_income,-1000000
bank_txn_income_centrelink_3rdparty_educationentrypayment_ratio_total_7d,model_vars_income,-1000000
bank_txn_income_centrelink_3rdparty_nationaldisabilityinsurancescheme_ratio_7d,model_vars_income,-1000000
bank_txn_income_centrelink_3rdparty_nationaldisabilityinsurancescheme_ratio_total_7d,model_vars_income,-1000000
bank_txn_income_centrelink_3rdparty_childdisabilityassistancepayment_ratio_7d,model_vars_income,-1000000
bank_txn_income_centrelink_3rdparty_childdisabilityassistancepayment_ratio_total_7d,model_vars_income,-1000000
bank_txn_income_centrelink_3rdparty_childdisabilityassistancepa_ratio_7d,model_vars_income,-1000000
bank_txn_income_centrelink_3rdparty_childdisabilityassistancepa_ratio_total_7d,model_vars_income,-1000000
bank_txn_income_centrelink_3rdparty_othercentrelink_governmentpayments_ratio_7d,model_vars_income,-1000000
bank_txn_income_centrelink_3rdparty_othercentrelink_governmentpayments_ratio_total_7d,model_vars_income,-1000000
bank_txn_income_centrelink_3rdparty_othercentrelink_governmentpa_ratio_7d,model_vars_income,-1000000
bank_txn_income_centrelink_3rdparty_othercentrelink_governmentpa_ratio_total_7d,model_vars_income,-1000000
bank_txn_income_centrelink_3rdparty_colcconcessions_ratio_7d,model_vars_income,-1000000
bank_txn_income_centrelink_3rdparty_colcconcessions_ratio_total_7d,model_vars_income,-1000000
bank_txn_income_centrelink_3rdparty_mobilityallowance_ratio_7d,model_vars_income,-1000000
bank_txn_income_centrelink_3rdparty_mobilityallowance_ratio_total_7d,model_vars_income,-1000000
bank_txn_income_centrelink_3rdparty_stillbornpay_ratio_7d,model_vars_income,-1000000
bank_txn_income_centrelink_3rdparty_stillbornpay_ratio_total_7d,model_vars_income,-1000000
bank_txn_income_centrelink_3rdparty_schoolkidsbonus_ratio_7d,model_vars_income,-1000000
bank_txn_income_centrelink_3rdparty_schoolkidsbonus_ratio_total_7d,model_vars_income,-1000000
bank_txn_income_centrelink_3rdparty_disabilitypension_ratio_7d,model_vars_income,-1000000
bank_txn_income_centrelink_3rdparty_disabilitypension_ratio_total_7d,model_vars_income,-1000000
bank_txn_income_centrelink_3rdparty_emergencypayment_ratio_7d,model_vars_income,-1000000
bank_txn_income_centrelink_3rdparty_emergencypayment_ratio_total_7d,model_vars_income,-1000000
bank_txn_income_centrelink_3rdparty_centrelinkpension_ratio_14d,model_vars_income,-1000000
bank_txn_income_centrelink_3rdparty_centrelinkpension_ratio_total_14d,model_vars_income,-1000000
bank_txn_income_centrelink_3rdparty_familybenefits_ratio_14d,model_vars_income,-1000000
bank_txn_income_centrelink_3rdparty_familybenefits_ratio_total_14d,model_vars_income,-1000000
bank_txn_income_centrelink_3rdparty_jobseeker_ratio_14d,model_vars_income,-1000000
bank_txn_income_centrelink_3rdparty_jobseeker_ratio_total_14d,model_vars_income,-1000000
bank_txn_income_centrelink_3rdparty_carersbenefits_ratio_14d,model_vars_income,-1000000
bank_txn_income_centrelink_3rdparty_carersbenefits_ratio_total_14d,model_vars_income,-1000000
bank_txn_income_centrelink_3rdparty_childsupport_ratio_14d,model_vars_income,-1000000
bank_txn_income_centrelink_3rdparty_childsupport_ratio_total_14d,model_vars_income,-1000000
bank_txn_income_centrelink_3rdparty_youthallowance_ratio_14d,model_vars_income,-1000000
bank_txn_income_centrelink_3rdparty_youthallowance_ratio_total_14d,model_vars_income,-1000000
bank_txn_income_centrelink_3rdparty_parentingpayment_ratio_14d,model_vars_income,-1000000
bank_txn_income_centrelink_3rdparty_parentingpayment_ratio_total_14d,model_vars_income,-1000000
bank_txn_income_centrelink_3rdparty_nationaldisabilityinsurance_ratio_14d,model_vars_income,-1000000
bank_txn_income_centrelink_3rdparty_nationaldisabilityinsurance_ratio_total_14d,model_vars_income,-1000000
bank_txn_income_centrelink_3rdparty_vetaffairs_ratio_14d,model_vars_income,-1000000
bank_txn_income_centrelink_3rdparty_vetaffairs_ratio_total_14d,model_vars_income,-1000000
bank_txn_income_centrelink_3rdparty_parentalleavepay_ratio_14d,model_vars_income,-1000000
bank_txn_income_centrelink_3rdparty_parentalleavepay_ratio_total_14d,model_vars_income,-1000000
bank_txn_income_centrelink_3rdparty_childcaresubsidy_ratio_14d,model_vars_income,-1000000
bank_txn_income_centrelink_3rdparty_childcaresubsidy_ratio_total_14d,model_vars_income,-1000000
bank_txn_income_centrelink_3rdparty_educationentrypayment_ratio_14d,model_vars_income,-1000000
bank_txn_income_centrelink_3rdparty_educationentrypayment_ratio_total_14d,model_vars_income,-1000000
bank_txn_income_centrelink_3rdparty_nationaldisabilityinsurancescheme_ratio_14d,model_vars_income,-1000000
bank_txn_income_centrelink_3rdparty_nationaldisabilityinsurancescheme_ratio_total_14d,model_vars_income,-1000000
bank_txn_income_centrelink_3rdparty_childdisabilityassistancepayment_ratio_14d,model_vars_income,-1000000
bank_txn_income_centrelink_3rdparty_childdisabilityassistancepayment_ratio_total_14d,model_vars_income,-1000000
bank_txn_income_centrelink_3rdparty_childdisabilityassistancepa_ratio_14d,model_vars_income,-1000000
bank_txn_income_centrelink_3rdparty_childdisabilityassistancepa_ratio_total_14d,model_vars_income,-1000000
bank_txn_income_centrelink_3rdparty_othercentrelink_governmentpayments_ratio_14d,model_vars_income,-1000000
bank_txn_income_centrelink_3rdparty_othercentrelink_governmentpayments_ratio_total_14d,model_vars_income,-1000000
bank_txn_income_centrelink_3rdparty_othercentrelink_governmentpa_ratio_14d,model_vars_income,-1000000
bank_txn_income_centrelink_3rdparty_othercentrelink_governmentpa_ratio_total_14d,model_vars_income,-1000000
bank_txn_income_centrelink_3rdparty_colcconcessions_ratio_14d,model_vars_income,-1000000
bank_txn_income_centrelink_3rdparty_colcconcessions_ratio_total_14d,model_vars_income,-1000000
bank_txn_income_centrelink_3rdparty_mobilityallowance_ratio_14d,model_vars_income,-1000000
bank_txn_income_centrelink_3rdparty_mobilityallowance_ratio_total_14d,model_vars_income,-1000000
bank_txn_income_centrelink_3rdparty_stillbornpay_ratio_14d,model_vars_income,-1000000
bank_txn_income_centrelink_3rdparty_stillbornpay_ratio_total_14d,model_vars_income,-1000000
bank_txn_income_centrelink_3rdparty_schoolkidsbonus_ratio_14d,model_vars_income,-1000000
bank_txn_income_centrelink_3rdparty_schoolkidsbonus_ratio_total_14d,model_vars_income,-1000000
bank_txn_income_centrelink_3rdparty_disabilitypension_ratio_14d,model_vars_income,-1000000
bank_txn_income_centrelink_3rdparty_disabilitypension_ratio_total_14d,model_vars_income,-1000000
bank_txn_income_centrelink_3rdparty_emergencypayment_ratio_14d,model_vars_income,-1000000
bank_txn_income_centrelink_3rdparty_emergencypayment_ratio_total_14d,model_vars_income,-1000000
bank_txn_income_centrelink_3rdparty_centrelinkpension_ratio_28d,model_vars_income,-1000000
bank_txn_income_centrelink_3rdparty_centrelinkpension_ratio_total_28d,model_vars_income,-1000000
bank_txn_income_centrelink_3rdparty_familybenefits_ratio_28d,model_vars_income,-1000000
bank_txn_income_centrelink_3rdparty_familybenefits_ratio_total_28d,model_vars_income,-1000000
bank_txn_income_centrelink_3rdparty_jobseeker_ratio_28d,model_vars_income,-1000000
bank_txn_income_centrelink_3rdparty_jobseeker_ratio_total_28d,model_vars_income,-1000000
bank_txn_income_centrelink_3rdparty_carersbenefits_ratio_28d,model_vars_income,-1000000
bank_txn_income_centrelink_3rdparty_carersbenefits_ratio_total_28d,model_vars_income,-1000000
bank_txn_income_centrelink_3rdparty_childsupport_ratio_28d,model_vars_income,-1000000
bank_txn_income_centrelink_3rdparty_childsupport_ratio_total_28d,model_vars_income,-1000000
bank_txn_income_centrelink_3rdparty_youthallowance_ratio_28d,model_vars_income,-1000000
bank_txn_income_centrelink_3rdparty_youthallowance_ratio_total_28d,model_vars_income,-1000000
bank_txn_income_centrelink_3rdparty_parentingpayment_ratio_28d,model_vars_income,-1000000
bank_txn_income_centrelink_3rdparty_parentingpayment_ratio_total_28d,model_vars_income,-1000000
bank_txn_income_centrelink_3rdparty_nationaldisabilityinsurance_ratio_28d,model_vars_income,-1000000
bank_txn_income_centrelink_3rdparty_nationaldisabilityinsurance_ratio_total_28d,model_vars_income,-1000000
bank_txn_income_centrelink_3rdparty_vetaffairs_ratio_28d,model_vars_income,-1000000
bank_txn_income_centrelink_3rdparty_vetaffairs_ratio_total_28d,model_vars_income,-1000000
bank_txn_income_centrelink_3rdparty_parentalleavepay_ratio_28d,model_vars_income,-1000000
bank_txn_income_centrelink_3rdparty_parentalleavepay_ratio_total_28d,model_vars_income,-1000000
bank_txn_income_centrelink_3rdparty_childcaresubsidy_ratio_28d,model_vars_income,-1000000
bank_txn_income_centrelink_3rdparty_childcaresubsidy_ratio_total_28d,model_vars_income,-1000000
bank_txn_income_centrelink_3rdparty_educationentrypayment_ratio_28d,model_vars_income,-1000000
bank_txn_income_centrelink_3rdparty_educationentrypayment_ratio_total_28d,model_vars_income,-1000000
bank_txn_income_centrelink_3rdparty_nationaldisabilityinsurancescheme_ratio_28d,model_vars_income,-1000000
bank_txn_income_centrelink_3rdparty_nationaldisabilityinsurancescheme_ratio_total_28d,model_vars_income,-1000000
bank_txn_income_centrelink_3rdparty_childdisabilityassistancepayment_ratio_28d,model_vars_income,-1000000
bank_txn_income_centrelink_3rdparty_childdisabilityassistancepayment_ratio_total_28d,model_vars_income,-1000000
bank_txn_income_centrelink_3rdparty_childdisabilityassistancepa_ratio_28d,model_vars_income,-1000000
bank_txn_income_centrelink_3rdparty_childdisabilityassistancepa_ratio_total_28d,model_vars_income,-1000000
bank_txn_income_centrelink_3rdparty_othercentrelink_governmentpayments_ratio_28d,model_vars_income,-1000000
bank_txn_income_centrelink_3rdparty_othercentrelink_governmentpayments_ratio_total_28d,model_vars_income,-1000000
bank_txn_income_centrelink_3rdparty_othercentrelink_governmentpa_ratio_28d,model_vars_income,-1000000
bank_txn_income_centrelink_3rdparty_othercentrelink_governmentpa_ratio_total_28d,model_vars_income,-1000000
bank_txn_income_centrelink_3rdparty_colcconcessions_ratio_28d,model_vars_income,-1000000
bank_txn_income_centrelink_3rdparty_colcconcessions_ratio_total_28d,model_vars_income,-1000000
bank_txn_income_centrelink_3rdparty_mobilityallowance_ratio_28d,model_vars_income,-1000000
bank_txn_income_centrelink_3rdparty_mobilityallowance_ratio_total_28d,model_vars_income,-1000000
bank_txn_income_centrelink_3rdparty_stillbornpay_ratio_28d,model_vars_income,-1000000
bank_txn_income_centrelink_3rdparty_stillbornpay_ratio_total_28d,model_vars_income,-1000000
bank_txn_income_centrelink_3rdparty_schoolkidsbonus_ratio_28d,model_vars_income,-1000000
bank_txn_income_centrelink_3rdparty_schoolkidsbonus_ratio_total_28d,model_vars_income,-1000000
bank_txn_income_centrelink_3rdparty_disabilitypension_ratio_28d,model_vars_income,-1000000
bank_txn_income_centrelink_3rdparty_disabilitypension_ratio_total_28d,model_vars_income,-1000000
bank_txn_income_centrelink_3rdparty_emergencypayment_ratio_28d,model_vars_income,-1000000
bank_txn_income_centrelink_3rdparty_emergencypayment_ratio_total_28d,model_vars_income,-1000000
bank_txn_income_centrelink_3rdparty_centrelinkpension_ratio_56d,model_vars_income,-1000000
bank_txn_income_centrelink_3rdparty_centrelinkpension_ratio_total_56d,model_vars_income,-1000000
bank_txn_income_centrelink_3rdparty_familybenefits_ratio_56d,model_vars_income,-1000000
bank_txn_income_centrelink_3rdparty_familybenefits_ratio_total_56d,model_vars_income,-1000000
bank_txn_income_centrelink_3rdparty_jobseeker_ratio_56d,model_vars_income,-1000000
bank_txn_income_centrelink_3rdparty_jobseeker_ratio_total_56d,model_vars_income,-1000000
bank_txn_income_centrelink_3rdparty_carersbenefits_ratio_56d,model_vars_income,-1000000
bank_txn_income_centrelink_3rdparty_carersbenefits_ratio_total_56d,model_vars_income,-1000000
bank_txn_income_centrelink_3rdparty_childsupport_ratio_56d,model_vars_income,-1000000
bank_txn_income_centrelink_3rdparty_childsupport_ratio_total_56d,model_vars_income,-1000000
bank_txn_income_centrelink_3rdparty_youthallowance_ratio_56d,model_vars_income,-1000000
bank_txn_income_centrelink_3rdparty_youthallowance_ratio_total_56d,model_vars_income,-1000000
bank_txn_income_centrelink_3rdparty_parentingpayment_ratio_56d,model_vars_income,-1000000
bank_txn_income_centrelink_3rdparty_parentingpayment_ratio_total_56d,model_vars_income,-1000000
bank_txn_income_centrelink_3rdparty_nationaldisabilityinsurance_ratio_56d,model_vars_income,-1000000
bank_txn_income_centrelink_3rdparty_nationaldisabilityinsurance_ratio_total_56d,model_vars_income,-1000000
bank_txn_income_centrelink_3rdparty_vetaffairs_ratio_56d,model_vars_income,-1000000
bank_txn_income_centrelink_3rdparty_vetaffairs_ratio_total_56d,model_vars_income,-1000000
bank_txn_income_centrelink_3rdparty_parentalleavepay_ratio_56d,model_vars_income,-1000000
bank_txn_income_centrelink_3rdparty_parentalleavepay_ratio_total_56d,model_vars_income,-1000000
bank_txn_income_centrelink_3rdparty_childcaresubsidy_ratio_56d,model_vars_income,-1000000
bank_txn_income_centrelink_3rdparty_childcaresubsidy_ratio_total_56d,model_vars_income,-1000000
bank_txn_income_centrelink_3rdparty_educationentrypayment_ratio_56d,model_vars_income,-1000000
bank_txn_income_centrelink_3rdparty_educationentrypayment_ratio_total_56d,model_vars_income,-1000000
bank_txn_income_centrelink_3rdparty_nationaldisabilityinsurancescheme_ratio_56d,model_vars_income,-1000000
bank_txn_income_centrelink_3rdparty_nationaldisabilityinsurancescheme_ratio_total_56d,model_vars_income,-1000000
bank_txn_income_centrelink_3rdparty_childdisabilityassistancepayment_ratio_56d,model_vars_income,-1000000
bank_txn_income_centrelink_3rdparty_childdisabilityassistancepayment_ratio_total_56d,model_vars_income,-1000000
bank_txn_income_centrelink_3rdparty_childdisabilityassistancepa_ratio_56d,model_vars_income,-1000000
bank_txn_income_centrelink_3rdparty_childdisabilityassistancepa_ratio_total_56d,model_vars_income,-1000000
bank_txn_income_centrelink_3rdparty_othercentrelink_governmentpayments_ratio_56d,model_vars_income,-1000000
bank_txn_income_centrelink_3rdparty_othercentrelink_governmentpayments_ratio_total_56d,model_vars_income,-1000000
bank_txn_income_centrelink_3rdparty_othercentrelink_governmentpa_ratio_56d,model_vars_income,-1000000
bank_txn_income_centrelink_3rdparty_othercentrelink_governmentpa_ratio_total_56d,model_vars_income,-1000000
bank_txn_income_centrelink_3rdparty_colcconcessions_ratio_56d,model_vars_income,-1000000
bank_txn_income_centrelink_3rdparty_colcconcessions_ratio_total_56d,model_vars_income,-1000000
bank_txn_income_centrelink_3rdparty_mobilityallowance_ratio_56d,model_vars_income,-1000000
bank_txn_income_centrelink_3rdparty_mobilityallowance_ratio_total_56d,model_vars_income,-1000000
bank_txn_income_centrelink_3rdparty_stillbornpay_ratio_56d,model_vars_income,-1000000
bank_txn_income_centrelink_3rdparty_stillbornpay_ratio_total_56d,model_vars_income,-1000000
bank_txn_income_centrelink_3rdparty_schoolkidsbonus_ratio_56d,model_vars_income,-1000000
bank_txn_income_centrelink_3rdparty_schoolkidsbonus_ratio_total_56d,model_vars_income,-1000000
bank_txn_income_centrelink_3rdparty_disabilitypension_ratio_56d,model_vars_income,-1000000
bank_txn_income_centrelink_3rdparty_disabilitypension_ratio_total_56d,model_vars_income,-1000000
bank_txn_income_centrelink_3rdparty_emergencypayment_ratio_56d,model_vars_income,-1000000
bank_txn_income_centrelink_3rdparty_emergencypayment_ratio_total_56d,model_vars_income,-1000000
bank_txn_income_centrelink_3rdparty_centrelinkpension_ratio_84d,model_vars_income,-1000000
bank_txn_income_centrelink_3rdparty_centrelinkpension_ratio_total_84d,model_vars_income,-1000000
bank_txn_income_centrelink_3rdparty_familybenefits_ratio_84d,model_vars_income,-1000000
bank_txn_income_centrelink_3rdparty_familybenefits_ratio_total_84d,model_vars_income,-1000000
bank_txn_income_centrelink_3rdparty_jobseeker_ratio_84d,model_vars_income,-1000000
bank_txn_income_centrelink_3rdparty_jobseeker_ratio_total_84d,model_vars_income,-1000000
bank_txn_income_centrelink_3rdparty_carersbenefits_ratio_84d,model_vars_income,-1000000
bank_txn_income_centrelink_3rdparty_carersbenefits_ratio_total_84d,model_vars_income,-1000000
bank_txn_income_centrelink_3rdparty_childsupport_ratio_84d,model_vars_income,-1000000
bank_txn_income_centrelink_3rdparty_childsupport_ratio_total_84d,model_vars_income,-1000000
bank_txn_income_centrelink_3rdparty_youthallowance_ratio_84d,model_vars_income,-1000000
bank_txn_income_centrelink_3rdparty_youthallowance_ratio_total_84d,model_vars_income,-1000000
bank_txn_income_centrelink_3rdparty_parentingpayment_ratio_84d,model_vars_income,-1000000
bank_txn_income_centrelink_3rdparty_parentingpayment_ratio_total_84d,model_vars_income,-1000000
bank_txn_income_centrelink_3rdparty_nationaldisabilityinsurance_ratio_84d,model_vars_income,-1000000
bank_txn_income_centrelink_3rdparty_nationaldisabilityinsurance_ratio_total_84d,model_vars_income,-1000000
bank_txn_income_centrelink_3rdparty_vetaffairs_ratio_84d,model_vars_income,-1000000
bank_txn_income_centrelink_3rdparty_vetaffairs_ratio_total_84d,model_vars_income,-1000000
bank_txn_income_centrelink_3rdparty_parentalleavepay_ratio_84d,model_vars_income,-1000000
bank_txn_income_centrelink_3rdparty_parentalleavepay_ratio_total_84d,model_vars_income,-1000000
bank_txn_income_centrelink_3rdparty_childcaresubsidy_ratio_84d,model_vars_income,-1000000
bank_txn_income_centrelink_3rdparty_childcaresubsidy_ratio_total_84d,model_vars_income,-1000000
bank_txn_income_centrelink_3rdparty_educationentrypayment_ratio_84d,model_vars_income,-1000000
bank_txn_income_centrelink_3rdparty_educationentrypayment_ratio_total_84d,model_vars_income,-1000000
bank_txn_income_centrelink_3rdparty_nationaldisabilityinsurancescheme_ratio_84d,model_vars_income,-1000000
bank_txn_income_centrelink_3rdparty_nationaldisabilityinsurancescheme_ratio_total_84d,model_vars_income,-1000000
bank_txn_income_centrelink_3rdparty_childdisabilityassistancepayment_ratio_84d,model_vars_income,-1000000
bank_txn_income_centrelink_3rdparty_childdisabilityassistancepayment_ratio_total_84d,model_vars_income,-1000000
bank_txn_income_centrelink_3rdparty_childdisabilityassistancepa_ratio_84d,model_vars_income,-1000000
bank_txn_income_centrelink_3rdparty_childdisabilityassistancepa_ratio_total_84d,model_vars_income,-1000000
bank_txn_income_centrelink_3rdparty_othercentrelink_governmentpayments_ratio_84d,model_vars_income,-1000000
bank_txn_income_centrelink_3rdparty_othercentrelink_governmentpayments_ratio_total_84d,model_vars_income,-1000000
bank_txn_income_centrelink_3rdparty_othercentrelink_governmentpa_ratio_84d,model_vars_income,-1000000
bank_txn_income_centrelink_3rdparty_othercentrelink_governmentpa_ratio_total_84d,model_vars_income,-1000000
bank_txn_income_centrelink_3rdparty_colcconcessions_ratio_84d,model_vars_income,-1000000
bank_txn_income_centrelink_3rdparty_colcconcessions_ratio_total_84d,model_vars_income,-1000000
bank_txn_income_centrelink_3rdparty_mobilityallowance_ratio_84d,model_vars_income,-1000000
bank_txn_income_centrelink_3rdparty_mobilityallowance_ratio_total_84d,model_vars_income,-1000000
bank_txn_income_centrelink_3rdparty_stillbornpay_ratio_84d,model_vars_income,-1000000
bank_txn_income_centrelink_3rdparty_stillbornpay_ratio_total_84d,model_vars_income,-1000000
bank_txn_income_centrelink_3rdparty_schoolkidsbonus_ratio_84d,model_vars_income,-1000000
bank_txn_income_centrelink_3rdparty_schoolkidsbonus_ratio_total_84d,model_vars_income,-1000000
bank_txn_income_centrelink_3rdparty_disabilitypension_ratio_84d,model_vars_income,-1000000
bank_txn_income_centrelink_3rdparty_disabilitypension_ratio_total_84d,model_vars_income,-1000000
bank_txn_income_centrelink_3rdparty_emergencypayment_ratio_84d,model_vars_income,-1000000
bank_txn_income_centrelink_3rdparty_emergencypayment_ratio_total_84d,model_vars_income,-1000000
bank_txn_income_centrelink_3rdparty_centrelinkpension_ratio_168d,model_vars_income,-1000000
bank_txn_income_centrelink_3rdparty_centrelinkpension_ratio_total_168d,model_vars_income,-1000000
bank_txn_income_centrelink_3rdparty_familybenefits_ratio_168d,model_vars_income,-1000000
bank_txn_income_centrelink_3rdparty_familybenefits_ratio_total_168d,model_vars_income,-1000000
bank_txn_income_centrelink_3rdparty_jobseeker_ratio_168d,model_vars_income,-1000000
bank_txn_income_centrelink_3rdparty_jobseeker_ratio_total_168d,model_vars_income,-1000000
bank_txn_income_centrelink_3rdparty_carersbenefits_ratio_168d,model_vars_income,-1000000
bank_txn_income_centrelink_3rdparty_carersbenefits_ratio_total_168d,model_vars_income,-1000000
bank_txn_income_centrelink_3rdparty_childsupport_ratio_168d,model_vars_income,-1000000
bank_txn_income_centrelink_3rdparty_childsupport_ratio_total_168d,model_vars_income,-1000000
bank_txn_income_centrelink_3rdparty_youthallowance_ratio_168d,model_vars_income,-1000000
bank_txn_income_centrelink_3rdparty_youthallowance_ratio_total_168d,model_vars_income,-1000000
bank_txn_income_centrelink_3rdparty_parentingpayment_ratio_168d,model_vars_income,-1000000
bank_txn_income_centrelink_3rdparty_parentingpayment_ratio_total_168d,model_vars_income,-1000000
bank_txn_income_centrelink_3rdparty_nationaldisabilityinsurance_ratio_168d,model_vars_income,-1000000
bank_txn_income_centrelink_3rdparty_nationaldisabilityinsurance_ratio_total_168d,model_vars_income,-1000000
bank_txn_income_centrelink_3rdparty_vetaffairs_ratio_168d,model_vars_income,-1000000
bank_txn_income_centrelink_3rdparty_vetaffairs_ratio_total_168d,model_vars_income,-1000000
bank_txn_income_centrelink_3rdparty_parentalleavepay_ratio_168d,model_vars_income,-1000000
bank_txn_income_centrelink_3rdparty_parentalleavepay_ratio_total_168d,model_vars_income,-1000000
bank_txn_income_centrelink_3rdparty_childcaresubsidy_ratio_168d,model_vars_income,-1000000
bank_txn_income_centrelink_3rdparty_childcaresubsidy_ratio_total_168d,model_vars_income,-1000000
bank_txn_income_centrelink_3rdparty_educationentrypayment_ratio_168d,model_vars_income,-1000000
bank_txn_income_centrelink_3rdparty_educationentrypayment_ratio_total_168d,model_vars_income,-1000000
bank_txn_income_centrelink_3rdparty_nationaldisabilityinsurancescheme_ratio_168d,model_vars_income,-1000000
bank_txn_income_centrelink_3rdparty_nationaldisabilityinsurancescheme_ratio_total_168d,model_vars_income,-1000000
bank_txn_income_centrelink_3rdparty_childdisabilityassistancepayment_ratio_168d,model_vars_income,-1000000
bank_txn_income_centrelink_3rdparty_childdisabilityassistancepayment_ratio_total_168d,model_vars_income,-1000000
bank_txn_income_centrelink_3rdparty_childdisabilityassistancepa_ratio_168d,model_vars_income,-1000000
bank_txn_income_centrelink_3rdparty_childdisabilityassistancepa_ratio_total_168d,model_vars_income,-1000000
bank_txn_income_centrelink_3rdparty_othercentrelink_governmentpayments_ratio_168d,model_vars_income,-1000000
bank_txn_income_centrelink_3rdparty_othercentrelink_governmentpayments_ratio_total_168d,model_vars_income,-1000000
bank_txn_income_centrelink_3rdparty_othercentrelink_governmentpa_ratio_168d,model_vars_income,-1000000
bank_txn_income_centrelink_3rdparty_othercentrelink_governmentpa_ratio_total_168d,model_vars_income,-1000000
bank_txn_income_centrelink_3rdparty_colcconcessions_ratio_168d,model_vars_income,-1000000
bank_txn_income_centrelink_3rdparty_colcconcessions_ratio_total_168d,model_vars_income,-1000000
bank_txn_income_centrelink_3rdparty_mobilityallowance_ratio_168d,model_vars_income,-1000000
bank_txn_income_centrelink_3rdparty_mobilityallowance_ratio_total_168d,model_vars_income,-1000000
bank_txn_income_centrelink_3rdparty_stillbornpay_ratio_168d,model_vars_income,-1000000
bank_txn_income_centrelink_3rdparty_stillbornpay_ratio_total_168d,model_vars_income,-1000000
bank_txn_income_centrelink_3rdparty_schoolkidsbonus_ratio_168d,model_vars_income,-1000000
bank_txn_income_centrelink_3rdparty_schoolkidsbonus_ratio_total_168d,model_vars_income,-1000000
bank_txn_income_centrelink_3rdparty_disabilitypension_ratio_168d,model_vars_income,-1000000
bank_txn_income_centrelink_3rdparty_disabilitypension_ratio_total_168d,model_vars_income,-1000000
bank_txn_income_centrelink_3rdparty_emergencypayment_ratio_168d,model_vars_income,-1000000
bank_txn_income_centrelink_3rdparty_emergencypayment_ratio_total_168d,model_vars_income,-1000000
bank_txn_income_centrelink_3rdparty_centrelinkpension_ratio_182d,model_vars_income,-1000000
bank_txn_income_centrelink_3rdparty_centrelinkpension_ratio_total_182d,model_vars_income,-1000000
bank_txn_income_centrelink_3rdparty_familybenefits_ratio_182d,model_vars_income,-1000000
bank_txn_income_centrelink_3rdparty_familybenefits_ratio_total_182d,model_vars_income,-1000000
bank_txn_income_centrelink_3rdparty_jobseeker_ratio_182d,model_vars_income,-1000000
bank_txn_income_centrelink_3rdparty_jobseeker_ratio_total_182d,model_vars_income,-1000000
bank_txn_income_centrelink_3rdparty_carersbenefits_ratio_182d,model_vars_income,-1000000
bank_txn_income_centrelink_3rdparty_carersbenefits_ratio_total_182d,model_vars_income,-1000000
bank_txn_income_centrelink_3rdparty_childsupport_ratio_182d,model_vars_income,-1000000
bank_txn_income_centrelink_3rdparty_childsupport_ratio_total_182d,model_vars_income,-1000000
bank_txn_income_centrelink_3rdparty_youthallowance_ratio_182d,model_vars_income,-1000000
bank_txn_income_centrelink_3rdparty_youthallowance_ratio_total_182d,model_vars_income,-1000000
bank_txn_income_centrelink_3rdparty_parentingpayment_ratio_182d,model_vars_income,-1000000
bank_txn_income_centrelink_3rdparty_parentingpayment_ratio_total_182d,model_vars_income,-1000000
bank_txn_income_centrelink_3rdparty_nationaldisabilityinsurance_ratio_182d,model_vars_income,-1000000
bank_txn_income_centrelink_3rdparty_nationaldisabilityinsurance_ratio_total_182d,model_vars_income,-1000000
bank_txn_income_centrelink_3rdparty_vetaffairs_ratio_182d,model_vars_income,-1000000
bank_txn_income_centrelink_3rdparty_vetaffairs_ratio_total_182d,model_vars_income,-1000000
bank_txn_income_centrelink_3rdparty_parentalleavepay_ratio_182d,model_vars_income,-1000000
bank_txn_income_centrelink_3rdparty_parentalleavepay_ratio_total_182d,model_vars_income,-1000000
bank_txn_income_centrelink_3rdparty_childcaresubsidy_ratio_182d,model_vars_income,-1000000
bank_txn_income_centrelink_3rdparty_childcaresubsidy_ratio_total_182d,model_vars_income,-1000000
bank_txn_income_centrelink_3rdparty_educationentrypayment_ratio_182d,model_vars_income,-1000000
bank_txn_income_centrelink_3rdparty_educationentrypayment_ratio_total_182d,model_vars_income,-1000000
bank_txn_income_centrelink_3rdparty_nationaldisabilityinsurancescheme_ratio_182d,model_vars_income,-1000000
bank_txn_income_centrelink_3rdparty_nationaldisabilityinsurancescheme_ratio_total_182d,model_vars_income,-1000000
bank_txn_income_centrelink_3rdparty_childdisabilityassistancepayment_ratio_182d,model_vars_income,-1000000
bank_txn_income_centrelink_3rdparty_childdisabilityassistancepayment_ratio_total_182d,model_vars_income,-1000000
bank_txn_income_centrelink_3rdparty_childdisabilityassistancepa_ratio_182d,model_vars_income,-1000000
bank_txn_income_centrelink_3rdparty_childdisabilityassistancepa_ratio_total_182d,model_vars_income,-1000000
bank_txn_income_centrelink_3rdparty_othercentrelink_governmentpayments_ratio_182d,model_vars_income,-1000000
bank_txn_income_centrelink_3rdparty_othercentrelink_governmentpayments_ratio_total_182d,model_vars_income,-1000000
bank_txn_income_centrelink_3rdparty_othercentrelink_governmentpa_ratio_182d,model_vars_income,-1000000
bank_txn_income_centrelink_3rdparty_othercentrelink_governmentpa_ratio_total_182d,model_vars_income,-1000000
bank_txn_income_centrelink_3rdparty_colcconcessions_ratio_182d,model_vars_income,-1000000
bank_txn_income_centrelink_3rdparty_colcconcessions_ratio_total_182d,model_vars_income,-1000000
bank_txn_income_centrelink_3rdparty_mobilityallowance_ratio_182d,model_vars_income,-1000000
bank_txn_income_centrelink_3rdparty_mobilityallowance_ratio_total_182d,model_vars_income,-1000000
bank_txn_income_centrelink_3rdparty_stillbornpay_ratio_182d,model_vars_income,-1000000
bank_txn_income_centrelink_3rdparty_stillbornpay_ratio_total_182d,model_vars_income,-1000000
bank_txn_income_centrelink_3rdparty_schoolkidsbonus_ratio_182d,model_vars_income,-1000000
bank_txn_income_centrelink_3rdparty_schoolkidsbonus_ratio_total_182d,model_vars_income,-1000000
bank_txn_income_centrelink_3rdparty_disabilitypension_ratio_182d,model_vars_income,-1000000
bank_txn_income_centrelink_3rdparty_disabilitypension_ratio_total_182d,model_vars_income,-1000000
bank_txn_income_centrelink_3rdparty_emergencypayment_ratio_182d,model_vars_income,-1000000
bank_txn_income_centrelink_3rdparty_emergencypayment_ratio_total_182d,model_vars_income,-1000000
bank_txn_income_centrelink_3rdparty_centrelinkpension_latest_amount,model_vars_income,-1000000
bank_txn_income_centrelink_3rdparty_familybenefits_latest_amount,model_vars_income,-1000000
bank_txn_income_centrelink_3rdparty_jobseeker_latest_amount,model_vars_income,-1000000
bank_txn_income_centrelink_3rdparty_carersbenefits_latest_amount,model_vars_income,-1000000
bank_txn_income_centrelink_3rdparty_childsupport_latest_amount,model_vars_income,-1000000
bank_txn_income_centrelink_3rdparty_youthallowance_latest_amount,model_vars_income,-1000000
bank_txn_income_centrelink_3rdparty_parentingpayment_latest_amount,model_vars_income,-1000000
bank_txn_income_centrelink_3rdparty_nationaldisabilityinsurance_latest_amount,model_vars_income,-1000000
bank_txn_income_centrelink_3rdparty_vetaffairs_latest_amount,model_vars_income,-1000000
bank_txn_income_centrelink_3rdparty_parentalleavepay_latest_amount,model_vars_income,-1000000
bank_txn_income_centrelink_3rdparty_childcaresubsidy_latest_amount,model_vars_income,-1000000
bank_txn_income_centrelink_3rdparty_educationentrypayment_latest_amount,model_vars_income,-1000000
bank_txn_income_centrelink_3rdparty_nationaldisabilityinsurancescheme_latest_amount,model_vars_income,-1000000
bank_txn_income_centrelink_3rdparty_childdisabilityassistancepayment_latest_amount,model_vars_income,-1000000
bank_txn_income_centrelink_3rdparty_childdisabilityassistancepa_latest_amount,model_vars_income,-1000000
bank_txn_income_centrelink_3rdparty_othercentrelink_governmentpayments_latest_amount,model_vars_income,-1000000
bank_txn_income_centrelink_3rdparty_othercentrelink_governmentpa_latest_amount,model_vars_income,-1000000
bank_txn_income_centrelink_3rdparty_colcconcessions_latest_amount,model_vars_income,-1000000
bank_txn_income_centrelink_3rdparty_mobilityallowance_latest_amount,model_vars_income,-1000000
bank_txn_income_centrelink_3rdparty_stillbornpay_latest_amount,model_vars_income,-1000000
bank_txn_income_centrelink_3rdparty_schoolkidsbonus_latest_amount,model_vars_income,-1000000
bank_txn_income_centrelink_3rdparty_disabilitypension_latest_amount,model_vars_income,-1000000
bank_txn_income_centrelink_3rdparty_emergencypayment_latest_amount,model_vars_income,-1000000
bank_txn_income_centrelink_3rdparty_centrelinkpension_latest_vs_3m,model_vars_income,-1000000
bank_txn_income_centrelink_3rdparty_centrelinkpension_1m_vs_3m,model_vars_income,-1000000
bank_txn_income_centrelink_3rdparty_centrelinkpension_3m_vs_6m,model_vars_income,-1000000
bank_txn_income_centrelink_3rdparty_familybenefits_latest_vs_3m,model_vars_income,-1000000
bank_txn_income_centrelink_3rdparty_familybenefits_1m_vs_3m,model_vars_income,-1000000
bank_txn_income_centrelink_3rdparty_familybenefits_3m_vs_6m,model_vars_income,-1000000
bank_txn_income_centrelink_3rdparty_jobseeker_latest_vs_3m,model_vars_income,-1000000
bank_txn_income_centrelink_3rdparty_jobseeker_1m_vs_3m,model_vars_income,-1000000
bank_txn_income_centrelink_3rdparty_jobseeker_3m_vs_6m,model_vars_income,-1000000
bank_txn_income_centrelink_3rdparty_carersbenefits_latest_vs_3m,model_vars_income,-1000000
bank_txn_income_centrelink_3rdparty_carersbenefits_1m_vs_3m,model_vars_income,-1000000
bank_txn_income_centrelink_3rdparty_carersbenefits_3m_vs_6m,model_vars_income,-1000000
bank_txn_income_centrelink_3rdparty_childsupport_latest_vs_3m,model_vars_income,-1000000
bank_txn_income_centrelink_3rdparty_childsupport_1m_vs_3m,model_vars_income,-1000000
bank_txn_income_centrelink_3rdparty_childsupport_3m_vs_6m,model_vars_income,-1000000
bank_txn_income_centrelink_3rdparty_youthallowance_latest_vs_3m,model_vars_income,-1000000
bank_txn_income_centrelink_3rdparty_youthallowance_1m_vs_3m,model_vars_income,-1000000
bank_txn_income_centrelink_3rdparty_youthallowance_3m_vs_6m,model_vars_income,-1000000
bank_txn_income_centrelink_3rdparty_parentingpayment_latest_vs_3m,model_vars_income,-1000000
bank_txn_income_centrelink_3rdparty_parentingpayment_1m_vs_3m,model_vars_income,-1000000
bank_txn_income_centrelink_3rdparty_parentingpayment_3m_vs_6m,model_vars_income,-1000000
bank_txn_income_centrelink_3rdparty_nationaldisabilityinsurance_latest_vs_3m,model_vars_income,-1000000
bank_txn_income_centrelink_3rdparty_nationaldisabilityinsurance_1m_vs_3m,model_vars_income,-1000000
bank_txn_income_centrelink_3rdparty_nationaldisabilityinsurance_3m_vs_6m,model_vars_income,-1000000
bank_txn_income_centrelink_3rdparty_vetaffairs_latest_vs_3m,model_vars_income,-1000000
bank_txn_income_centrelink_3rdparty_vetaffairs_1m_vs_3m,model_vars_income,-1000000
bank_txn_income_centrelink_3rdparty_vetaffairs_3m_vs_6m,model_vars_income,-1000000
bank_txn_income_centrelink_3rdparty_parentalleavepay_latest_vs_3m,model_vars_income,-1000000
bank_txn_income_centrelink_3rdparty_parentalleavepay_1m_vs_3m,model_vars_income,-1000000
bank_txn_income_centrelink_3rdparty_parentalleavepay_3m_vs_6m,model_vars_income,-1000000
bank_txn_income_centrelink_3rdparty_childcaresubsidy_latest_vs_3m,model_vars_income,-1000000
bank_txn_income_centrelink_3rdparty_childcaresubsidy_1m_vs_3m,model_vars_income,-1000000
bank_txn_income_centrelink_3rdparty_childcaresubsidy_3m_vs_6m,model_vars_income,-1000000
bank_txn_income_centrelink_3rdparty_educationentrypayment_latest_vs_3m,model_vars_income,-1000000
bank_txn_income_centrelink_3rdparty_educationentrypayment_1m_vs_3m,model_vars_income,-1000000
bank_txn_income_centrelink_3rdparty_educationentrypayment_3m_vs_6m,model_vars_income,-1000000
bank_txn_income_centrelink_3rdparty_nationaldisabilityinsurancescheme_latest_vs_3m,model_vars_income,-1000000
bank_txn_income_centrelink_3rdparty_nationaldisabilityinsurancescheme_1m_vs_3m,model_vars_income,-1000000
bank_txn_income_centrelink_3rdparty_nationaldisabilityinsurancescheme_3m_vs_6m,model_vars_income,-1000000
bank_txn_income_centrelink_3rdparty_childdisabilityassistancepayment_latest_vs_3m,model_vars_income,-1000000
bank_txn_income_centrelink_3rdparty_childdisabilityassistancepayment_1m_vs_3m,model_vars_income,-1000000
bank_txn_income_centrelink_3rdparty_childdisabilityassistancepayment_3m_vs_6m,model_vars_income,-1000000
bank_txn_income_centrelink_3rdparty_childdisabilityassistancepa_latest_vs_3m,model_vars_income,-1000000
bank_txn_income_centrelink_3rdparty_childdisabilityassistancepa_1m_vs_3m,model_vars_income,-1000000
bank_txn_income_centrelink_3rdparty_childdisabilityassistancepa_3m_vs_6m,model_vars_income,-1000000
bank_txn_income_centrelink_3rdparty_othercentrelink_governmentpayments_latest_vs_3m,model_vars_income,-1000000
bank_txn_income_centrelink_3rdparty_othercentrelink_governmentpayments_1m_vs_3m,model_vars_income,-1000000
bank_txn_income_centrelink_3rdparty_othercentrelink_governmentpayments_3m_vs_6m,model_vars_income,-1000000
bank_txn_income_centrelink_3rdparty_othercentrelink_governmentpa_latest_vs_3m,model_vars_income,-1000000
bank_txn_income_centrelink_3rdparty_othercentrelink_governmentpa_1m_vs_3m,model_vars_income,-1000000
bank_txn_income_centrelink_3rdparty_othercentrelink_governmentpa_3m_vs_6m,model_vars_income,-1000000
bank_txn_income_centrelink_3rdparty_colcconcessions_latest_vs_3m,model_vars_income,-1000000
bank_txn_income_centrelink_3rdparty_colcconcessions_1m_vs_3m,model_vars_income,-1000000
bank_txn_income_centrelink_3rdparty_colcconcessions_3m_vs_6m,model_vars_income,-1000000
bank_txn_income_centrelink_3rdparty_mobilityallowance_latest_vs_3m,model_vars_income,-1000000
bank_txn_income_centrelink_3rdparty_mobilityallowance_1m_vs_3m,model_vars_income,-1000000
bank_txn_income_centrelink_3rdparty_mobilityallowance_3m_vs_6m,model_vars_income,-1000000
bank_txn_income_centrelink_3rdparty_stillbornpay_latest_vs_3m,model_vars_income,-1000000
bank_txn_income_centrelink_3rdparty_stillbornpay_1m_vs_3m,model_vars_income,-1000000
bank_txn_income_centrelink_3rdparty_stillbornpay_3m_vs_6m,model_vars_income,-1000000
bank_txn_income_centrelink_3rdparty_schoolkidsbonus_latest_vs_3m,model_vars_income,-1000000
bank_txn_income_centrelink_3rdparty_schoolkidsbonus_1m_vs_3m,model_vars_income,-1000000
bank_txn_income_centrelink_3rdparty_schoolkidsbonus_3m_vs_6m,model_vars_income,-1000000
bank_txn_income_centrelink_3rdparty_disabilitypension_latest_vs_3m,model_vars_income,-1000000
bank_txn_income_centrelink_3rdparty_disabilitypension_1m_vs_3m,model_vars_income,-1000000
bank_txn_income_centrelink_3rdparty_disabilitypension_3m_vs_6m,model_vars_income,-1000000
bank_txn_income_centrelink_3rdparty_emergencypayment_latest_vs_3m,model_vars_income,-1000000
bank_txn_income_centrelink_3rdparty_emergencypayment_1m_vs_3m,model_vars_income,-1000000
bank_txn_income_centrelink_3rdparty_emergencypayment_3m_vs_6m,model_vars_income,-1000000
bank_txn_income_centrelink_3rdparty_centrelinkpension_interval_std,model_vars_income,-1000000
bank_txn_income_centrelink_3rdparty_centrelinkpension_interval_max,model_vars_income,-1000000
bank_txn_income_centrelink_3rdparty_centrelinkpension_interval_gap_30_count,model_vars_income,-1000000
bank_txn_income_centrelink_3rdparty_familybenefits_interval_std,model_vars_income,-1000000
bank_txn_income_centrelink_3rdparty_familybenefits_interval_max,model_vars_income,-1000000
bank_txn_income_centrelink_3rdparty_familybenefits_interval_gap_30_count,model_vars_income,-1000000
bank_txn_income_centrelink_3rdparty_jobseeker_interval_std,model_vars_income,-1000000
bank_txn_income_centrelink_3rdparty_jobseeker_interval_max,model_vars_income,-1000000
bank_txn_income_centrelink_3rdparty_jobseeker_interval_gap_30_count,model_vars_income,-1000000
bank_txn_income_centrelink_3rdparty_carersbenefits_interval_std,model_vars_income,-1000000
bank_txn_income_centrelink_3rdparty_carersbenefits_interval_max,model_vars_income,-1000000
bank_txn_income_centrelink_3rdparty_carersbenefits_interval_gap_30_count,model_vars_income,-1000000
bank_txn_income_centrelink_3rdparty_childsupport_interval_std,model_vars_income,-1000000
bank_txn_income_centrelink_3rdparty_childsupport_interval_max,model_vars_income,-1000000
bank_txn_income_centrelink_3rdparty_childsupport_interval_gap_30_count,model_vars_income,-1000000
bank_txn_income_centrelink_3rdparty_youthallowance_interval_std,model_vars_income,-1000000
bank_txn_income_centrelink_3rdparty_youthallowance_interval_max,model_vars_income,-1000000
bank_txn_income_centrelink_3rdparty_youthallowance_interval_gap_30_count,model_vars_income,-1000000
bank_txn_income_centrelink_3rdparty_parentingpayment_interval_std,model_vars_income,-1000000
bank_txn_income_centrelink_3rdparty_parentingpayment_interval_max,model_vars_income,-1000000
bank_txn_income_centrelink_3rdparty_parentingpayment_interval_gap_30_count,model_vars_income,-1000000
bank_txn_income_centrelink_3rdparty_nationaldisabilityinsurance_interval_std,model_vars_income,-1000000
bank_txn_income_centrelink_3rdparty_nationaldisabilityinsurance_interval_max,model_vars_income,-1000000
bank_txn_income_centrelink_3rdparty_nationaldisabilityinsurance_interval_gap_30_count,model_vars_income,-1000000
bank_txn_income_centrelink_3rdparty_vetaffairs_interval_std,model_vars_income,-1000000
bank_txn_income_centrelink_3rdparty_vetaffairs_interval_max,model_vars_income,-1000000
bank_txn_income_centrelink_3rdparty_vetaffairs_interval_gap_30_count,model_vars_income,-1000000
bank_txn_income_centrelink_3rdparty_parentalleavepay_interval_std,model_vars_income,-1000000
bank_txn_income_centrelink_3rdparty_parentalleavepay_interval_max,model_vars_income,-1000000
bank_txn_income_centrelink_3rdparty_parentalleavepay_interval_gap_30_count,model_vars_income,-1000000
bank_txn_income_centrelink_3rdparty_childcaresubsidy_interval_std,model_vars_income,-1000000
bank_txn_income_centrelink_3rdparty_childcaresubsidy_interval_max,model_vars_income,-1000000
bank_txn_income_centrelink_3rdparty_childcaresubsidy_interval_gap_30_count,model_vars_income,-1000000
bank_txn_income_centrelink_3rdparty_educationentrypayment_interval_std,model_vars_income,-1000000
bank_txn_income_centrelink_3rdparty_educationentrypayment_interval_max,model_vars_income,-1000000
bank_txn_income_centrelink_3rdparty_educationentrypayment_interval_gap_30_count,model_vars_income,-1000000
bank_txn_income_centrelink_3rdparty_nationaldisabilityinsurancescheme_interval_std,model_vars_income,-1000000
bank_txn_income_centrelink_3rdparty_nationaldisabilityinsurancescheme_interval_max,model_vars_income,-1000000
bank_txn_income_centrelink_3rdparty_nationaldisabilityinsurancescheme_interval_gap_30_count,model_vars_income,-1000000
bank_txn_income_centrelink_3rdparty_childdisabilityassistancepayment_interval_std,model_vars_income,-1000000
bank_txn_income_centrelink_3rdparty_childdisabilityassistancepayment_interval_max,model_vars_income,-1000000
bank_txn_income_centrelink_3rdparty_childdisabilityassistancepayment_interval_gap_30_count,model_vars_income,-1000000
bank_txn_income_centrelink_3rdparty_childdisabilityassistancepa_interval_std,model_vars_income,-1000000
bank_txn_income_centrelink_3rdparty_childdisabilityassistancepa_interval_max,model_vars_income,-1000000
bank_txn_income_centrelink_3rdparty_childdisabilityassistancepa_interval_gap_30_count,model_vars_income,-1000000
bank_txn_income_centrelink_3rdparty_othercentrelink_governmentpayments_interval_std,model_vars_income,-1000000
bank_txn_income_centrelink_3rdparty_othercentrelink_governmentpayments_interval_max,model_vars_income,-1000000
bank_txn_income_centrelink_3rdparty_othercentrelink_governmentpayments_interval_gap_30_count,model_vars_income,-1000000
bank_txn_income_centrelink_3rdparty_othercentrelink_governmentpa_interval_std,model_vars_income,-1000000
bank_txn_income_centrelink_3rdparty_othercentrelink_governmentpa_interval_max,model_vars_income,-1000000
bank_txn_income_centrelink_3rdparty_othercentrelink_governmentpa_interval_gap_30_count,model_vars_income,-1000000
bank_txn_income_centrelink_3rdparty_colcconcessions_interval_std,model_vars_income,-1000000
bank_txn_income_centrelink_3rdparty_colcconcessions_interval_max,model_vars_income,-1000000
bank_txn_income_centrelink_3rdparty_colcconcessions_interval_gap_30_count,model_vars_income,-1000000
bank_txn_income_centrelink_3rdparty_mobilityallowance_interval_std,model_vars_income,-1000000
bank_txn_income_centrelink_3rdparty_mobilityallowance_interval_max,model_vars_income,-1000000
bank_txn_income_centrelink_3rdparty_mobilityallowance_interval_gap_30_count,model_vars_income,-1000000
bank_txn_income_centrelink_3rdparty_stillbornpay_interval_std,model_vars_income,-1000000
bank_txn_income_centrelink_3rdparty_stillbornpay_interval_max,model_vars_income,-1000000
bank_txn_income_centrelink_3rdparty_stillbornpay_interval_gap_30_count,model_vars_income,-1000000
bank_txn_income_centrelink_3rdparty_schoolkidsbonus_interval_std,model_vars_income,-1000000
bank_txn_income_centrelink_3rdparty_schoolkidsbonus_interval_max,model_vars_income,-1000000
bank_txn_income_centrelink_3rdparty_schoolkidsbonus_interval_gap_30_count,model_vars_income,-1000000
bank_txn_income_centrelink_3rdparty_disabilitypension_interval_std,model_vars_income,-1000000
bank_txn_income_centrelink_3rdparty_disabilitypension_interval_max,model_vars_income,-1000000
bank_txn_income_centrelink_3rdparty_disabilitypension_interval_gap_30_count,model_vars_income,-1000000
bank_txn_income_centrelink_3rdparty_emergencypayment_interval_std,model_vars_income,-1000000
bank_txn_income_centrelink_3rdparty_emergencypayment_interval_max,model_vars_income,-1000000
bank_txn_income_centrelink_3rdparty_emergencypayment_interval_gap_30_count,model_vars_income,-1000000
bank_txn_income_centrelink_3rdparty_centrelinkpension_growth_rate_max,model_vars_income,-1000000
bank_txn_income_centrelink_3rdparty_centrelinkpension_growth_rate_min,model_vars_income,-1000000
bank_txn_income_centrelink_3rdparty_familybenefits_growth_rate_max,model_vars_income,-1000000
bank_txn_income_centrelink_3rdparty_familybenefits_growth_rate_min,model_vars_income,-1000000
bank_txn_income_centrelink_3rdparty_jobseeker_growth_rate_max,model_vars_income,-1000000
bank_txn_income_centrelink_3rdparty_jobseeker_growth_rate_min,model_vars_income,-1000000
bank_txn_income_centrelink_3rdparty_carersbenefits_growth_rate_max,model_vars_income,-1000000
bank_txn_income_centrelink_3rdparty_carersbenefits_growth_rate_min,model_vars_income,-1000000
bank_txn_income_centrelink_3rdparty_childsupport_growth_rate_max,model_vars_income,-1000000
bank_txn_income_centrelink_3rdparty_childsupport_growth_rate_min,model_vars_income,-1000000
bank_txn_income_centrelink_3rdparty_youthallowance_growth_rate_max,model_vars_income,-1000000
bank_txn_income_centrelink_3rdparty_youthallowance_growth_rate_min,model_vars_income,-1000000
bank_txn_income_centrelink_3rdparty_parentingpayment_growth_rate_max,model_vars_income,-1000000
bank_txn_income_centrelink_3rdparty_parentingpayment_growth_rate_min,model_vars_income,-1000000
bank_txn_income_centrelink_3rdparty_nationaldisabilityinsurance_growth_rate_max,model_vars_income,-1000000
bank_txn_income_centrelink_3rdparty_nationaldisabilityinsurance_growth_rate_min,model_vars_income,-1000000
bank_txn_income_centrelink_3rdparty_vetaffairs_growth_rate_max,model_vars_income,-1000000
bank_txn_income_centrelink_3rdparty_vetaffairs_growth_rate_min,model_vars_income,-1000000
bank_txn_income_centrelink_3rdparty_parentalleavepay_growth_rate_max,model_vars_income,-1000000
bank_txn_income_centrelink_3rdparty_parentalleavepay_growth_rate_min,model_vars_income,-1000000
bank_txn_income_centrelink_3rdparty_childcaresubsidy_growth_rate_max,model_vars_income,-1000000
bank_txn_income_centrelink_3rdparty_childcaresubsidy_growth_rate_min,model_vars_income,-1000000
bank_txn_income_centrelink_3rdparty_educationentrypayment_growth_rate_max,model_vars_income,-1000000
bank_txn_income_centrelink_3rdparty_educationentrypayment_growth_rate_min,model_vars_income,-1000000
bank_txn_income_centrelink_3rdparty_nationaldisabilityinsurancescheme_growth_rate_max,model_vars_income,-1000000
bank_txn_income_centrelink_3rdparty_nationaldisabilityinsurancescheme_growth_rate_min,model_vars_income,-1000000
bank_txn_income_centrelink_3rdparty_childdisabilityassistancepayment_growth_rate_max,model_vars_income,-1000000
bank_txn_income_centrelink_3rdparty_childdisabilityassistancepayment_growth_rate_min,model_vars_income,-1000000
bank_txn_income_centrelink_3rdparty_childdisabilityassistancepa_growth_rate_max,model_vars_income,-1000000
bank_txn_income_centrelink_3rdparty_childdisabilityassistancepa_growth_rate_min,model_vars_income,-1000000
bank_txn_income_centrelink_3rdparty_othercentrelink_governmentpayments_growth_rate_max,model_vars_income,-1000000
bank_txn_income_centrelink_3rdparty_othercentrelink_governmentpayments_growth_rate_min,model_vars_income,-1000000
bank_txn_income_centrelink_3rdparty_othercentrelink_governmentpa_growth_rate_max,model_vars_income,-1000000
bank_txn_income_centrelink_3rdparty_othercentrelink_governmentpa_growth_rate_min,model_vars_income,-1000000
bank_txn_income_centrelink_3rdparty_colcconcessions_growth_rate_max,model_vars_income,-1000000
bank_txn_income_centrelink_3rdparty_colcconcessions_growth_rate_min,model_vars_income,-1000000
bank_txn_income_centrelink_3rdparty_mobilityallowance_growth_rate_max,model_vars_income,-1000000
bank_txn_income_centrelink_3rdparty_mobilityallowance_growth_rate_min,model_vars_income,-1000000
bank_txn_income_centrelink_3rdparty_stillbornpay_growth_rate_max,model_vars_income,-1000000
bank_txn_income_centrelink_3rdparty_stillbornpay_growth_rate_min,model_vars_income,-1000000
bank_txn_income_centrelink_3rdparty_schoolkidsbonus_growth_rate_max,model_vars_income,-1000000
bank_txn_income_centrelink_3rdparty_schoolkidsbonus_growth_rate_min,model_vars_income,-1000000
bank_txn_income_centrelink_3rdparty_disabilitypension_growth_rate_max,model_vars_income,-1000000
bank_txn_income_centrelink_3rdparty_disabilitypension_growth_rate_min,model_vars_income,-1000000
bank_txn_income_centrelink_3rdparty_emergencypayment_growth_rate_max,model_vars_income,-1000000
bank_txn_income_centrelink_3rdparty_emergencypayment_growth_rate_min,model_vars_income,-1000000
bank_txn_income_centrelink_3rdparty_centrelinkpension_max_consecutive_months,model_vars_income,-1000000
bank_txn_income_centrelink_3rdparty_familybenefits_max_consecutive_months,model_vars_income,-1000000
bank_txn_income_centrelink_3rdparty_jobseeker_max_consecutive_months,model_vars_income,-1000000
bank_txn_income_centrelink_3rdparty_carersbenefits_max_consecutive_months,model_vars_income,-1000000
bank_txn_income_centrelink_3rdparty_childsupport_max_consecutive_months,model_vars_income,-1000000
bank_txn_income_centrelink_3rdparty_youthallowance_max_consecutive_months,model_vars_income,-1000000
bank_txn_income_centrelink_3rdparty_parentingpayment_max_consecutive_months,model_vars_income,-1000000
bank_txn_income_centrelink_3rdparty_nationaldisabilityinsurance_max_consecutive_months,model_vars_income,-1000000
bank_txn_income_centrelink_3rdparty_vetaffairs_max_consecutive_months,model_vars_income,-1000000
bank_txn_income_centrelink_3rdparty_parentalleavepay_max_consecutive_months,model_vars_income,-1000000
bank_txn_income_centrelink_3rdparty_childcaresubsidy_max_consecutive_months,model_vars_income,-1000000
bank_txn_income_centrelink_3rdparty_educationentrypayment_max_consecutive_months,model_vars_income,-1000000
bank_txn_income_centrelink_3rdparty_nationaldisabilityinsurancescheme_max_consecutive_months,model_vars_income,-1000000
bank_txn_income_centrelink_3rdparty_childdisabilityassistancepayment_max_consecutive_months,model_vars_income,-1000000
bank_txn_income_centrelink_3rdparty_childdisabilityassistancepa_max_consecutive_months,model_vars_income,-1000000
bank_txn_income_centrelink_3rdparty_othercentrelink_governmentpayments_max_consecutive_months,model_vars_income,-1000000
bank_txn_income_centrelink_3rdparty_othercentrelink_governmentpa_max_consecutive_months,model_vars_income,-1000000
bank_txn_income_centrelink_3rdparty_colcconcessions_max_consecutive_months,model_vars_income,-1000000
bank_txn_income_centrelink_3rdparty_mobilityallowance_max_consecutive_months,model_vars_income,-1000000
bank_txn_income_centrelink_3rdparty_stillbornpay_max_consecutive_months,model_vars_income,-1000000
bank_txn_income_centrelink_3rdparty_schoolkidsbonus_max_consecutive_months,model_vars_income,-1000000
bank_txn_income_centrelink_3rdparty_disabilitypension_max_consecutive_months,model_vars_income,-1000000
bank_txn_income_centrelink_3rdparty_emergencypayment_max_consecutive_months,model_vars_income,-1000000
bank_txn_income_centrelink_3rdparty_centrelinkpension_max_daily_consumption_7d,model_vars_income,-1000000
bank_txn_income_centrelink_3rdparty_centrelinkpension_max_consumption_rate_7d,model_vars_income,-1000000
bank_txn_income_centrelink_3rdparty_centrelinkpension_min_consumption_rate_7d,model_vars_income,-1000000
bank_txn_income_centrelink_3rdparty_centrelinkpension_mean_consumption_rate_7d,model_vars_income,-1000000
bank_txn_income_centrelink_3rdparty_centrelinkpension_max_consumption_rate_14d,model_vars_income,-1000000
bank_txn_income_centrelink_3rdparty_centrelinkpension_min_consumption_rate_14d,model_vars_income,-1000000
bank_txn_income_centrelink_3rdparty_centrelinkpension_mean_consumption_rate_14d,model_vars_income,-1000000
bank_txn_income_centrelink_3rdparty_centrelinkpension_max_consumption_rate_28d,model_vars_income,-1000000
bank_txn_income_centrelink_3rdparty_centrelinkpension_min_consumption_rate_28d,model_vars_income,-1000000
bank_txn_income_centrelink_3rdparty_centrelinkpension_mean_consumption_rate_28d,model_vars_income,-1000000
bank_txn_income_centrelink_3rdparty_centrelinkpension_max_consumption_rate_56d,model_vars_income,-1000000
bank_txn_income_centrelink_3rdparty_centrelinkpension_min_consumption_rate_56d,model_vars_income,-1000000
bank_txn_income_centrelink_3rdparty_centrelinkpension_mean_consumption_rate_56d,model_vars_income,-1000000
bank_txn_income_centrelink_3rdparty_centrelinkpension_max_consumption_rate_84d,model_vars_income,-1000000
bank_txn_income_centrelink_3rdparty_centrelinkpension_min_consumption_rate_84d,model_vars_income,-1000000
bank_txn_income_centrelink_3rdparty_centrelinkpension_mean_consumption_rate_84d,model_vars_income,-1000000
bank_txn_income_centrelink_3rdparty_centrelinkpension_max_consumption_rate_168d,model_vars_income,-1000000
bank_txn_income_centrelink_3rdparty_centrelinkpension_min_consumption_rate_168d,model_vars_income,-1000000
bank_txn_income_centrelink_3rdparty_centrelinkpension_mean_consumption_rate_168d,model_vars_income,-1000000
bank_txn_income_centrelink_3rdparty_centrelinkpension_max_consumption_rate_182d,model_vars_income,-1000000
bank_txn_income_centrelink_3rdparty_centrelinkpension_min_consumption_rate_182d,model_vars_income,-1000000
bank_txn_income_centrelink_3rdparty_centrelinkpension_mean_consumption_rate_182d,model_vars_income,-1000000
bank_txn_income_centrelink_3rdparty_familybenefits_max_daily_consumption_7d,model_vars_income,-1000000
bank_txn_income_centrelink_3rdparty_familybenefits_max_consumption_rate_7d,model_vars_income,-1000000
bank_txn_income_centrelink_3rdparty_familybenefits_min_consumption_rate_7d,model_vars_income,-1000000
bank_txn_income_centrelink_3rdparty_familybenefits_mean_consumption_rate_7d,model_vars_income,-1000000
bank_txn_income_centrelink_3rdparty_familybenefits_max_consumption_rate_14d,model_vars_income,-1000000
bank_txn_income_centrelink_3rdparty_familybenefits_min_consumption_rate_14d,model_vars_income,-1000000
bank_txn_income_centrelink_3rdparty_familybenefits_mean_consumption_rate_14d,model_vars_income,-1000000
bank_txn_income_centrelink_3rdparty_familybenefits_max_consumption_rate_28d,model_vars_income,-1000000
bank_txn_income_centrelink_3rdparty_familybenefits_min_consumption_rate_28d,model_vars_income,-1000000
bank_txn_income_centrelink_3rdparty_familybenefits_mean_consumption_rate_28d,model_vars_income,-1000000
bank_txn_income_centrelink_3rdparty_familybenefits_max_consumption_rate_56d,model_vars_income,-1000000
bank_txn_income_centrelink_3rdparty_familybenefits_min_consumption_rate_56d,model_vars_income,-1000000
bank_txn_income_centrelink_3rdparty_familybenefits_mean_consumption_rate_56d,model_vars_income,-1000000
bank_txn_income_centrelink_3rdparty_familybenefits_max_consumption_rate_84d,model_vars_income,-1000000
bank_txn_income_centrelink_3rdparty_familybenefits_min_consumption_rate_84d,model_vars_income,-1000000
bank_txn_income_centrelink_3rdparty_familybenefits_mean_consumption_rate_84d,model_vars_income,-1000000
bank_txn_income_centrelink_3rdparty_familybenefits_max_consumption_rate_168d,model_vars_income,-1000000
bank_txn_income_centrelink_3rdparty_familybenefits_min_consumption_rate_168d,model_vars_income,-1000000
bank_txn_income_centrelink_3rdparty_familybenefits_mean_consumption_rate_168d,model_vars_income,-1000000
bank_txn_income_centrelink_3rdparty_familybenefits_max_consumption_rate_182d,model_vars_income,-1000000
bank_txn_income_centrelink_3rdparty_familybenefits_min_consumption_rate_182d,model_vars_income,-1000000
bank_txn_income_centrelink_3rdparty_familybenefits_mean_consumption_rate_182d,model_vars_income,-1000000
bank_txn_income_centrelink_3rdparty_jobseeker_max_daily_consumption_7d,model_vars_income,-1000000
bank_txn_income_centrelink_3rdparty_jobseeker_max_consumption_rate_7d,model_vars_income,-1000000
bank_txn_income_centrelink_3rdparty_jobseeker_min_consumption_rate_7d,model_vars_income,-1000000
bank_txn_income_centrelink_3rdparty_jobseeker_mean_consumption_rate_7d,model_vars_income,-1000000
bank_txn_income_centrelink_3rdparty_jobseeker_max_consumption_rate_14d,model_vars_income,-1000000
bank_txn_income_centrelink_3rdparty_jobseeker_min_consumption_rate_14d,model_vars_income,-1000000
bank_txn_income_centrelink_3rdparty_jobseeker_mean_consumption_rate_14d,model_vars_income,-1000000
bank_txn_income_centrelink_3rdparty_jobseeker_max_consumption_rate_28d,model_vars_income,-1000000
bank_txn_income_centrelink_3rdparty_jobseeker_min_consumption_rate_28d,model_vars_income,-1000000
bank_txn_income_centrelink_3rdparty_jobseeker_mean_consumption_rate_28d,model_vars_income,-1000000
bank_txn_income_centrelink_3rdparty_jobseeker_max_consumption_rate_56d,model_vars_income,-1000000
bank_txn_income_centrelink_3rdparty_jobseeker_min_consumption_rate_56d,model_vars_income,-1000000
bank_txn_income_centrelink_3rdparty_jobseeker_mean_consumption_rate_56d,model_vars_income,-1000000
bank_txn_income_centrelink_3rdparty_jobseeker_max_consumption_rate_84d,model_vars_income,-1000000
bank_txn_income_centrelink_3rdparty_jobseeker_min_consumption_rate_84d,model_vars_income,-1000000
bank_txn_income_centrelink_3rdparty_jobseeker_mean_consumption_rate_84d,model_vars_income,-1000000
bank_txn_income_centrelink_3rdparty_jobseeker_max_consumption_rate_168d,model_vars_income,-1000000
bank_txn_income_centrelink_3rdparty_jobseeker_min_consumption_rate_168d,model_vars_income,-1000000
bank_txn_income_centrelink_3rdparty_jobseeker_mean_consumption_rate_168d,model_vars_income,-1000000
bank_txn_income_centrelink_3rdparty_jobseeker_max_consumption_rate_182d,model_vars_income,-1000000
bank_txn_income_centrelink_3rdparty_jobseeker_min_consumption_rate_182d,model_vars_income,-1000000
bank_txn_income_centrelink_3rdparty_jobseeker_mean_consumption_rate_182d,model_vars_income,-1000000
bank_txn_income_centrelink_3rdparty_carersbenefits_max_daily_consumption_7d,model_vars_income,-1000000
bank_txn_income_centrelink_3rdparty_carersbenefits_max_consumption_rate_7d,model_vars_income,-1000000
bank_txn_income_centrelink_3rdparty_carersbenefits_min_consumption_rate_7d,model_vars_income,-1000000
bank_txn_income_centrelink_3rdparty_carersbenefits_mean_consumption_rate_7d,model_vars_income,-1000000
bank_txn_income_centrelink_3rdparty_carersbenefits_max_consumption_rate_14d,model_vars_income,-1000000
bank_txn_income_centrelink_3rdparty_carersbenefits_min_consumption_rate_14d,model_vars_income,-1000000
bank_txn_income_centrelink_3rdparty_carersbenefits_mean_consumption_rate_14d,model_vars_income,-1000000
bank_txn_income_centrelink_3rdparty_carersbenefits_max_consumption_rate_28d,model_vars_income,-1000000
bank_txn_income_centrelink_3rdparty_carersbenefits_min_consumption_rate_28d,model_vars_income,-1000000
bank_txn_income_centrelink_3rdparty_carersbenefits_mean_consumption_rate_28d,model_vars_income,-1000000
bank_txn_income_centrelink_3rdparty_carersbenefits_max_consumption_rate_56d,model_vars_income,-1000000
bank_txn_income_centrelink_3rdparty_carersbenefits_min_consumption_rate_56d,model_vars_income,-1000000
bank_txn_income_centrelink_3rdparty_carersbenefits_mean_consumption_rate_56d,model_vars_income,-1000000
bank_txn_income_centrelink_3rdparty_carersbenefits_max_consumption_rate_84d,model_vars_income,-1000000
bank_txn_income_centrelink_3rdparty_carersbenefits_min_consumption_rate_84d,model_vars_income,-1000000
bank_txn_income_centrelink_3rdparty_carersbenefits_mean_consumption_rate_84d,model_vars_income,-1000000
bank_txn_income_centrelink_3rdparty_carersbenefits_max_consumption_rate_168d,model_vars_income,-1000000
bank_txn_income_centrelink_3rdparty_carersbenefits_min_consumption_rate_168d,model_vars_income,-1000000
bank_txn_income_centrelink_3rdparty_carersbenefits_mean_consumption_rate_168d,model_vars_income,-1000000
bank_txn_income_centrelink_3rdparty_carersbenefits_max_consumption_rate_182d,model_vars_income,-1000000
bank_txn_income_centrelink_3rdparty_carersbenefits_min_consumption_rate_182d,model_vars_income,-1000000
bank_txn_income_centrelink_3rdparty_carersbenefits_mean_consumption_rate_182d,model_vars_income,-1000000
bank_txn_income_centrelink_3rdparty_childsupport_max_daily_consumption_7d,model_vars_income,-1000000
bank_txn_income_centrelink_3rdparty_childsupport_max_consumption_rate_7d,model_vars_income,-1000000
bank_txn_income_centrelink_3rdparty_childsupport_min_consumption_rate_7d,model_vars_income,-1000000
bank_txn_income_centrelink_3rdparty_childsupport_mean_consumption_rate_7d,model_vars_income,-1000000
bank_txn_income_centrelink_3rdparty_childsupport_max_consumption_rate_14d,model_vars_income,-1000000
bank_txn_income_centrelink_3rdparty_childsupport_min_consumption_rate_14d,model_vars_income,-1000000
bank_txn_income_centrelink_3rdparty_childsupport_mean_consumption_rate_14d,model_vars_income,-1000000
bank_txn_income_centrelink_3rdparty_childsupport_max_consumption_rate_28d,model_vars_income,-1000000
bank_txn_income_centrelink_3rdparty_childsupport_min_consumption_rate_28d,model_vars_income,-1000000
bank_txn_income_centrelink_3rdparty_childsupport_mean_consumption_rate_28d,model_vars_income,-1000000
bank_txn_income_centrelink_3rdparty_childsupport_max_consumption_rate_56d,model_vars_income,-1000000
bank_txn_income_centrelink_3rdparty_childsupport_min_consumption_rate_56d,model_vars_income,-1000000
bank_txn_income_centrelink_3rdparty_childsupport_mean_consumption_rate_56d,model_vars_income,-1000000
bank_txn_income_centrelink_3rdparty_childsupport_max_consumption_rate_84d,model_vars_income,-1000000
bank_txn_income_centrelink_3rdparty_childsupport_min_consumption_rate_84d,model_vars_income,-1000000
bank_txn_income_centrelink_3rdparty_childsupport_mean_consumption_rate_84d,model_vars_income,-1000000
bank_txn_income_centrelink_3rdparty_childsupport_max_consumption_rate_168d,model_vars_income,-1000000
bank_txn_income_centrelink_3rdparty_childsupport_min_consumption_rate_168d,model_vars_income,-1000000
bank_txn_income_centrelink_3rdparty_childsupport_mean_consumption_rate_168d,model_vars_income,-1000000
bank_txn_income_centrelink_3rdparty_childsupport_max_consumption_rate_182d,model_vars_income,-1000000
bank_txn_income_centrelink_3rdparty_childsupport_min_consumption_rate_182d,model_vars_income,-1000000
bank_txn_income_centrelink_3rdparty_childsupport_mean_consumption_rate_182d,model_vars_income,-1000000
bank_txn_income_centrelink_3rdparty_youthallowance_max_daily_consumption_7d,model_vars_income,-1000000
bank_txn_income_centrelink_3rdparty_youthallowance_max_consumption_rate_7d,model_vars_income,-1000000
bank_txn_income_centrelink_3rdparty_youthallowance_min_consumption_rate_7d,model_vars_income,-1000000
bank_txn_income_centrelink_3rdparty_youthallowance_mean_consumption_rate_7d,model_vars_income,-1000000
bank_txn_income_centrelink_3rdparty_youthallowance_max_consumption_rate_14d,model_vars_income,-1000000
bank_txn_income_centrelink_3rdparty_youthallowance_min_consumption_rate_14d,model_vars_income,-1000000
bank_txn_income_centrelink_3rdparty_youthallowance_mean_consumption_rate_14d,model_vars_income,-1000000
bank_txn_income_centrelink_3rdparty_youthallowance_max_consumption_rate_28d,model_vars_income,-1000000
bank_txn_income_centrelink_3rdparty_youthallowance_min_consumption_rate_28d,model_vars_income,-1000000
bank_txn_income_centrelink_3rdparty_youthallowance_mean_consumption_rate_28d,model_vars_income,-1000000
bank_txn_income_centrelink_3rdparty_youthallowance_max_consumption_rate_56d,model_vars_income,-1000000
bank_txn_income_centrelink_3rdparty_youthallowance_min_consumption_rate_56d,model_vars_income,-1000000
bank_txn_income_centrelink_3rdparty_youthallowance_mean_consumption_rate_56d,model_vars_income,-1000000
bank_txn_income_centrelink_3rdparty_youthallowance_max_consumption_rate_84d,model_vars_income,-1000000
bank_txn_income_centrelink_3rdparty_youthallowance_min_consumption_rate_84d,model_vars_income,-1000000
bank_txn_income_centrelink_3rdparty_youthallowance_mean_consumption_rate_84d,model_vars_income,-1000000
bank_txn_income_centrelink_3rdparty_youthallowance_max_consumption_rate_168d,model_vars_income,-1000000
bank_txn_income_centrelink_3rdparty_youthallowance_min_consumption_rate_168d,model_vars_income,-1000000
bank_txn_income_centrelink_3rdparty_youthallowance_mean_consumption_rate_168d,model_vars_income,-1000000
bank_txn_income_centrelink_3rdparty_youthallowance_max_consumption_rate_182d,model_vars_income,-1000000
bank_txn_income_centrelink_3rdparty_youthallowance_min_consumption_rate_182d,model_vars_income,-1000000
bank_txn_income_centrelink_3rdparty_youthallowance_mean_consumption_rate_182d,model_vars_income,-1000000
bank_txn_income_centrelink_3rdparty_parentingpayment_max_daily_consumption_7d,model_vars_income,-1000000
bank_txn_income_centrelink_3rdparty_parentingpayment_max_consumption_rate_7d,model_vars_income,-1000000
bank_txn_income_centrelink_3rdparty_parentingpayment_min_consumption_rate_7d,model_vars_income,-1000000
bank_txn_income_centrelink_3rdparty_parentingpayment_mean_consumption_rate_7d,model_vars_income,-1000000
bank_txn_income_centrelink_3rdparty_parentingpayment_max_consumption_rate_14d,model_vars_income,-1000000
bank_txn_income_centrelink_3rdparty_parentingpayment_min_consumption_rate_14d,model_vars_income,-1000000
bank_txn_income_centrelink_3rdparty_parentingpayment_mean_consumption_rate_14d,model_vars_income,-1000000
bank_txn_income_centrelink_3rdparty_parentingpayment_max_consumption_rate_28d,model_vars_income,-1000000
bank_txn_income_centrelink_3rdparty_parentingpayment_min_consumption_rate_28d,model_vars_income,-1000000
bank_txn_income_centrelink_3rdparty_parentingpayment_mean_consumption_rate_28d,model_vars_income,-1000000
bank_txn_income_centrelink_3rdparty_parentingpayment_max_consumption_rate_56d,model_vars_income,-1000000
bank_txn_income_centrelink_3rdparty_parentingpayment_min_consumption_rate_56d,model_vars_income,-1000000
bank_txn_income_centrelink_3rdparty_parentingpayment_mean_consumption_rate_56d,model_vars_income,-1000000
bank_txn_income_centrelink_3rdparty_parentingpayment_max_consumption_rate_84d,model_vars_income,-1000000
bank_txn_income_centrelink_3rdparty_parentingpayment_min_consumption_rate_84d,model_vars_income,-1000000
bank_txn_income_centrelink_3rdparty_parentingpayment_mean_consumption_rate_84d,model_vars_income,-1000000
bank_txn_income_centrelink_3rdparty_parentingpayment_max_consumption_rate_168d,model_vars_income,-1000000
bank_txn_income_centrelink_3rdparty_parentingpayment_min_consumption_rate_168d,model_vars_income,-1000000
bank_txn_income_centrelink_3rdparty_parentingpayment_mean_consumption_rate_168d,model_vars_income,-1000000
bank_txn_income_centrelink_3rdparty_parentingpayment_max_consumption_rate_182d,model_vars_income,-1000000
bank_txn_income_centrelink_3rdparty_parentingpayment_min_consumption_rate_182d,model_vars_income,-1000000
bank_txn_income_centrelink_3rdparty_parentingpayment_mean_consumption_rate_182d,model_vars_income,-1000000
bank_txn_income_centrelink_3rdparty_nationaldisabilityinsurance_max_daily_consumption_7d,model_vars_income,-1000000
bank_txn_income_centrelink_3rdparty_nationaldisabilityinsurance_max_consumption_rate_7d,model_vars_income,-1000000
bank_txn_income_centrelink_3rdparty_nationaldisabilityinsurance_min_consumption_rate_7d,model_vars_income,-1000000
bank_txn_income_centrelink_3rdparty_nationaldisabilityinsurance_mean_consumption_rate_7d,model_vars_income,-1000000
bank_txn_income_centrelink_3rdparty_nationaldisabilityinsurance_max_consumption_rate_14d,model_vars_income,-1000000
bank_txn_income_centrelink_3rdparty_nationaldisabilityinsurance_min_consumption_rate_14d,model_vars_income,-1000000
bank_txn_income_centrelink_3rdparty_nationaldisabilityinsurance_mean_consumption_rate_14d,model_vars_income,-1000000
bank_txn_income_centrelink_3rdparty_nationaldisabilityinsurance_max_consumption_rate_28d,model_vars_income,-1000000
bank_txn_income_centrelink_3rdparty_nationaldisabilityinsurance_min_consumption_rate_28d,model_vars_income,-1000000
bank_txn_income_centrelink_3rdparty_nationaldisabilityinsurance_mean_consumption_rate_28d,model_vars_income,-1000000
bank_txn_income_centrelink_3rdparty_nationaldisabilityinsurance_max_consumption_rate_56d,model_vars_income,-1000000
bank_txn_income_centrelink_3rdparty_nationaldisabilityinsurance_min_consumption_rate_56d,model_vars_income,-1000000
bank_txn_income_centrelink_3rdparty_nationaldisabilityinsurance_mean_consumption_rate_56d,model_vars_income,-1000000
bank_txn_income_centrelink_3rdparty_nationaldisabilityinsurance_max_consumption_rate_84d,model_vars_income,-1000000
bank_txn_income_centrelink_3rdparty_nationaldisabilityinsurance_min_consumption_rate_84d,model_vars_income,-1000000
bank_txn_income_centrelink_3rdparty_nationaldisabilityinsurance_mean_consumption_rate_84d,model_vars_income,-1000000
bank_txn_income_centrelink_3rdparty_nationaldisabilityinsurance_max_consumption_rate_168d,model_vars_income,-1000000
bank_txn_income_centrelink_3rdparty_nationaldisabilityinsurance_min_consumption_rate_168d,model_vars_income,-1000000
bank_txn_income_centrelink_3rdparty_nationaldisabilityinsurance_mean_consumption_rate_168d,model_vars_income,-1000000
bank_txn_income_centrelink_3rdparty_nationaldisabilityinsurance_max_consumption_rate_182d,model_vars_income,-1000000
bank_txn_income_centrelink_3rdparty_nationaldisabilityinsurance_min_consumption_rate_182d,model_vars_income,-1000000
bank_txn_income_centrelink_3rdparty_nationaldisabilityinsurance_mean_consumption_rate_182d,model_vars_income,-1000000
bank_txn_income_centrelink_3rdparty_vetaffairs_max_daily_consumption_7d,model_vars_income,-1000000
bank_txn_income_centrelink_3rdparty_vetaffairs_max_consumption_rate_7d,model_vars_income,-1000000
bank_txn_income_centrelink_3rdparty_vetaffairs_min_consumption_rate_7d,model_vars_income,-1000000
bank_txn_income_centrelink_3rdparty_vetaffairs_mean_consumption_rate_7d,model_vars_income,-1000000
bank_txn_income_centrelink_3rdparty_vetaffairs_max_consumption_rate_14d,model_vars_income,-1000000
bank_txn_income_centrelink_3rdparty_vetaffairs_min_consumption_rate_14d,model_vars_income,-1000000
bank_txn_income_centrelink_3rdparty_vetaffairs_mean_consumption_rate_14d,model_vars_income,-1000000
bank_txn_income_centrelink_3rdparty_vetaffairs_max_consumption_rate_28d,model_vars_income,-1000000
bank_txn_income_centrelink_3rdparty_vetaffairs_min_consumption_rate_28d,model_vars_income,-1000000
bank_txn_income_centrelink_3rdparty_vetaffairs_mean_consumption_rate_28d,model_vars_income,-1000000
bank_txn_income_centrelink_3rdparty_vetaffairs_max_consumption_rate_56d,model_vars_income,-1000000
bank_txn_income_centrelink_3rdparty_vetaffairs_min_consumption_rate_56d,model_vars_income,-1000000
bank_txn_income_centrelink_3rdparty_vetaffairs_mean_consumption_rate_56d,model_vars_income,-1000000
bank_txn_income_centrelink_3rdparty_vetaffairs_max_consumption_rate_84d,model_vars_income,-1000000
bank_txn_income_centrelink_3rdparty_vetaffairs_min_consumption_rate_84d,model_vars_income,-1000000
bank_txn_income_centrelink_3rdparty_vetaffairs_mean_consumption_rate_84d,model_vars_income,-1000000
bank_txn_income_centrelink_3rdparty_vetaffairs_max_consumption_rate_168d,model_vars_income,-1000000
bank_txn_income_centrelink_3rdparty_vetaffairs_min_consumption_rate_168d,model_vars_income,-1000000
bank_txn_income_centrelink_3rdparty_vetaffairs_mean_consumption_rate_168d,model_vars_income,-1000000
bank_txn_income_centrelink_3rdparty_vetaffairs_max_consumption_rate_182d,model_vars_income,-1000000
bank_txn_income_centrelink_3rdparty_vetaffairs_min_consumption_rate_182d,model_vars_income,-1000000
bank_txn_income_centrelink_3rdparty_vetaffairs_mean_consumption_rate_182d,model_vars_income,-1000000
bank_txn_income_centrelink_3rdparty_parentalleavepay_max_daily_consumption_7d,model_vars_income,-1000000
bank_txn_income_centrelink_3rdparty_parentalleavepay_max_consumption_rate_7d,model_vars_income,-1000000
bank_txn_income_centrelink_3rdparty_parentalleavepay_min_consumption_rate_7d,model_vars_income,-1000000
bank_txn_income_centrelink_3rdparty_parentalleavepay_mean_consumption_rate_7d,model_vars_income,-1000000
bank_txn_income_centrelink_3rdparty_parentalleavepay_max_consumption_rate_14d,model_vars_income,-1000000
bank_txn_income_centrelink_3rdparty_parentalleavepay_min_consumption_rate_14d,model_vars_income,-1000000
bank_txn_income_centrelink_3rdparty_parentalleavepay_mean_consumption_rate_14d,model_vars_income,-1000000
bank_txn_income_centrelink_3rdparty_parentalleavepay_max_consumption_rate_28d,model_vars_income,-1000000
bank_txn_income_centrelink_3rdparty_parentalleavepay_min_consumption_rate_28d,model_vars_income,-1000000
bank_txn_income_centrelink_3rdparty_parentalleavepay_mean_consumption_rate_28d,model_vars_income,-1000000
bank_txn_income_centrelink_3rdparty_parentalleavepay_max_consumption_rate_56d,model_vars_income,-1000000
bank_txn_income_centrelink_3rdparty_parentalleavepay_min_consumption_rate_56d,model_vars_income,-1000000
bank_txn_income_centrelink_3rdparty_parentalleavepay_mean_consumption_rate_56d,model_vars_income,-1000000
bank_txn_income_centrelink_3rdparty_parentalleavepay_max_consumption_rate_84d,model_vars_income,-1000000
bank_txn_income_centrelink_3rdparty_parentalleavepay_min_consumption_rate_84d,model_vars_income,-1000000
bank_txn_income_centrelink_3rdparty_parentalleavepay_mean_consumption_rate_84d,model_vars_income,-1000000
bank_txn_income_centrelink_3rdparty_parentalleavepay_max_consumption_rate_168d,model_vars_income,-1000000
bank_txn_income_centrelink_3rdparty_parentalleavepay_min_consumption_rate_168d,model_vars_income,-1000000
bank_txn_income_centrelink_3rdparty_parentalleavepay_mean_consumption_rate_168d,model_vars_income,-1000000
bank_txn_income_centrelink_3rdparty_parentalleavepay_max_consumption_rate_182d,model_vars_income,-1000000
bank_txn_income_centrelink_3rdparty_parentalleavepay_min_consumption_rate_182d,model_vars_income,-1000000
bank_txn_income_centrelink_3rdparty_parentalleavepay_mean_consumption_rate_182d,model_vars_income,-1000000
bank_txn_income_centrelink_3rdparty_childcaresubsidy_max_daily_consumption_7d,model_vars_income,-1000000
bank_txn_income_centrelink_3rdparty_childcaresubsidy_max_consumption_rate_7d,model_vars_income,-1000000
bank_txn_income_centrelink_3rdparty_childcaresubsidy_min_consumption_rate_7d,model_vars_income,-1000000
bank_txn_income_centrelink_3rdparty_childcaresubsidy_mean_consumption_rate_7d,model_vars_income,-1000000
bank_txn_income_centrelink_3rdparty_childcaresubsidy_max_consumption_rate_14d,model_vars_income,-1000000
bank_txn_income_centrelink_3rdparty_childcaresubsidy_min_consumption_rate_14d,model_vars_income,-1000000
bank_txn_income_centrelink_3rdparty_childcaresubsidy_mean_consumption_rate_14d,model_vars_income,-1000000
bank_txn_income_centrelink_3rdparty_childcaresubsidy_max_consumption_rate_28d,model_vars_income,-1000000
bank_txn_income_centrelink_3rdparty_childcaresubsidy_min_consumption_rate_28d,model_vars_income,-1000000
bank_txn_income_centrelink_3rdparty_childcaresubsidy_mean_consumption_rate_28d,model_vars_income,-1000000
bank_txn_income_centrelink_3rdparty_childcaresubsidy_max_consumption_rate_56d,model_vars_income,-1000000
bank_txn_income_centrelink_3rdparty_childcaresubsidy_min_consumption_rate_56d,model_vars_income,-1000000
bank_txn_income_centrelink_3rdparty_childcaresubsidy_mean_consumption_rate_56d,model_vars_income,-1000000
bank_txn_income_centrelink_3rdparty_childcaresubsidy_max_consumption_rate_84d,model_vars_income,-1000000
bank_txn_income_centrelink_3rdparty_childcaresubsidy_min_consumption_rate_84d,model_vars_income,-1000000
bank_txn_income_centrelink_3rdparty_childcaresubsidy_mean_consumption_rate_84d,model_vars_income,-1000000
bank_txn_income_centrelink_3rdparty_childcaresubsidy_max_consumption_rate_168d,model_vars_income,-1000000
bank_txn_income_centrelink_3rdparty_childcaresubsidy_min_consumption_rate_168d,model_vars_income,-1000000
bank_txn_income_centrelink_3rdparty_childcaresubsidy_mean_consumption_rate_168d,model_vars_income,-1000000
bank_txn_income_centrelink_3rdparty_childcaresubsidy_max_consumption_rate_182d,model_vars_income,-1000000
bank_txn_income_centrelink_3rdparty_childcaresubsidy_min_consumption_rate_182d,model_vars_income,-1000000
bank_txn_income_centrelink_3rdparty_childcaresubsidy_mean_consumption_rate_182d,model_vars_income,-1000000
bank_txn_income_centrelink_3rdparty_educationentrypayment_max_daily_consumption_7d,model_vars_income,-1000000
bank_txn_income_centrelink_3rdparty_educationentrypayment_max_consumption_rate_7d,model_vars_income,-1000000
bank_txn_income_centrelink_3rdparty_educationentrypayment_min_consumption_rate_7d,model_vars_income,-1000000
bank_txn_income_centrelink_3rdparty_educationentrypayment_mean_consumption_rate_7d,model_vars_income,-1000000
bank_txn_income_centrelink_3rdparty_educationentrypayment_max_consumption_rate_14d,model_vars_income,-1000000
bank_txn_income_centrelink_3rdparty_educationentrypayment_min_consumption_rate_14d,model_vars_income,-1000000
bank_txn_income_centrelink_3rdparty_educationentrypayment_mean_consumption_rate_14d,model_vars_income,-1000000
bank_txn_income_centrelink_3rdparty_educationentrypayment_max_consumption_rate_28d,model_vars_income,-1000000
bank_txn_income_centrelink_3rdparty_educationentrypayment_min_consumption_rate_28d,model_vars_income,-1000000
bank_txn_income_centrelink_3rdparty_educationentrypayment_mean_consumption_rate_28d,model_vars_income,-1000000
bank_txn_income_centrelink_3rdparty_educationentrypayment_max_consumption_rate_56d,model_vars_income,-1000000
bank_txn_income_centrelink_3rdparty_educationentrypayment_min_consumption_rate_56d,model_vars_income,-1000000
bank_txn_income_centrelink_3rdparty_educationentrypayment_mean_consumption_rate_56d,model_vars_income,-1000000
bank_txn_income_centrelink_3rdparty_educationentrypayment_max_consumption_rate_84d,model_vars_income,-1000000
bank_txn_income_centrelink_3rdparty_educationentrypayment_min_consumption_rate_84d,model_vars_income,-1000000
bank_txn_income_centrelink_3rdparty_educationentrypayment_mean_consumption_rate_84d,model_vars_income,-1000000
bank_txn_income_centrelink_3rdparty_educationentrypayment_max_consumption_rate_168d,model_vars_income,-1000000
bank_txn_income_centrelink_3rdparty_educationentrypayment_min_consumption_rate_168d,model_vars_income,-1000000
bank_txn_income_centrelink_3rdparty_educationentrypayment_mean_consumption_rate_168d,model_vars_income,-1000000
bank_txn_income_centrelink_3rdparty_educationentrypayment_max_consumption_rate_182d,model_vars_income,-1000000
bank_txn_income_centrelink_3rdparty_educationentrypayment_min_consumption_rate_182d,model_vars_income,-1000000
bank_txn_income_centrelink_3rdparty_educationentrypayment_mean_consumption_rate_182d,model_vars_income,-1000000
bank_txn_income_centrelink_3rdparty_nationaldisabilityinsurancescheme_max_daily_consumption_7d,model_vars_income,-1000000
bank_txn_income_centrelink_3rdparty_nationaldisabilityinsurancescheme_max_consumption_rate_7d,model_vars_income,-1000000
bank_txn_income_centrelink_3rdparty_nationaldisabilityinsurancescheme_min_consumption_rate_7d,model_vars_income,-1000000
bank_txn_income_centrelink_3rdparty_nationaldisabilityinsurancescheme_mean_consumption_rate_7d,model_vars_income,-1000000
bank_txn_income_centrelink_3rdparty_nationaldisabilityinsurancescheme_max_consumption_rate_14d,model_vars_income,-1000000
bank_txn_income_centrelink_3rdparty_nationaldisabilityinsurancescheme_min_consumption_rate_14d,model_vars_income,-1000000
bank_txn_income_centrelink_3rdparty_nationaldisabilityinsurancescheme_mean_consumption_rate_14d,model_vars_income,-1000000
bank_txn_income_centrelink_3rdparty_nationaldisabilityinsurancescheme_max_consumption_rate_28d,model_vars_income,-1000000
bank_txn_income_centrelink_3rdparty_nationaldisabilityinsurancescheme_min_consumption_rate_28d,model_vars_income,-1000000
bank_txn_income_centrelink_3rdparty_nationaldisabilityinsurancescheme_mean_consumption_rate_28d,model_vars_income,-1000000
bank_txn_income_centrelink_3rdparty_nationaldisabilityinsurancescheme_max_consumption_rate_56d,model_vars_income,-1000000
bank_txn_income_centrelink_3rdparty_nationaldisabilityinsurancescheme_min_consumption_rate_56d,model_vars_income,-1000000
bank_txn_income_centrelink_3rdparty_nationaldisabilityinsurancescheme_mean_consumption_rate_56d,model_vars_income,-1000000
bank_txn_income_centrelink_3rdparty_nationaldisabilityinsurancescheme_max_consumption_rate_84d,model_vars_income,-1000000
bank_txn_income_centrelink_3rdparty_nationaldisabilityinsurancescheme_min_consumption_rate_84d,model_vars_income,-1000000
bank_txn_income_centrelink_3rdparty_nationaldisabilityinsurancescheme_mean_consumption_rate_84d,model_vars_income,-1000000
bank_txn_income_centrelink_3rdparty_nationaldisabilityinsurancescheme_max_consumption_rate_168d,model_vars_income,-1000000
bank_txn_income_centrelink_3rdparty_nationaldisabilityinsurancescheme_min_consumption_rate_168d,model_vars_income,-1000000
bank_txn_income_centrelink_3rdparty_nationaldisabilityinsurancescheme_mean_consumption_rate_168d,model_vars_income,-1000000
bank_txn_income_centrelink_3rdparty_nationaldisabilityinsurancescheme_max_consumption_rate_182d,model_vars_income,-1000000
bank_txn_income_centrelink_3rdparty_nationaldisabilityinsurancescheme_min_consumption_rate_182d,model_vars_income,-1000000
bank_txn_income_centrelink_3rdparty_nationaldisabilityinsurancescheme_mean_consumption_rate_182d,model_vars_income,-1000000
bank_txn_income_centrelink_3rdparty_childdisabilityassistancepayment_max_daily_consumption_7d,model_vars_income,-1000000
bank_txn_income_centrelink_3rdparty_childdisabilityassistancepayment_max_consumption_rate_7d,model_vars_income,-1000000
bank_txn_income_centrelink_3rdparty_childdisabilityassistancepayment_min_consumption_rate_7d,model_vars_income,-1000000
bank_txn_income_centrelink_3rdparty_childdisabilityassistancepayment_mean_consumption_rate_7d,model_vars_income,-1000000
bank_txn_income_centrelink_3rdparty_childdisabilityassistancepayment_max_consumption_rate_14d,model_vars_income,-1000000
bank_txn_income_centrelink_3rdparty_childdisabilityassistancepayment_min_consumption_rate_14d,model_vars_income,-1000000
bank_txn_income_centrelink_3rdparty_childdisabilityassistancepayment_mean_consumption_rate_14d,model_vars_income,-1000000
bank_txn_income_centrelink_3rdparty_childdisabilityassistancepayment_max_consumption_rate_28d,model_vars_income,-1000000
bank_txn_income_centrelink_3rdparty_childdisabilityassistancepayment_min_consumption_rate_28d,model_vars_income,-1000000
bank_txn_income_centrelink_3rdparty_childdisabilityassistancepayment_mean_consumption_rate_28d,model_vars_income,-1000000
bank_txn_income_centrelink_3rdparty_childdisabilityassistancepayment_max_consumption_rate_56d,model_vars_income,-1000000
bank_txn_income_centrelink_3rdparty_childdisabilityassistancepayment_min_consumption_rate_56d,model_vars_income,-1000000
bank_txn_income_centrelink_3rdparty_childdisabilityassistancepayment_mean_consumption_rate_56d,model_vars_income,-1000000
bank_txn_income_centrelink_3rdparty_childdisabilityassistancepayment_max_consumption_rate_84d,model_vars_income,-1000000
bank_txn_income_centrelink_3rdparty_childdisabilityassistancepayment_min_consumption_rate_84d,model_vars_income,-1000000
bank_txn_income_centrelink_3rdparty_childdisabilityassistancepayment_mean_consumption_rate_84d,model_vars_income,-1000000
bank_txn_income_centrelink_3rdparty_childdisabilityassistancepayment_max_consumption_rate_168d,model_vars_income,-1000000
bank_txn_income_centrelink_3rdparty_childdisabilityassistancepayment_min_consumption_rate_168d,model_vars_income,-1000000
bank_txn_income_centrelink_3rdparty_childdisabilityassistancepayment_mean_consumption_rate_168d,model_vars_income,-1000000
bank_txn_income_centrelink_3rdparty_childdisabilityassistancepayment_max_consumption_rate_182d,model_vars_income,-1000000
bank_txn_income_centrelink_3rdparty_childdisabilityassistancepayment_min_consumption_rate_182d,model_vars_income,-1000000
bank_txn_income_centrelink_3rdparty_childdisabilityassistancepayment_mean_consumption_rate_182d,model_vars_income,-1000000
bank_txn_income_centrelink_3rdparty_childdisabilityassistancepa_max_daily_consumption_7d,model_vars_income,-1000000
bank_txn_income_centrelink_3rdparty_childdisabilityassistancepa_max_consumption_rate_7d,model_vars_income,-1000000
bank_txn_income_centrelink_3rdparty_childdisabilityassistancepa_min_consumption_rate_7d,model_vars_income,-1000000
bank_txn_income_centrelink_3rdparty_childdisabilityassistancepa_mean_consumption_rate_7d,model_vars_income,-1000000
bank_txn_income_centrelink_3rdparty_childdisabilityassistancepa_max_consumption_rate_14d,model_vars_income,-1000000
bank_txn_income_centrelink_3rdparty_childdisabilityassistancepa_min_consumption_rate_14d,model_vars_income,-1000000
bank_txn_income_centrelink_3rdparty_childdisabilityassistancepa_mean_consumption_rate_14d,model_vars_income,-1000000
bank_txn_income_centrelink_3rdparty_childdisabilityassistancepa_max_consumption_rate_28d,model_vars_income,-1000000
bank_txn_income_centrelink_3rdparty_childdisabilityassistancepa_min_consumption_rate_28d,model_vars_income,-1000000
bank_txn_income_centrelink_3rdparty_childdisabilityassistancepa_mean_consumption_rate_28d,model_vars_income,-1000000
bank_txn_income_centrelink_3rdparty_childdisabilityassistancepa_max_consumption_rate_56d,model_vars_income,-1000000
bank_txn_income_centrelink_3rdparty_childdisabilityassistancepa_min_consumption_rate_56d,model_vars_income,-1000000
bank_txn_income_centrelink_3rdparty_childdisabilityassistancepa_mean_consumption_rate_56d,model_vars_income,-1000000
bank_txn_income_centrelink_3rdparty_childdisabilityassistancepa_max_consumption_rate_84d,model_vars_income,-1000000
bank_txn_income_centrelink_3rdparty_childdisabilityassistancepa_min_consumption_rate_84d,model_vars_income,-1000000
bank_txn_income_centrelink_3rdparty_childdisabilityassistancepa_mean_consumption_rate_84d,model_vars_income,-1000000
bank_txn_income_centrelink_3rdparty_childdisabilityassistancepa_max_consumption_rate_168d,model_vars_income,-1000000
bank_txn_income_centrelink_3rdparty_childdisabilityassistancepa_min_consumption_rate_168d,model_vars_income,-1000000
bank_txn_income_centrelink_3rdparty_childdisabilityassistancepa_mean_consumption_rate_168d,model_vars_income,-1000000
bank_txn_income_centrelink_3rdparty_childdisabilityassistancepa_max_consumption_rate_182d,model_vars_income,-1000000
bank_txn_income_centrelink_3rdparty_childdisabilityassistancepa_min_consumption_rate_182d,model_vars_income,-1000000
bank_txn_income_centrelink_3rdparty_childdisabilityassistancepa_mean_consumption_rate_182d,model_vars_income,-1000000
bank_txn_income_centrelink_3rdparty_othercentrelink_governmentpayments_max_daily_consumption_7d,model_vars_income,-1000000
bank_txn_income_centrelink_3rdparty_othercentrelink_governmentpayments_max_consumption_rate_7d,model_vars_income,-1000000
bank_txn_income_centrelink_3rdparty_othercentrelink_governmentpayments_min_consumption_rate_7d,model_vars_income,-1000000
bank_txn_income_centrelink_3rdparty_othercentrelink_governmentpayments_mean_consumption_rate_7d,model_vars_income,-1000000
bank_txn_income_centrelink_3rdparty_othercentrelink_governmentpayments_max_consumption_rate_14d,model_vars_income,-1000000
bank_txn_income_centrelink_3rdparty_othercentrelink_governmentpayments_min_consumption_rate_14d,model_vars_income,-1000000
bank_txn_income_centrelink_3rdparty_othercentrelink_governmentpayments_mean_consumption_rate_14d,model_vars_income,-1000000
bank_txn_income_centrelink_3rdparty_othercentrelink_governmentpayments_max_consumption_rate_28d,model_vars_income,-1000000
bank_txn_income_centrelink_3rdparty_othercentrelink_governmentpayments_min_consumption_rate_28d,model_vars_income,-1000000
bank_txn_income_centrelink_3rdparty_othercentrelink_governmentpayments_mean_consumption_rate_28d,model_vars_income,-1000000
bank_txn_income_centrelink_3rdparty_othercentrelink_governmentpayments_max_consumption_rate_56d,model_vars_income,-1000000
bank_txn_income_centrelink_3rdparty_othercentrelink_governmentpayments_min_consumption_rate_56d,model_vars_income,-1000000
bank_txn_income_centrelink_3rdparty_othercentrelink_governmentpayments_mean_consumption_rate_56d,model_vars_income,-1000000
bank_txn_income_centrelink_3rdparty_othercentrelink_governmentpayments_max_consumption_rate_84d,model_vars_income,-1000000
bank_txn_income_centrelink_3rdparty_othercentrelink_governmentpayments_min_consumption_rate_84d,model_vars_income,-1000000
bank_txn_income_centrelink_3rdparty_othercentrelink_governmentpayments_mean_consumption_rate_84d,model_vars_income,-1000000
bank_txn_income_centrelink_3rdparty_othercentrelink_governmentpayments_max_consumption_rate_168d,model_vars_income,-1000000
bank_txn_income_centrelink_3rdparty_othercentrelink_governmentpayments_min_consumption_rate_168d,model_vars_income,-1000000
bank_txn_income_centrelink_3rdparty_othercentrelink_governmentpayments_mean_consumption_rate_168d,model_vars_income,-1000000
bank_txn_income_centrelink_3rdparty_othercentrelink_governmentpayments_max_consumption_rate_182d,model_vars_income,-1000000
bank_txn_income_centrelink_3rdparty_othercentrelink_governmentpayments_min_consumption_rate_182d,model_vars_income,-1000000
bank_txn_income_centrelink_3rdparty_othercentrelink_governmentpayments_mean_consumption_rate_182d,model_vars_income,-1000000
bank_txn_income_centrelink_3rdparty_othercentrelink_governmentpa_max_daily_consumption_7d,model_vars_income,-1000000
bank_txn_income_centrelink_3rdparty_othercentrelink_governmentpa_max_consumption_rate_7d,model_vars_income,-1000000
bank_txn_income_centrelink_3rdparty_othercentrelink_governmentpa_min_consumption_rate_7d,model_vars_income,-1000000
bank_txn_income_centrelink_3rdparty_othercentrelink_governmentpa_mean_consumption_rate_7d,model_vars_income,-1000000
bank_txn_income_centrelink_3rdparty_othercentrelink_governmentpa_max_consumption_rate_14d,model_vars_income,-1000000
bank_txn_income_centrelink_3rdparty_othercentrelink_governmentpa_min_consumption_rate_14d,model_vars_income,-1000000
bank_txn_income_centrelink_3rdparty_othercentrelink_governmentpa_mean_consumption_rate_14d,model_vars_income,-1000000
bank_txn_income_centrelink_3rdparty_othercentrelink_governmentpa_max_consumption_rate_28d,model_vars_income,-1000000
bank_txn_income_centrelink_3rdparty_othercentrelink_governmentpa_min_consumption_rate_28d,model_vars_income,-1000000
bank_txn_income_centrelink_3rdparty_othercentrelink_governmentpa_mean_consumption_rate_28d,model_vars_income,-1000000
bank_txn_income_centrelink_3rdparty_othercentrelink_governmentpa_max_consumption_rate_56d,model_vars_income,-1000000
bank_txn_income_centrelink_3rdparty_othercentrelink_governmentpa_min_consumption_rate_56d,model_vars_income,-1000000
bank_txn_income_centrelink_3rdparty_othercentrelink_governmentpa_mean_consumption_rate_56d,model_vars_income,-1000000
bank_txn_income_centrelink_3rdparty_othercentrelink_governmentpa_max_consumption_rate_84d,model_vars_income,-1000000
bank_txn_income_centrelink_3rdparty_othercentrelink_governmentpa_min_consumption_rate_84d,model_vars_income,-1000000
bank_txn_income_centrelink_3rdparty_othercentrelink_governmentpa_mean_consumption_rate_84d,model_vars_income,-1000000
bank_txn_income_centrelink_3rdparty_othercentrelink_governmentpa_max_consumption_rate_168d,model_vars_income,-1000000
bank_txn_income_centrelink_3rdparty_othercentrelink_governmentpa_min_consumption_rate_168d,model_vars_income,-1000000
bank_txn_income_centrelink_3rdparty_othercentrelink_governmentpa_mean_consumption_rate_168d,model_vars_income,-1000000
bank_txn_income_centrelink_3rdparty_othercentrelink_governmentpa_max_consumption_rate_182d,model_vars_income,-1000000
bank_txn_income_centrelink_3rdparty_othercentrelink_governmentpa_min_consumption_rate_182d,model_vars_income,-1000000
bank_txn_income_centrelink_3rdparty_othercentrelink_governmentpa_mean_consumption_rate_182d,model_vars_income,-1000000
bank_txn_income_centrelink_3rdparty_colcconcessions_max_daily_consumption_7d,model_vars_income,-1000000
bank_txn_income_centrelink_3rdparty_colcconcessions_max_consumption_rate_7d,model_vars_income,-1000000
bank_txn_income_centrelink_3rdparty_colcconcessions_min_consumption_rate_7d,model_vars_income,-1000000
bank_txn_income_centrelink_3rdparty_colcconcessions_mean_consumption_rate_7d,model_vars_income,-1000000
bank_txn_income_centrelink_3rdparty_colcconcessions_max_consumption_rate_14d,model_vars_income,-1000000
bank_txn_income_centrelink_3rdparty_colcconcessions_min_consumption_rate_14d,model_vars_income,-1000000
bank_txn_income_centrelink_3rdparty_colcconcessions_mean_consumption_rate_14d,model_vars_income,-1000000
bank_txn_income_centrelink_3rdparty_colcconcessions_max_consumption_rate_28d,model_vars_income,-1000000
bank_txn_income_centrelink_3rdparty_colcconcessions_min_consumption_rate_28d,model_vars_income,-1000000
bank_txn_income_centrelink_3rdparty_colcconcessions_mean_consumption_rate_28d,model_vars_income,-1000000
bank_txn_income_centrelink_3rdparty_colcconcessions_max_consumption_rate_56d,model_vars_income,-1000000
bank_txn_income_centrelink_3rdparty_colcconcessions_min_consumption_rate_56d,model_vars_income,-1000000
bank_txn_income_centrelink_3rdparty_colcconcessions_mean_consumption_rate_56d,model_vars_income,-1000000
bank_txn_income_centrelink_3rdparty_colcconcessions_max_consumption_rate_84d,model_vars_income,-1000000
bank_txn_income_centrelink_3rdparty_colcconcessions_min_consumption_rate_84d,model_vars_income,-1000000
bank_txn_income_centrelink_3rdparty_colcconcessions_mean_consumption_rate_84d,model_vars_income,-1000000
bank_txn_income_centrelink_3rdparty_colcconcessions_max_consumption_rate_168d,model_vars_income,-1000000
bank_txn_income_centrelink_3rdparty_colcconcessions_min_consumption_rate_168d,model_vars_income,-1000000
bank_txn_income_centrelink_3rdparty_colcconcessions_mean_consumption_rate_168d,model_vars_income,-1000000
bank_txn_income_centrelink_3rdparty_colcconcessions_max_consumption_rate_182d,model_vars_income,-1000000
bank_txn_income_centrelink_3rdparty_colcconcessions_min_consumption_rate_182d,model_vars_income,-1000000
bank_txn_income_centrelink_3rdparty_colcconcessions_mean_consumption_rate_182d,model_vars_income,-1000000
bank_txn_income_centrelink_3rdparty_mobilityallowance_max_daily_consumption_7d,model_vars_income,-1000000
bank_txn_income_centrelink_3rdparty_mobilityallowance_max_consumption_rate_7d,model_vars_income,-1000000
bank_txn_income_centrelink_3rdparty_mobilityallowance_min_consumption_rate_7d,model_vars_income,-1000000
bank_txn_income_centrelink_3rdparty_mobilityallowance_mean_consumption_rate_7d,model_vars_income,-1000000
bank_txn_income_centrelink_3rdparty_mobilityallowance_max_consumption_rate_14d,model_vars_income,-1000000
bank_txn_income_centrelink_3rdparty_mobilityallowance_min_consumption_rate_14d,model_vars_income,-1000000
bank_txn_income_centrelink_3rdparty_mobilityallowance_mean_consumption_rate_14d,model_vars_income,-1000000
bank_txn_income_centrelink_3rdparty_mobilityallowance_max_consumption_rate_28d,model_vars_income,-1000000
bank_txn_income_centrelink_3rdparty_mobilityallowance_min_consumption_rate_28d,model_vars_income,-1000000
bank_txn_income_centrelink_3rdparty_mobilityallowance_mean_consumption_rate_28d,model_vars_income,-1000000
bank_txn_income_centrelink_3rdparty_mobilityallowance_max_consumption_rate_56d,model_vars_income,-1000000
bank_txn_income_centrelink_3rdparty_mobilityallowance_min_consumption_rate_56d,model_vars_income,-1000000
bank_txn_income_centrelink_3rdparty_mobilityallowance_mean_consumption_rate_56d,model_vars_income,-1000000
bank_txn_income_centrelink_3rdparty_mobilityallowance_max_consumption_rate_84d,model_vars_income,-1000000
bank_txn_income_centrelink_3rdparty_mobilityallowance_min_consumption_rate_84d,model_vars_income,-1000000
bank_txn_income_centrelink_3rdparty_mobilityallowance_mean_consumption_rate_84d,model_vars_income,-1000000
bank_txn_income_centrelink_3rdparty_mobilityallowance_max_consumption_rate_168d,model_vars_income,-1000000
bank_txn_income_centrelink_3rdparty_mobilityallowance_min_consumption_rate_168d,model_vars_income,-1000000
bank_txn_income_centrelink_3rdparty_mobilityallowance_mean_consumption_rate_168d,model_vars_income,-1000000
bank_txn_income_centrelink_3rdparty_mobilityallowance_max_consumption_rate_182d,model_vars_income,-1000000
bank_txn_income_centrelink_3rdparty_mobilityallowance_min_consumption_rate_182d,model_vars_income,-1000000
bank_txn_income_centrelink_3rdparty_mobilityallowance_mean_consumption_rate_182d,model_vars_income,-1000000
bank_txn_income_centrelink_3rdparty_stillbornpay_max_daily_consumption_7d,model_vars_income,-1000000
bank_txn_income_centrelink_3rdparty_stillbornpay_max_consumption_rate_7d,model_vars_income,-1000000
bank_txn_income_centrelink_3rdparty_stillbornpay_min_consumption_rate_7d,model_vars_income,-1000000
bank_txn_income_centrelink_3rdparty_stillbornpay_mean_consumption_rate_7d,model_vars_income,-1000000
bank_txn_income_centrelink_3rdparty_stillbornpay_max_consumption_rate_14d,model_vars_income,-1000000
bank_txn_income_centrelink_3rdparty_stillbornpay_min_consumption_rate_14d,model_vars_income,-1000000
bank_txn_income_centrelink_3rdparty_stillbornpay_mean_consumption_rate_14d,model_vars_income,-1000000
bank_txn_income_centrelink_3rdparty_stillbornpay_max_consumption_rate_28d,model_vars_income,-1000000
bank_txn_income_centrelink_3rdparty_stillbornpay_min_consumption_rate_28d,model_vars_income,-1000000
bank_txn_income_centrelink_3rdparty_stillbornpay_mean_consumption_rate_28d,model_vars_income,-1000000
bank_txn_income_centrelink_3rdparty_stillbornpay_max_consumption_rate_56d,model_vars_income,-1000000
bank_txn_income_centrelink_3rdparty_stillbornpay_min_consumption_rate_56d,model_vars_income,-1000000
bank_txn_income_centrelink_3rdparty_stillbornpay_mean_consumption_rate_56d,model_vars_income,-1000000
bank_txn_income_centrelink_3rdparty_stillbornpay_max_consumption_rate_84d,model_vars_income,-1000000
bank_txn_income_centrelink_3rdparty_stillbornpay_min_consumption_rate_84d,model_vars_income,-1000000
bank_txn_income_centrelink_3rdparty_stillbornpay_mean_consumption_rate_84d,model_vars_income,-1000000
bank_txn_income_centrelink_3rdparty_stillbornpay_max_consumption_rate_168d,model_vars_income,-1000000
bank_txn_income_centrelink_3rdparty_stillbornpay_min_consumption_rate_168d,model_vars_income,-1000000
bank_txn_income_centrelink_3rdparty_stillbornpay_mean_consumption_rate_168d,model_vars_income,-1000000
bank_txn_income_centrelink_3rdparty_stillbornpay_max_consumption_rate_182d,model_vars_income,-1000000
bank_txn_income_centrelink_3rdparty_stillbornpay_min_consumption_rate_182d,model_vars_income,-1000000
bank_txn_income_centrelink_3rdparty_stillbornpay_mean_consumption_rate_182d,model_vars_income,-1000000
bank_txn_income_centrelink_3rdparty_schoolkidsbonus_max_daily_consumption_7d,model_vars_income,-1000000
bank_txn_income_centrelink_3rdparty_schoolkidsbonus_max_consumption_rate_7d,model_vars_income,-1000000
bank_txn_income_centrelink_3rdparty_schoolkidsbonus_min_consumption_rate_7d,model_vars_income,-1000000
bank_txn_income_centrelink_3rdparty_schoolkidsbonus_mean_consumption_rate_7d,model_vars_income,-1000000
bank_txn_income_centrelink_3rdparty_schoolkidsbonus_max_consumption_rate_14d,model_vars_income,-1000000
bank_txn_income_centrelink_3rdparty_schoolkidsbonus_min_consumption_rate_14d,model_vars_income,-1000000
bank_txn_income_centrelink_3rdparty_schoolkidsbonus_mean_consumption_rate_14d,model_vars_income,-1000000
bank_txn_income_centrelink_3rdparty_schoolkidsbonus_max_consumption_rate_28d,model_vars_income,-1000000
bank_txn_income_centrelink_3rdparty_schoolkidsbonus_min_consumption_rate_28d,model_vars_income,-1000000
bank_txn_income_centrelink_3rdparty_schoolkidsbonus_mean_consumption_rate_28d,model_vars_income,-1000000
bank_txn_income_centrelink_3rdparty_schoolkidsbonus_max_consumption_rate_56d,model_vars_income,-1000000
bank_txn_income_centrelink_3rdparty_schoolkidsbonus_min_consumption_rate_56d,model_vars_income,-1000000
bank_txn_income_centrelink_3rdparty_schoolkidsbonus_mean_consumption_rate_56d,model_vars_income,-1000000
bank_txn_income_centrelink_3rdparty_schoolkidsbonus_max_consumption_rate_84d,model_vars_income,-1000000
bank_txn_income_centrelink_3rdparty_schoolkidsbonus_min_consumption_rate_84d,model_vars_income,-1000000
bank_txn_income_centrelink_3rdparty_schoolkidsbonus_mean_consumption_rate_84d,model_vars_income,-1000000
bank_txn_income_centrelink_3rdparty_schoolkidsbonus_max_consumption_rate_168d,model_vars_income,-1000000
bank_txn_income_centrelink_3rdparty_schoolkidsbonus_min_consumption_rate_168d,model_vars_income,-1000000
bank_txn_income_centrelink_3rdparty_schoolkidsbonus_mean_consumption_rate_168d,model_vars_income,-1000000
bank_txn_income_centrelink_3rdparty_schoolkidsbonus_max_consumption_rate_182d,model_vars_income,-1000000
bank_txn_income_centrelink_3rdparty_schoolkidsbonus_min_consumption_rate_182d,model_vars_income,-1000000
bank_txn_income_centrelink_3rdparty_schoolkidsbonus_mean_consumption_rate_182d,model_vars_income,-1000000
bank_txn_income_centrelink_3rdparty_disabilitypension_max_daily_consumption_7d,model_vars_income,-1000000
bank_txn_income_centrelink_3rdparty_disabilitypension_max_consumption_rate_7d,model_vars_income,-1000000
bank_txn_income_centrelink_3rdparty_disabilitypension_min_consumption_rate_7d,model_vars_income,-1000000
bank_txn_income_centrelink_3rdparty_disabilitypension_mean_consumption_rate_7d,model_vars_income,-1000000
bank_txn_income_centrelink_3rdparty_disabilitypension_max_consumption_rate_14d,model_vars_income,-1000000
bank_txn_income_centrelink_3rdparty_disabilitypension_min_consumption_rate_14d,model_vars_income,-1000000
bank_txn_income_centrelink_3rdparty_disabilitypension_mean_consumption_rate_14d,model_vars_income,-1000000
bank_txn_income_centrelink_3rdparty_disabilitypension_max_consumption_rate_28d,model_vars_income,-1000000
bank_txn_income_centrelink_3rdparty_disabilitypension_min_consumption_rate_28d,model_vars_income,-1000000
bank_txn_income_centrelink_3rdparty_disabilitypension_mean_consumption_rate_28d,model_vars_income,-1000000
bank_txn_income_centrelink_3rdparty_disabilitypension_max_consumption_rate_56d,model_vars_income,-1000000
bank_txn_income_centrelink_3rdparty_disabilitypension_min_consumption_rate_56d,model_vars_income,-1000000
bank_txn_income_centrelink_3rdparty_disabilitypension_mean_consumption_rate_56d,model_vars_income,-1000000
bank_txn_income_centrelink_3rdparty_disabilitypension_max_consumption_rate_84d,model_vars_income,-1000000
bank_txn_income_centrelink_3rdparty_disabilitypension_min_consumption_rate_84d,model_vars_income,-1000000
bank_txn_income_centrelink_3rdparty_disabilitypension_mean_consumption_rate_84d,model_vars_income,-1000000
bank_txn_income_centrelink_3rdparty_disabilitypension_max_consumption_rate_168d,model_vars_income,-1000000
bank_txn_income_centrelink_3rdparty_disabilitypension_min_consumption_rate_168d,model_vars_income,-1000000
bank_txn_income_centrelink_3rdparty_disabilitypension_mean_consumption_rate_168d,model_vars_income,-1000000
bank_txn_income_centrelink_3rdparty_disabilitypension_max_consumption_rate_182d,model_vars_income,-1000000
bank_txn_income_centrelink_3rdparty_disabilitypension_min_consumption_rate_182d,model_vars_income,-1000000
bank_txn_income_centrelink_3rdparty_disabilitypension_mean_consumption_rate_182d,model_vars_income,-1000000
bank_txn_income_centrelink_3rdparty_emergencypayment_max_daily_consumption_7d,model_vars_income,-1000000
bank_txn_income_centrelink_3rdparty_emergencypayment_max_consumption_rate_7d,model_vars_income,-1000000
bank_txn_income_centrelink_3rdparty_emergencypayment_min_consumption_rate_7d,model_vars_income,-1000000
bank_txn_income_centrelink_3rdparty_emergencypayment_mean_consumption_rate_7d,model_vars_income,-1000000
bank_txn_income_centrelink_3rdparty_emergencypayment_max_consumption_rate_14d,model_vars_income,-1000000
bank_txn_income_centrelink_3rdparty_emergencypayment_min_consumption_rate_14d,model_vars_income,-1000000
bank_txn_income_centrelink_3rdparty_emergencypayment_mean_consumption_rate_14d,model_vars_income,-1000000
bank_txn_income_centrelink_3rdparty_emergencypayment_max_consumption_rate_28d,model_vars_income,-1000000
bank_txn_income_centrelink_3rdparty_emergencypayment_min_consumption_rate_28d,model_vars_income,-1000000
bank_txn_income_centrelink_3rdparty_emergencypayment_mean_consumption_rate_28d,model_vars_income,-1000000
bank_txn_income_centrelink_3rdparty_emergencypayment_max_consumption_rate_56d,model_vars_income,-1000000
bank_txn_income_centrelink_3rdparty_emergencypayment_min_consumption_rate_56d,model_vars_income,-1000000
bank_txn_income_centrelink_3rdparty_emergencypayment_mean_consumption_rate_56d,model_vars_income,-1000000
bank_txn_income_centrelink_3rdparty_emergencypayment_max_consumption_rate_84d,model_vars_income,-1000000
bank_txn_income_centrelink_3rdparty_emergencypayment_min_consumption_rate_84d,model_vars_income,-1000000
bank_txn_income_centrelink_3rdparty_emergencypayment_mean_consumption_rate_84d,model_vars_income,-1000000
bank_txn_income_centrelink_3rdparty_emergencypayment_max_consumption_rate_168d,model_vars_income,-1000000
bank_txn_income_centrelink_3rdparty_emergencypayment_min_consumption_rate_168d,model_vars_income,-1000000
bank_txn_income_centrelink_3rdparty_emergencypayment_mean_consumption_rate_168d,model_vars_income,-1000000
bank_txn_income_centrelink_3rdparty_emergencypayment_max_consumption_rate_182d,model_vars_income,-1000000
bank_txn_income_centrelink_3rdparty_emergencypayment_min_consumption_rate_182d,model_vars_income,-1000000
bank_txn_income_centrelink_3rdparty_emergencypayment_mean_consumption_rate_182d,model_vars_income,-1000000
bank_txn_income_centrelink_3rdparty_centrelinkpension_trend_slope_7d,model_vars_income,-1000000
bank_txn_income_centrelink_3rdparty_familybenefits_trend_slope_7d,model_vars_income,-1000000
bank_txn_income_centrelink_3rdparty_jobseeker_trend_slope_7d,model_vars_income,-1000000
bank_txn_income_centrelink_3rdparty_carersbenefits_trend_slope_7d,model_vars_income,-1000000
bank_txn_income_centrelink_3rdparty_childsupport_trend_slope_7d,model_vars_income,-1000000
bank_txn_income_centrelink_3rdparty_youthallowance_trend_slope_7d,model_vars_income,-1000000
bank_txn_income_centrelink_3rdparty_parentingpayment_trend_slope_7d,model_vars_income,-1000000
bank_txn_income_centrelink_3rdparty_nationaldisabilityinsurance_trend_slope_7d,model_vars_income,-1000000
bank_txn_income_centrelink_3rdparty_vetaffairs_trend_slope_7d,model_vars_income,-1000000
bank_txn_income_centrelink_3rdparty_parentalleavepay_trend_slope_7d,model_vars_income,-1000000
bank_txn_income_centrelink_3rdparty_childcaresubsidy_trend_slope_7d,model_vars_income,-1000000
bank_txn_income_centrelink_3rdparty_educationentrypayment_trend_slope_7d,model_vars_income,-1000000
bank_txn_income_centrelink_3rdparty_nationaldisabilityinsurancescheme_trend_slope_7d,model_vars_income,-1000000
bank_txn_income_centrelink_3rdparty_childdisabilityassistancepayment_trend_slope_7d,model_vars_income,-1000000
bank_txn_income_centrelink_3rdparty_childdisabilityassistancepa_trend_slope_7d,model_vars_income,-1000000
bank_txn_income_centrelink_3rdparty_othercentrelink_governmentpayments_trend_slope_7d,model_vars_income,-1000000
bank_txn_income_centrelink_3rdparty_othercentrelink_governmentpa_trend_slope_7d,model_vars_income,-1000000
bank_txn_income_centrelink_3rdparty_colcconcessions_trend_slope_7d,model_vars_income,-1000000
bank_txn_income_centrelink_3rdparty_mobilityallowance_trend_slope_7d,model_vars_income,-1000000
bank_txn_income_centrelink_3rdparty_stillbornpay_trend_slope_7d,model_vars_income,-1000000
bank_txn_income_centrelink_3rdparty_schoolkidsbonus_trend_slope_7d,model_vars_income,-1000000
bank_txn_income_centrelink_3rdparty_disabilitypension_trend_slope_7d,model_vars_income,-1000000
bank_txn_income_centrelink_3rdparty_emergencypayment_trend_slope_7d,model_vars_income,-1000000
bank_txn_income_centrelink_3rdparty_centrelinkpension_trend_slope_14d,model_vars_income,-1000000
bank_txn_income_centrelink_3rdparty_familybenefits_trend_slope_14d,model_vars_income,-1000000
bank_txn_income_centrelink_3rdparty_jobseeker_trend_slope_14d,model_vars_income,-1000000
bank_txn_income_centrelink_3rdparty_carersbenefits_trend_slope_14d,model_vars_income,-1000000
bank_txn_income_centrelink_3rdparty_childsupport_trend_slope_14d,model_vars_income,-1000000
bank_txn_income_centrelink_3rdparty_youthallowance_trend_slope_14d,model_vars_income,-1000000
bank_txn_income_centrelink_3rdparty_parentingpayment_trend_slope_14d,model_vars_income,-1000000
bank_txn_income_centrelink_3rdparty_nationaldisabilityinsurance_trend_slope_14d,model_vars_income,-1000000
bank_txn_income_centrelink_3rdparty_vetaffairs_trend_slope_14d,model_vars_income,-1000000
bank_txn_income_centrelink_3rdparty_parentalleavepay_trend_slope_14d,model_vars_income,-1000000
bank_txn_income_centrelink_3rdparty_childcaresubsidy_trend_slope_14d,model_vars_income,-1000000
bank_txn_income_centrelink_3rdparty_educationentrypayment_trend_slope_14d,model_vars_income,-1000000
bank_txn_income_centrelink_3rdparty_nationaldisabilityinsurancescheme_trend_slope_14d,model_vars_income,-1000000
bank_txn_income_centrelink_3rdparty_childdisabilityassistancepayment_trend_slope_14d,model_vars_income,-1000000
bank_txn_income_centrelink_3rdparty_childdisabilityassistancepa_trend_slope_14d,model_vars_income,-1000000
bank_txn_income_centrelink_3rdparty_othercentrelink_governmentpayments_trend_slope_14d,model_vars_income,-1000000
bank_txn_income_centrelink_3rdparty_othercentrelink_governmentpa_trend_slope_14d,model_vars_income,-1000000
bank_txn_income_centrelink_3rdparty_colcconcessions_trend_slope_14d,model_vars_income,-1000000
bank_txn_income_centrelink_3rdparty_mobilityallowance_trend_slope_14d,model_vars_income,-1000000
bank_txn_income_centrelink_3rdparty_stillbornpay_trend_slope_14d,model_vars_income,-1000000
bank_txn_income_centrelink_3rdparty_schoolkidsbonus_trend_slope_14d,model_vars_income,-1000000
bank_txn_income_centrelink_3rdparty_disabilitypension_trend_slope_14d,model_vars_income,-1000000
bank_txn_income_centrelink_3rdparty_emergencypayment_trend_slope_14d,model_vars_income,-1000000
bank_txn_income_centrelink_3rdparty_centrelinkpension_trend_slope_28d,model_vars_income,-1000000
bank_txn_income_centrelink_3rdparty_familybenefits_trend_slope_28d,model_vars_income,-1000000
bank_txn_income_centrelink_3rdparty_jobseeker_trend_slope_28d,model_vars_income,-1000000
bank_txn_income_centrelink_3rdparty_carersbenefits_trend_slope_28d,model_vars_income,-1000000
bank_txn_income_centrelink_3rdparty_childsupport_trend_slope_28d,model_vars_income,-1000000
bank_txn_income_centrelink_3rdparty_youthallowance_trend_slope_28d,model_vars_income,-1000000
bank_txn_income_centrelink_3rdparty_parentingpayment_trend_slope_28d,model_vars_income,-1000000
bank_txn_income_centrelink_3rdparty_nationaldisabilityinsurance_trend_slope_28d,model_vars_income,-1000000
bank_txn_income_centrelink_3rdparty_vetaffairs_trend_slope_28d,model_vars_income,-1000000
bank_txn_income_centrelink_3rdparty_parentalleavepay_trend_slope_28d,model_vars_income,-1000000
bank_txn_income_centrelink_3rdparty_childcaresubsidy_trend_slope_28d,model_vars_income,-1000000
bank_txn_income_centrelink_3rdparty_educationentrypayment_trend_slope_28d,model_vars_income,-1000000
bank_txn_income_centrelink_3rdparty_nationaldisabilityinsurancescheme_trend_slope_28d,model_vars_income,-1000000
bank_txn_income_centrelink_3rdparty_childdisabilityassistancepayment_trend_slope_28d,model_vars_income,-1000000
bank_txn_income_centrelink_3rdparty_childdisabilityassistancepa_trend_slope_28d,model_vars_income,-1000000
bank_txn_income_centrelink_3rdparty_othercentrelink_governmentpayments_trend_slope_28d,model_vars_income,-1000000
bank_txn_income_centrelink_3rdparty_othercentrelink_governmentpa_trend_slope_28d,model_vars_income,-1000000
bank_txn_income_centrelink_3rdparty_colcconcessions_trend_slope_28d,model_vars_income,-1000000
bank_txn_income_centrelink_3rdparty_mobilityallowance_trend_slope_28d,model_vars_income,-1000000
bank_txn_income_centrelink_3rdparty_stillbornpay_trend_slope_28d,model_vars_income,-1000000
bank_txn_income_centrelink_3rdparty_schoolkidsbonus_trend_slope_28d,model_vars_income,-1000000
bank_txn_income_centrelink_3rdparty_disabilitypension_trend_slope_28d,model_vars_income,-1000000
bank_txn_income_centrelink_3rdparty_emergencypayment_trend_slope_28d,model_vars_income,-1000000
bank_txn_income_centrelink_3rdparty_centrelinkpension_trend_slope_56d,model_vars_income,-1000000
bank_txn_income_centrelink_3rdparty_familybenefits_trend_slope_56d,model_vars_income,-1000000
bank_txn_income_centrelink_3rdparty_jobseeker_trend_slope_56d,model_vars_income,-1000000
bank_txn_income_centrelink_3rdparty_carersbenefits_trend_slope_56d,model_vars_income,-1000000
bank_txn_income_centrelink_3rdparty_childsupport_trend_slope_56d,model_vars_income,-1000000
bank_txn_income_centrelink_3rdparty_youthallowance_trend_slope_56d,model_vars_income,-1000000
bank_txn_income_centrelink_3rdparty_parentingpayment_trend_slope_56d,model_vars_income,-1000000
bank_txn_income_centrelink_3rdparty_nationaldisabilityinsurance_trend_slope_56d,model_vars_income,-1000000
bank_txn_income_centrelink_3rdparty_vetaffairs_trend_slope_56d,model_vars_income,-1000000
bank_txn_income_centrelink_3rdparty_parentalleavepay_trend_slope_56d,model_vars_income,-1000000
bank_txn_income_centrelink_3rdparty_childcaresubsidy_trend_slope_56d,model_vars_income,-1000000
bank_txn_income_centrelink_3rdparty_educationentrypayment_trend_slope_56d,model_vars_income,-1000000
bank_txn_income_centrelink_3rdparty_nationaldisabilityinsurancescheme_trend_slope_56d,model_vars_income,-1000000
bank_txn_income_centrelink_3rdparty_childdisabilityassistancepayment_trend_slope_56d,model_vars_income,-1000000
bank_txn_income_centrelink_3rdparty_childdisabilityassistancepa_trend_slope_56d,model_vars_income,-1000000
bank_txn_income_centrelink_3rdparty_othercentrelink_governmentpayments_trend_slope_56d,model_vars_income,-1000000
bank_txn_income_centrelink_3rdparty_othercentrelink_governmentpa_trend_slope_56d,model_vars_income,-1000000
bank_txn_income_centrelink_3rdparty_colcconcessions_trend_slope_56d,model_vars_income,-1000000
bank_txn_income_centrelink_3rdparty_mobilityallowance_trend_slope_56d,model_vars_income,-1000000
bank_txn_income_centrelink_3rdparty_stillbornpay_trend_slope_56d,model_vars_income,-1000000
bank_txn_income_centrelink_3rdparty_schoolkidsbonus_trend_slope_56d,model_vars_income,-1000000
bank_txn_income_centrelink_3rdparty_disabilitypension_trend_slope_56d,model_vars_income,-1000000
bank_txn_income_centrelink_3rdparty_emergencypayment_trend_slope_56d,model_vars_income,-1000000
bank_txn_income_centrelink_3rdparty_centrelinkpension_trend_slope_84d,model_vars_income,-1000000
bank_txn_income_centrelink_3rdparty_familybenefits_trend_slope_84d,model_vars_income,-1000000
bank_txn_income_centrelink_3rdparty_jobseeker_trend_slope_84d,model_vars_income,-1000000
bank_txn_income_centrelink_3rdparty_carersbenefits_trend_slope_84d,model_vars_income,-1000000
bank_txn_income_centrelink_3rdparty_childsupport_trend_slope_84d,model_vars_income,-1000000
bank_txn_income_centrelink_3rdparty_youthallowance_trend_slope_84d,model_vars_income,-1000000
bank_txn_income_centrelink_3rdparty_parentingpayment_trend_slope_84d,model_vars_income,-1000000
bank_txn_income_centrelink_3rdparty_nationaldisabilityinsurance_trend_slope_84d,model_vars_income,-1000000
bank_txn_income_centrelink_3rdparty_vetaffairs_trend_slope_84d,model_vars_income,-1000000
bank_txn_income_centrelink_3rdparty_parentalleavepay_trend_slope_84d,model_vars_income,-1000000
bank_txn_income_centrelink_3rdparty_childcaresubsidy_trend_slope_84d,model_vars_income,-1000000
bank_txn_income_centrelink_3rdparty_educationentrypayment_trend_slope_84d,model_vars_income,-1000000
bank_txn_income_centrelink_3rdparty_nationaldisabilityinsurancescheme_trend_slope_84d,model_vars_income,-1000000
bank_txn_income_centrelink_3rdparty_childdisabilityassistancepayment_trend_slope_84d,model_vars_income,-1000000
bank_txn_income_centrelink_3rdparty_childdisabilityassistancepa_trend_slope_84d,model_vars_income,-1000000
bank_txn_income_centrelink_3rdparty_othercentrelink_governmentpayments_trend_slope_84d,model_vars_income,-1000000
bank_txn_income_centrelink_3rdparty_othercentrelink_governmentpa_trend_slope_84d,model_vars_income,-1000000
bank_txn_income_centrelink_3rdparty_colcconcessions_trend_slope_84d,model_vars_income,-1000000
bank_txn_income_centrelink_3rdparty_mobilityallowance_trend_slope_84d,model_vars_income,-1000000
bank_txn_income_centrelink_3rdparty_stillbornpay_trend_slope_84d,model_vars_income,-1000000
bank_txn_income_centrelink_3rdparty_schoolkidsbonus_trend_slope_84d,model_vars_income,-1000000
bank_txn_income_centrelink_3rdparty_disabilitypension_trend_slope_84d,model_vars_income,-1000000
bank_txn_income_centrelink_3rdparty_emergencypayment_trend_slope_84d,model_vars_income,-1000000
bank_txn_income_centrelink_3rdparty_centrelinkpension_trend_slope_168d,model_vars_income,-1000000
bank_txn_income_centrelink_3rdparty_familybenefits_trend_slope_168d,model_vars_income,-1000000
bank_txn_income_centrelink_3rdparty_jobseeker_trend_slope_168d,model_vars_income,-1000000
bank_txn_income_centrelink_3rdparty_carersbenefits_trend_slope_168d,model_vars_income,-1000000
bank_txn_income_centrelink_3rdparty_childsupport_trend_slope_168d,model_vars_income,-1000000
bank_txn_income_centrelink_3rdparty_youthallowance_trend_slope_168d,model_vars_income,-1000000
bank_txn_income_centrelink_3rdparty_parentingpayment_trend_slope_168d,model_vars_income,-1000000
bank_txn_income_centrelink_3rdparty_nationaldisabilityinsurance_trend_slope_168d,model_vars_income,-1000000
bank_txn_income_centrelink_3rdparty_vetaffairs_trend_slope_168d,model_vars_income,-1000000
bank_txn_income_centrelink_3rdparty_parentalleavepay_trend_slope_168d,model_vars_income,-1000000
bank_txn_income_centrelink_3rdparty_childcaresubsidy_trend_slope_168d,model_vars_income,-1000000
bank_txn_income_centrelink_3rdparty_educationentrypayment_trend_slope_168d,model_vars_income,-1000000
bank_txn_income_centrelink_3rdparty_nationaldisabilityinsurancescheme_trend_slope_168d,model_vars_income,-1000000
bank_txn_income_centrelink_3rdparty_childdisabilityassistancepayment_trend_slope_168d,model_vars_income,-1000000
bank_txn_income_centrelink_3rdparty_childdisabilityassistancepa_trend_slope_168d,model_vars_income,-1000000
bank_txn_income_centrelink_3rdparty_othercentrelink_governmentpayments_trend_slope_168d,model_vars_income,-1000000
bank_txn_income_centrelink_3rdparty_othercentrelink_governmentpa_trend_slope_168d,model_vars_income,-1000000
bank_txn_income_centrelink_3rdparty_colcconcessions_trend_slope_168d,model_vars_income,-1000000
bank_txn_income_centrelink_3rdparty_mobilityallowance_trend_slope_168d,model_vars_income,-1000000
bank_txn_income_centrelink_3rdparty_stillbornpay_trend_slope_168d,model_vars_income,-1000000
bank_txn_income_centrelink_3rdparty_schoolkidsbonus_trend_slope_168d,model_vars_income,-1000000
bank_txn_income_centrelink_3rdparty_disabilitypension_trend_slope_168d,model_vars_income,-1000000
bank_txn_income_centrelink_3rdparty_emergencypayment_trend_slope_168d,model_vars_income,-1000000
bank_txn_income_centrelink_3rdparty_centrelinkpension_trend_slope_182d,model_vars_income,-1000000
bank_txn_income_centrelink_3rdparty_familybenefits_trend_slope_182d,model_vars_income,-1000000
bank_txn_income_centrelink_3rdparty_jobseeker_trend_slope_182d,model_vars_income,-1000000
bank_txn_income_centrelink_3rdparty_carersbenefits_trend_slope_182d,model_vars_income,-1000000
bank_txn_income_centrelink_3rdparty_childsupport_trend_slope_182d,model_vars_income,-1000000
bank_txn_income_centrelink_3rdparty_youthallowance_trend_slope_182d,model_vars_income,-1000000
bank_txn_income_centrelink_3rdparty_parentingpayment_trend_slope_182d,model_vars_income,-1000000
bank_txn_income_centrelink_3rdparty_nationaldisabilityinsurance_trend_slope_182d,model_vars_income,-1000000
bank_txn_income_centrelink_3rdparty_vetaffairs_trend_slope_182d,model_vars_income,-1000000
bank_txn_income_centrelink_3rdparty_parentalleavepay_trend_slope_182d,model_vars_income,-1000000
bank_txn_income_centrelink_3rdparty_childcaresubsidy_trend_slope_182d,model_vars_income,-1000000
bank_txn_income_centrelink_3rdparty_educationentrypayment_trend_slope_182d,model_vars_income,-1000000
bank_txn_income_centrelink_3rdparty_nationaldisabilityinsurancescheme_trend_slope_182d,model_vars_income,-1000000
bank_txn_income_centrelink_3rdparty_childdisabilityassistancepayment_trend_slope_182d,model_vars_income,-1000000
bank_txn_income_centrelink_3rdparty_childdisabilityassistancepa_trend_slope_182d,model_vars_income,-1000000
bank_txn_income_centrelink_3rdparty_othercentrelink_governmentpayments_trend_slope_182d,model_vars_income,-1000000
bank_txn_income_centrelink_3rdparty_othercentrelink_governmentpa_trend_slope_182d,model_vars_income,-1000000
bank_txn_income_centrelink_3rdparty_colcconcessions_trend_slope_182d,model_vars_income,-1000000
bank_txn_income_centrelink_3rdparty_mobilityallowance_trend_slope_182d,model_vars_income,-1000000
bank_txn_income_centrelink_3rdparty_stillbornpay_trend_slope_182d,model_vars_income,-1000000
bank_txn_income_centrelink_3rdparty_schoolkidsbonus_trend_slope_182d,model_vars_income,-1000000
bank_txn_income_centrelink_3rdparty_disabilitypension_trend_slope_182d,model_vars_income,-1000000
bank_txn_income_centrelink_3rdparty_emergencypayment_trend_slope_182d,model_vars_income,-1000000
bank_txn_income_otherincome_category_allothercredits_sum_7d,model_vars_income,-1000000
bank_txn_income_otherincome_category_allothercredits_count_7d,model_vars_income,-1000000
bank_txn_income_otherincome_category_allothercredits_mean_7d,model_vars_income,-1000000
bank_txn_income_otherincome_category_allothercredits_median_7d,model_vars_income,-1000000
bank_txn_income_otherincome_category_allothercredits_max_7d,model_vars_income,-1000000
bank_txn_income_otherincome_category_allothercredits_min_7d,model_vars_income,-1000000
bank_txn_income_otherincome_category_allothercredits_std_7d,model_vars_income,-1000000
bank_txn_income_otherincome_category_allothercredits_cv_7d,model_vars_income,-1000000
bank_txn_income_otherincome_category_automotive_sum_7d,model_vars_income,-1000000
bank_txn_income_otherincome_category_automotive_count_7d,model_vars_income,-1000000
bank_txn_income_otherincome_category_automotive_mean_7d,model_vars_income,-1000000
bank_txn_income_otherincome_category_automotive_median_7d,model_vars_income,-1000000
bank_txn_income_otherincome_category_automotive_max_7d,model_vars_income,-1000000
bank_txn_income_otherincome_category_automotive_min_7d,model_vars_income,-1000000
bank_txn_income_otherincome_category_automotive_std_7d,model_vars_income,-1000000
bank_txn_income_otherincome_category_automotive_cv_7d,model_vars_income,-1000000
bank_txn_income_otherincome_category_departmentstores_sum_7d,model_vars_income,-1000000
bank_txn_income_otherincome_category_departmentstores_count_7d,model_vars_income,-1000000
bank_txn_income_otherincome_category_departmentstores_mean_7d,model_vars_income,-1000000
bank_txn_income_otherincome_category_departmentstores_median_7d,model_vars_income,-1000000
bank_txn_income_otherincome_category_departmentstores_max_7d,model_vars_income,-1000000
bank_txn_income_otherincome_category_departmentstores_min_7d,model_vars_income,-1000000
bank_txn_income_otherincome_category_departmentstores_std_7d,model_vars_income,-1000000
bank_txn_income_otherincome_category_departmentstores_cv_7d,model_vars_income,-1000000
bank_txn_income_otherincome_category_diningout_sum_7d,model_vars_income,-1000000
bank_txn_income_otherincome_category_diningout_count_7d,model_vars_income,-1000000
bank_txn_income_otherincome_category_diningout_mean_7d,model_vars_income,-1000000
bank_txn_income_otherincome_category_diningout_median_7d,model_vars_income,-1000000
bank_txn_income_otherincome_category_diningout_max_7d,model_vars_income,-1000000
bank_txn_income_otherincome_category_diningout_min_7d,model_vars_income,-1000000
bank_txn_income_otherincome_category_diningout_std_7d,model_vars_income,-1000000
bank_txn_income_otherincome_category_diningout_cv_7d,model_vars_income,-1000000
bank_txn_income_otherincome_category_donations_sum_7d,model_vars_income,-1000000
bank_txn_income_otherincome_category_donations_count_7d,model_vars_income,-1000000
bank_txn_income_otherincome_category_donations_mean_7d,model_vars_income,-1000000
bank_txn_income_otherincome_category_donations_median_7d,model_vars_income,-1000000
bank_txn_income_otherincome_category_donations_max_7d,model_vars_income,-1000000
bank_txn_income_otherincome_category_donations_min_7d,model_vars_income,-1000000
bank_txn_income_otherincome_category_donations_std_7d,model_vars_income,-1000000
bank_txn_income_otherincome_category_donations_cv_7d,model_vars_income,-1000000
bank_txn_income_otherincome_category_education_sum_7d,model_vars_income,-1000000
bank_txn_income_otherincome_category_education_count_7d,model_vars_income,-1000000
bank_txn_income_otherincome_category_education_mean_7d,model_vars_income,-1000000
bank_txn_income_otherincome_category_education_median_7d,model_vars_income,-1000000
bank_txn_income_otherincome_category_education_max_7d,model_vars_income,-1000000
bank_txn_income_otherincome_category_education_min_7d,model_vars_income,-1000000
bank_txn_income_otherincome_category_education_std_7d,model_vars_income,-1000000
bank_txn_income_otherincome_category_education_cv_7d,model_vars_income,-1000000
bank_txn_income_otherincome_category_entertainment_sum_7d,model_vars_income,-1000000
bank_txn_income_otherincome_category_entertainment_count_7d,model_vars_income,-1000000
bank_txn_income_otherincome_category_entertainment_mean_7d,model_vars_income,-1000000
bank_txn_income_otherincome_category_entertainment_median_7d,model_vars_income,-1000000
bank_txn_income_otherincome_category_entertainment_max_7d,model_vars_income,-1000000
bank_txn_income_otherincome_category_entertainment_min_7d,model_vars_income,-1000000
bank_txn_income_otherincome_category_entertainment_std_7d,model_vars_income,-1000000
bank_txn_income_otherincome_category_entertainment_cv_7d,model_vars_income,-1000000
bank_txn_income_otherincome_category_fees_sum_7d,model_vars_income,-1000000
bank_txn_income_otherincome_category_fees_count_7d,model_vars_income,-1000000
bank_txn_income_otherincome_category_fees_mean_7d,model_vars_income,-1000000
bank_txn_income_otherincome_category_fees_median_7d,model_vars_income,-1000000
bank_txn_income_otherincome_category_fees_max_7d,model_vars_income,-1000000
bank_txn_income_otherincome_category_fees_min_7d,model_vars_income,-1000000
bank_txn_income_otherincome_category_fees_std_7d,model_vars_income,-1000000
bank_txn_income_otherincome_category_fees_cv_7d,model_vars_income,-1000000
bank_txn_income_otherincome_category_gambling_sum_7d,model_vars_income,-1000000
bank_txn_income_otherincome_category_gambling_count_7d,model_vars_income,-1000000
bank_txn_income_otherincome_category_gambling_mean_7d,model_vars_income,-1000000
bank_txn_income_otherincome_category_gambling_median_7d,model_vars_income,-1000000
bank_txn_income_otherincome_category_gambling_max_7d,model_vars_income,-1000000
bank_txn_income_otherincome_category_gambling_min_7d,model_vars_income,-1000000
bank_txn_income_otherincome_category_gambling_std_7d,model_vars_income,-1000000
bank_txn_income_otherincome_category_gambling_cv_7d,model_vars_income,-1000000
bank_txn_income_otherincome_category_groceries_sum_7d,model_vars_income,-1000000
bank_txn_income_otherincome_category_groceries_count_7d,model_vars_income,-1000000
bank_txn_income_otherincome_category_groceries_mean_7d,model_vars_income,-1000000
bank_txn_income_otherincome_category_groceries_median_7d,model_vars_income,-1000000
bank_txn_income_otherincome_category_groceries_max_7d,model_vars_income,-1000000
bank_txn_income_otherincome_category_groceries_min_7d,model_vars_income,-1000000
bank_txn_income_otherincome_category_groceries_std_7d,model_vars_income,-1000000
bank_txn_income_otherincome_category_groceries_cv_7d,model_vars_income,-1000000
bank_txn_income_otherincome_category_gymsandothermemberships_sum_7d,model_vars_income,-1000000
bank_txn_income_otherincome_category_gymsandothermemberships_count_7d,model_vars_income,-1000000
bank_txn_income_otherincome_category_gymsandothermemberships_mean_7d,model_vars_income,-1000000
bank_txn_income_otherincome_category_gymsandothermemberships_median_7d,model_vars_income,-1000000
bank_txn_income_otherincome_category_gymsandothermemberships_max_7d,model_vars_income,-1000000
bank_txn_income_otherincome_category_gymsandothermemberships_min_7d,model_vars_income,-1000000
bank_txn_income_otherincome_category_gymsandothermemberships_std_7d,model_vars_income,-1000000
bank_txn_income_otherincome_category_gymsandothermemberships_cv_7d,model_vars_income,-1000000
bank_txn_income_otherincome_category_health_sum_7d,model_vars_income,-1000000
bank_txn_income_otherincome_category_health_count_7d,model_vars_income,-1000000
bank_txn_income_otherincome_category_health_mean_7d,model_vars_income,-1000000
bank_txn_income_otherincome_category_health_median_7d,model_vars_income,-1000000
bank_txn_income_otherincome_category_health_max_7d,model_vars_income,-1000000
bank_txn_income_otherincome_category_health_min_7d,model_vars_income,-1000000
bank_txn_income_otherincome_category_health_std_7d,model_vars_income,-1000000
bank_txn_income_otherincome_category_health_cv_7d,model_vars_income,-1000000
bank_txn_income_otherincome_category_homeimprovement_sum_7d,model_vars_income,-1000000
bank_txn_income_otherincome_category_homeimprovement_count_7d,model_vars_income,-1000000
bank_txn_income_otherincome_category_homeimprovement_mean_7d,model_vars_income,-1000000
bank_txn_income_otherincome_category_homeimprovement_median_7d,model_vars_income,-1000000
bank_txn_income_otherincome_category_homeimprovement_max_7d,model_vars_income,-1000000
bank_txn_income_otherincome_category_homeimprovement_min_7d,model_vars_income,-1000000
bank_txn_income_otherincome_category_homeimprovement_std_7d,model_vars_income,-1000000
bank_txn_income_otherincome_category_homeimprovement_cv_7d,model_vars_income,-1000000
bank_txn_income_otherincome_category_insurance_sum_7d,model_vars_income,-1000000
bank_txn_income_otherincome_category_insurance_count_7d,model_vars_income,-1000000
bank_txn_income_otherincome_category_insurance_mean_7d,model_vars_income,-1000000
bank_txn_income_otherincome_category_insurance_median_7d,model_vars_income,-1000000
bank_txn_income_otherincome_category_insurance_max_7d,model_vars_income,-1000000
bank_txn_income_otherincome_category_insurance_min_7d,model_vars_income,-1000000
bank_txn_income_otherincome_category_insurance_std_7d,model_vars_income,-1000000
bank_txn_income_otherincome_category_insurance_cv_7d,model_vars_income,-1000000
bank_txn_income_otherincome_category_internaltransfer_sum_7d,model_vars_income,-1000000
bank_txn_income_otherincome_category_internaltransfer_count_7d,model_vars_income,-1000000
bank_txn_income_otherincome_category_internaltransfer_mean_7d,model_vars_income,-1000000
bank_txn_income_otherincome_category_internaltransfer_median_7d,model_vars_income,-1000000
bank_txn_income_otherincome_category_internaltransfer_max_7d,model_vars_income,-1000000
bank_txn_income_otherincome_category_internaltransfer_min_7d,model_vars_income,-1000000
bank_txn_income_otherincome_category_internaltransfer_std_7d,model_vars_income,-1000000
bank_txn_income_otherincome_category_internaltransfer_cv_7d,model_vars_income,-1000000
bank_txn_income_otherincome_category_overdrawn_sum_7d,model_vars_income,-1000000
bank_txn_income_otherincome_category_overdrawn_count_7d,model_vars_income,-1000000
bank_txn_income_otherincome_category_overdrawn_mean_7d,model_vars_income,-1000000
bank_txn_income_otherincome_category_overdrawn_median_7d,model_vars_income,-1000000
bank_txn_income_otherincome_category_overdrawn_max_7d,model_vars_income,-1000000
bank_txn_income_otherincome_category_overdrawn_min_7d,model_vars_income,-1000000
bank_txn_income_otherincome_category_overdrawn_std_7d,model_vars_income,-1000000
bank_txn_income_otherincome_category_overdrawn_cv_7d,model_vars_income,-1000000
bank_txn_income_otherincome_category_personalcare_sum_7d,model_vars_income,-1000000
bank_txn_income_otherincome_category_personalcare_count_7d,model_vars_income,-1000000
bank_txn_income_otherincome_category_personalcare_mean_7d,model_vars_income,-1000000
bank_txn_income_otherincome_category_personalcare_median_7d,model_vars_income,-1000000
bank_txn_income_otherincome_category_personalcare_max_7d,model_vars_income,-1000000
bank_txn_income_otherincome_category_personalcare_min_7d,model_vars_income,-1000000
bank_txn_income_otherincome_category_personalcare_std_7d,model_vars_income,-1000000
bank_txn_income_otherincome_category_personalcare_cv_7d,model_vars_income,-1000000
bank_txn_income_otherincome_category_petcare_sum_7d,model_vars_income,-1000000
bank_txn_income_otherincome_category_petcare_count_7d,model_vars_income,-1000000
bank_txn_income_otherincome_category_petcare_mean_7d,model_vars_income,-1000000
bank_txn_income_otherincome_category_petcare_median_7d,model_vars_income,-1000000
bank_txn_income_otherincome_category_petcare_max_7d,model_vars_income,-1000000
bank_txn_income_otherincome_category_petcare_min_7d,model_vars_income,-1000000
bank_txn_income_otherincome_category_petcare_std_7d,model_vars_income,-1000000
bank_txn_income_otherincome_category_petcare_cv_7d,model_vars_income,-1000000
bank_txn_income_otherincome_category_rent_sum_7d,model_vars_income,-1000000
bank_txn_income_otherincome_category_rent_count_7d,model_vars_income,-1000000
bank_txn_income_otherincome_category_rent_mean_7d,model_vars_income,-1000000
bank_txn_income_otherincome_category_rent_median_7d,model_vars_income,-1000000
bank_txn_income_otherincome_category_rent_max_7d,model_vars_income,-1000000
bank_txn_income_otherincome_category_rent_min_7d,model_vars_income,-1000000
bank_txn_income_otherincome_category_rent_std_7d,model_vars_income,-1000000
bank_txn_income_otherincome_category_rent_cv_7d,model_vars_income,-1000000
bank_txn_income_otherincome_category_retail_sum_7d,model_vars_income,-1000000
bank_txn_income_otherincome_category_retail_count_7d,model_vars_income,-1000000
bank_txn_income_otherincome_category_retail_mean_7d,model_vars_income,-1000000
bank_txn_income_otherincome_category_retail_median_7d,model_vars_income,-1000000
bank_txn_income_otherincome_category_retail_max_7d,model_vars_income,-1000000
bank_txn_income_otherincome_category_retail_min_7d,model_vars_income,-1000000
bank_txn_income_otherincome_category_retail_std_7d,model_vars_income,-1000000
bank_txn_income_otherincome_category_retail_cv_7d,model_vars_income,-1000000
bank_txn_income_otherincome_category_subscriptiontv_sum_7d,model_vars_income,-1000000
bank_txn_income_otherincome_category_subscriptiontv_count_7d,model_vars_income,-1000000
bank_txn_income_otherincome_category_subscriptiontv_mean_7d,model_vars_income,-1000000
bank_txn_income_otherincome_category_subscriptiontv_median_7d,model_vars_income,-1000000
bank_txn_income_otherincome_category_subscriptiontv_max_7d,model_vars_income,-1000000
bank_txn_income_otherincome_category_subscriptiontv_min_7d,model_vars_income,-1000000
bank_txn_income_otherincome_category_subscriptiontv_std_7d,model_vars_income,-1000000
bank_txn_income_otherincome_category_subscriptiontv_cv_7d,model_vars_income,-1000000
bank_txn_income_otherincome_category_telecommunications_sum_7d,model_vars_income,-1000000
bank_txn_income_otherincome_category_telecommunications_count_7d,model_vars_income,-1000000
bank_txn_income_otherincome_category_telecommunications_mean_7d,model_vars_income,-1000000
bank_txn_income_otherincome_category_telecommunications_median_7d,model_vars_income,-1000000
bank_txn_income_otherincome_category_telecommunications_max_7d,model_vars_income,-1000000
bank_txn_income_otherincome_category_telecommunications_min_7d,model_vars_income,-1000000
bank_txn_income_otherincome_category_telecommunications_std_7d,model_vars_income,-1000000
bank_txn_income_otherincome_category_telecommunications_cv_7d,model_vars_income,-1000000
bank_txn_income_otherincome_category_transport_sum_7d,model_vars_income,-1000000
bank_txn_income_otherincome_category_transport_count_7d,model_vars_income,-1000000
bank_txn_income_otherincome_category_transport_mean_7d,model_vars_income,-1000000
bank_txn_income_otherincome_category_transport_median_7d,model_vars_income,-1000000
bank_txn_income_otherincome_category_transport_max_7d,model_vars_income,-1000000
bank_txn_income_otherincome_category_transport_min_7d,model_vars_income,-1000000
bank_txn_income_otherincome_category_transport_std_7d,model_vars_income,-1000000
bank_txn_income_otherincome_category_transport_cv_7d,model_vars_income,-1000000
bank_txn_income_otherincome_category_travel_sum_7d,model_vars_income,-1000000
bank_txn_income_otherincome_category_travel_count_7d,model_vars_income,-1000000
bank_txn_income_otherincome_category_travel_mean_7d,model_vars_income,-1000000
bank_txn_income_otherincome_category_travel_median_7d,model_vars_income,-1000000
bank_txn_income_otherincome_category_travel_max_7d,model_vars_income,-1000000
bank_txn_income_otherincome_category_travel_min_7d,model_vars_income,-1000000
bank_txn_income_otherincome_category_travel_std_7d,model_vars_income,-1000000
bank_txn_income_otherincome_category_travel_cv_7d,model_vars_income,-1000000
bank_txn_income_otherincome_category_utilities_sum_7d,model_vars_income,-1000000
bank_txn_income_otherincome_category_utilities_count_7d,model_vars_income,-1000000
bank_txn_income_otherincome_category_utilities_mean_7d,model_vars_income,-1000000
bank_txn_income_otherincome_category_utilities_median_7d,model_vars_income,-1000000
bank_txn_income_otherincome_category_utilities_max_7d,model_vars_income,-1000000
bank_txn_income_otherincome_category_utilities_min_7d,model_vars_income,-1000000
bank_txn_income_otherincome_category_utilities_std_7d,model_vars_income,-1000000
bank_txn_income_otherincome_category_utilities_cv_7d,model_vars_income,-1000000
bank_txn_income_otherincome_category_allothercredits_sum_14d,model_vars_income,-1000000
bank_txn_income_otherincome_category_allothercredits_count_14d,model_vars_income,-1000000
bank_txn_income_otherincome_category_allothercredits_mean_14d,model_vars_income,-1000000
bank_txn_income_otherincome_category_allothercredits_median_14d,model_vars_income,-1000000
bank_txn_income_otherincome_category_allothercredits_max_14d,model_vars_income,-1000000
bank_txn_income_otherincome_category_allothercredits_min_14d,model_vars_income,-1000000
bank_txn_income_otherincome_category_allothercredits_std_14d,model_vars_income,-1000000
bank_txn_income_otherincome_category_allothercredits_cv_14d,model_vars_income,-1000000
bank_txn_income_otherincome_category_automotive_sum_14d,model_vars_income,-1000000
bank_txn_income_otherincome_category_automotive_count_14d,model_vars_income,-1000000
bank_txn_income_otherincome_category_automotive_mean_14d,model_vars_income,-1000000
bank_txn_income_otherincome_category_automotive_median_14d,model_vars_income,-1000000
bank_txn_income_otherincome_category_automotive_max_14d,model_vars_income,-1000000
bank_txn_income_otherincome_category_automotive_min_14d,model_vars_income,-1000000
bank_txn_income_otherincome_category_automotive_std_14d,model_vars_income,-1000000
bank_txn_income_otherincome_category_automotive_cv_14d,model_vars_income,-1000000
bank_txn_income_otherincome_category_departmentstores_sum_14d,model_vars_income,-1000000
bank_txn_income_otherincome_category_departmentstores_count_14d,model_vars_income,-1000000
bank_txn_income_otherincome_category_departmentstores_mean_14d,model_vars_income,-1000000
bank_txn_income_otherincome_category_departmentstores_median_14d,model_vars_income,-1000000
bank_txn_income_otherincome_category_departmentstores_max_14d,model_vars_income,-1000000
bank_txn_income_otherincome_category_departmentstores_min_14d,model_vars_income,-1000000
bank_txn_income_otherincome_category_departmentstores_std_14d,model_vars_income,-1000000
bank_txn_income_otherincome_category_departmentstores_cv_14d,model_vars_income,-1000000
bank_txn_income_otherincome_category_diningout_sum_14d,model_vars_income,-1000000
bank_txn_income_otherincome_category_diningout_count_14d,model_vars_income,-1000000
bank_txn_income_otherincome_category_diningout_mean_14d,model_vars_income,-1000000
bank_txn_income_otherincome_category_diningout_median_14d,model_vars_income,-1000000
bank_txn_income_otherincome_category_diningout_max_14d,model_vars_income,-1000000
bank_txn_income_otherincome_category_diningout_min_14d,model_vars_income,-1000000
bank_txn_income_otherincome_category_diningout_std_14d,model_vars_income,-1000000
bank_txn_income_otherincome_category_diningout_cv_14d,model_vars_income,-1000000
bank_txn_income_otherincome_category_donations_sum_14d,model_vars_income,-1000000
bank_txn_income_otherincome_category_donations_count_14d,model_vars_income,-1000000
bank_txn_income_otherincome_category_donations_mean_14d,model_vars_income,-1000000
bank_txn_income_otherincome_category_donations_median_14d,model_vars_income,-1000000
bank_txn_income_otherincome_category_donations_max_14d,model_vars_income,-1000000
bank_txn_income_otherincome_category_donations_min_14d,model_vars_income,-1000000
bank_txn_income_otherincome_category_donations_std_14d,model_vars_income,-1000000
bank_txn_income_otherincome_category_donations_cv_14d,model_vars_income,-1000000
bank_txn_income_otherincome_category_education_sum_14d,model_vars_income,-1000000
bank_txn_income_otherincome_category_education_count_14d,model_vars_income,-1000000
bank_txn_income_otherincome_category_education_mean_14d,model_vars_income,-1000000
bank_txn_income_otherincome_category_education_median_14d,model_vars_income,-1000000
bank_txn_income_otherincome_category_education_max_14d,model_vars_income,-1000000
bank_txn_income_otherincome_category_education_min_14d,model_vars_income,-1000000
bank_txn_income_otherincome_category_education_std_14d,model_vars_income,-1000000
bank_txn_income_otherincome_category_education_cv_14d,model_vars_income,-1000000
bank_txn_income_otherincome_category_entertainment_sum_14d,model_vars_income,-1000000
bank_txn_income_otherincome_category_entertainment_count_14d,model_vars_income,-1000000
bank_txn_income_otherincome_category_entertainment_mean_14d,model_vars_income,-1000000
bank_txn_income_otherincome_category_entertainment_median_14d,model_vars_income,-1000000
bank_txn_income_otherincome_category_entertainment_max_14d,model_vars_income,-1000000
bank_txn_income_otherincome_category_entertainment_min_14d,model_vars_income,-1000000
bank_txn_income_otherincome_category_entertainment_std_14d,model_vars_income,-1000000
bank_txn_income_otherincome_category_entertainment_cv_14d,model_vars_income,-1000000
bank_txn_income_otherincome_category_fees_sum_14d,model_vars_income,-1000000
bank_txn_income_otherincome_category_fees_count_14d,model_vars_income,-1000000
bank_txn_income_otherincome_category_fees_mean_14d,model_vars_income,-1000000
bank_txn_income_otherincome_category_fees_median_14d,model_vars_income,-1000000
bank_txn_income_otherincome_category_fees_max_14d,model_vars_income,-1000000
bank_txn_income_otherincome_category_fees_min_14d,model_vars_income,-1000000
bank_txn_income_otherincome_category_fees_std_14d,model_vars_income,-1000000
bank_txn_income_otherincome_category_fees_cv_14d,model_vars_income,-1000000
bank_txn_income_otherincome_category_gambling_sum_14d,model_vars_income,-1000000
bank_txn_income_otherincome_category_gambling_count_14d,model_vars_income,-1000000
bank_txn_income_otherincome_category_gambling_mean_14d,model_vars_income,-1000000
bank_txn_income_otherincome_category_gambling_median_14d,model_vars_income,-1000000
bank_txn_income_otherincome_category_gambling_max_14d,model_vars_income,-1000000
bank_txn_income_otherincome_category_gambling_min_14d,model_vars_income,-1000000
bank_txn_income_otherincome_category_gambling_std_14d,model_vars_income,-1000000
bank_txn_income_otherincome_category_gambling_cv_14d,model_vars_income,-1000000
bank_txn_income_otherincome_category_groceries_sum_14d,model_vars_income,-1000000
bank_txn_income_otherincome_category_groceries_count_14d,model_vars_income,-1000000
bank_txn_income_otherincome_category_groceries_mean_14d,model_vars_income,-1000000
bank_txn_income_otherincome_category_groceries_median_14d,model_vars_income,-1000000
bank_txn_income_otherincome_category_groceries_max_14d,model_vars_income,-1000000
bank_txn_income_otherincome_category_groceries_min_14d,model_vars_income,-1000000
bank_txn_income_otherincome_category_groceries_std_14d,model_vars_income,-1000000
bank_txn_income_otherincome_category_groceries_cv_14d,model_vars_income,-1000000
bank_txn_income_otherincome_category_gymsandothermemberships_sum_14d,model_vars_income,-1000000
bank_txn_income_otherincome_category_gymsandothermemberships_count_14d,model_vars_income,-1000000
bank_txn_income_otherincome_category_gymsandothermemberships_mean_14d,model_vars_income,-1000000
bank_txn_income_otherincome_category_gymsandothermemberships_median_14d,model_vars_income,-1000000
bank_txn_income_otherincome_category_gymsandothermemberships_max_14d,model_vars_income,-1000000
bank_txn_income_otherincome_category_gymsandothermemberships_min_14d,model_vars_income,-1000000
bank_txn_income_otherincome_category_gymsandothermemberships_std_14d,model_vars_income,-1000000
bank_txn_income_otherincome_category_gymsandothermemberships_cv_14d,model_vars_income,-1000000
bank_txn_income_otherincome_category_health_sum_14d,model_vars_income,-1000000
bank_txn_income_otherincome_category_health_count_14d,model_vars_income,-1000000
bank_txn_income_otherincome_category_health_mean_14d,model_vars_income,-1000000
bank_txn_income_otherincome_category_health_median_14d,model_vars_income,-1000000
bank_txn_income_otherincome_category_health_max_14d,model_vars_income,-1000000
bank_txn_income_otherincome_category_health_min_14d,model_vars_income,-1000000
bank_txn_income_otherincome_category_health_std_14d,model_vars_income,-1000000
bank_txn_income_otherincome_category_health_cv_14d,model_vars_income,-1000000
bank_txn_income_otherincome_category_homeimprovement_sum_14d,model_vars_income,-1000000
bank_txn_income_otherincome_category_homeimprovement_count_14d,model_vars_income,-1000000
bank_txn_income_otherincome_category_homeimprovement_mean_14d,model_vars_income,-1000000
bank_txn_income_otherincome_category_homeimprovement_median_14d,model_vars_income,-1000000
bank_txn_income_otherincome_category_homeimprovement_max_14d,model_vars_income,-1000000
bank_txn_income_otherincome_category_homeimprovement_min_14d,model_vars_income,-1000000
bank_txn_income_otherincome_category_homeimprovement_std_14d,model_vars_income,-1000000
bank_txn_income_otherincome_category_homeimprovement_cv_14d,model_vars_income,-1000000
bank_txn_income_otherincome_category_insurance_sum_14d,model_vars_income,-1000000
bank_txn_income_otherincome_category_insurance_count_14d,model_vars_income,-1000000
bank_txn_income_otherincome_category_insurance_mean_14d,model_vars_income,-1000000
bank_txn_income_otherincome_category_insurance_median_14d,model_vars_income,-1000000
bank_txn_income_otherincome_category_insurance_max_14d,model_vars_income,-1000000
bank_txn_income_otherincome_category_insurance_min_14d,model_vars_income,-1000000
bank_txn_income_otherincome_category_insurance_std_14d,model_vars_income,-1000000
bank_txn_income_otherincome_category_insurance_cv_14d,model_vars_income,-1000000
bank_txn_income_otherincome_category_internaltransfer_sum_14d,model_vars_income,-1000000
bank_txn_income_otherincome_category_internaltransfer_count_14d,model_vars_income,-1000000
bank_txn_income_otherincome_category_internaltransfer_mean_14d,model_vars_income,-1000000
bank_txn_income_otherincome_category_internaltransfer_median_14d,model_vars_income,-1000000
bank_txn_income_otherincome_category_internaltransfer_max_14d,model_vars_income,-1000000
bank_txn_income_otherincome_category_internaltransfer_min_14d,model_vars_income,-1000000
bank_txn_income_otherincome_category_internaltransfer_std_14d,model_vars_income,-1000000
bank_txn_income_otherincome_category_internaltransfer_cv_14d,model_vars_income,-1000000
bank_txn_income_otherincome_category_overdrawn_sum_14d,model_vars_income,-1000000
bank_txn_income_otherincome_category_overdrawn_count_14d,model_vars_income,-1000000
bank_txn_income_otherincome_category_overdrawn_mean_14d,model_vars_income,-1000000
bank_txn_income_otherincome_category_overdrawn_median_14d,model_vars_income,-1000000
bank_txn_income_otherincome_category_overdrawn_max_14d,model_vars_income,-1000000
bank_txn_income_otherincome_category_overdrawn_min_14d,model_vars_income,-1000000
bank_txn_income_otherincome_category_overdrawn_std_14d,model_vars_income,-1000000
bank_txn_income_otherincome_category_overdrawn_cv_14d,model_vars_income,-1000000
bank_txn_income_otherincome_category_personalcare_sum_14d,model_vars_income,-1000000
bank_txn_income_otherincome_category_personalcare_count_14d,model_vars_income,-1000000
bank_txn_income_otherincome_category_personalcare_mean_14d,model_vars_income,-1000000
bank_txn_income_otherincome_category_personalcare_median_14d,model_vars_income,-1000000
bank_txn_income_otherincome_category_personalcare_max_14d,model_vars_income,-1000000
bank_txn_income_otherincome_category_personalcare_min_14d,model_vars_income,-1000000
bank_txn_income_otherincome_category_personalcare_std_14d,model_vars_income,-1000000
bank_txn_income_otherincome_category_personalcare_cv_14d,model_vars_income,-1000000
bank_txn_income_otherincome_category_petcare_sum_14d,model_vars_income,-1000000
bank_txn_income_otherincome_category_petcare_count_14d,model_vars_income,-1000000
bank_txn_income_otherincome_category_petcare_mean_14d,model_vars_income,-1000000
bank_txn_income_otherincome_category_petcare_median_14d,model_vars_income,-1000000
bank_txn_income_otherincome_category_petcare_max_14d,model_vars_income,-1000000
bank_txn_income_otherincome_category_petcare_min_14d,model_vars_income,-1000000
bank_txn_income_otherincome_category_petcare_std_14d,model_vars_income,-1000000
bank_txn_income_otherincome_category_petcare_cv_14d,model_vars_income,-1000000
bank_txn_income_otherincome_category_rent_sum_14d,model_vars_income,-1000000
bank_txn_income_otherincome_category_rent_count_14d,model_vars_income,-1000000
bank_txn_income_otherincome_category_rent_mean_14d,model_vars_income,-1000000
bank_txn_income_otherincome_category_rent_median_14d,model_vars_income,-1000000
bank_txn_income_otherincome_category_rent_max_14d,model_vars_income,-1000000
bank_txn_income_otherincome_category_rent_min_14d,model_vars_income,-1000000
bank_txn_income_otherincome_category_rent_std_14d,model_vars_income,-1000000
bank_txn_income_otherincome_category_rent_cv_14d,model_vars_income,-1000000
bank_txn_income_otherincome_category_retail_sum_14d,model_vars_income,-1000000
bank_txn_income_otherincome_category_retail_count_14d,model_vars_income,-1000000
bank_txn_income_otherincome_category_retail_mean_14d,model_vars_income,-1000000
bank_txn_income_otherincome_category_retail_median_14d,model_vars_income,-1000000
bank_txn_income_otherincome_category_retail_max_14d,model_vars_income,-1000000
bank_txn_income_otherincome_category_retail_min_14d,model_vars_income,-1000000
bank_txn_income_otherincome_category_retail_std_14d,model_vars_income,-1000000
bank_txn_income_otherincome_category_retail_cv_14d,model_vars_income,-1000000
bank_txn_income_otherincome_category_subscriptiontv_sum_14d,model_vars_income,-1000000
bank_txn_income_otherincome_category_subscriptiontv_count_14d,model_vars_income,-1000000
bank_txn_income_otherincome_category_subscriptiontv_mean_14d,model_vars_income,-1000000
bank_txn_income_otherincome_category_subscriptiontv_median_14d,model_vars_income,-1000000
bank_txn_income_otherincome_category_subscriptiontv_max_14d,model_vars_income,-1000000
bank_txn_income_otherincome_category_subscriptiontv_min_14d,model_vars_income,-1000000
bank_txn_income_otherincome_category_subscriptiontv_std_14d,model_vars_income,-1000000
bank_txn_income_otherincome_category_subscriptiontv_cv_14d,model_vars_income,-1000000
bank_txn_income_otherincome_category_telecommunications_sum_14d,model_vars_income,-1000000
bank_txn_income_otherincome_category_telecommunications_count_14d,model_vars_income,-1000000
bank_txn_income_otherincome_category_telecommunications_mean_14d,model_vars_income,-1000000
bank_txn_income_otherincome_category_telecommunications_median_14d,model_vars_income,-1000000
bank_txn_income_otherincome_category_telecommunications_max_14d,model_vars_income,-1000000
bank_txn_income_otherincome_category_telecommunications_min_14d,model_vars_income,-1000000
bank_txn_income_otherincome_category_telecommunications_std_14d,model_vars_income,-1000000
bank_txn_income_otherincome_category_telecommunications_cv_14d,model_vars_income,-1000000
bank_txn_income_otherincome_category_transport_sum_14d,model_vars_income,-1000000
bank_txn_income_otherincome_category_transport_count_14d,model_vars_income,-1000000
bank_txn_income_otherincome_category_transport_mean_14d,model_vars_income,-1000000
bank_txn_income_otherincome_category_transport_median_14d,model_vars_income,-1000000
bank_txn_income_otherincome_category_transport_max_14d,model_vars_income,-1000000
bank_txn_income_otherincome_category_transport_min_14d,model_vars_income,-1000000
bank_txn_income_otherincome_category_transport_std_14d,model_vars_income,-1000000
bank_txn_income_otherincome_category_transport_cv_14d,model_vars_income,-1000000
bank_txn_income_otherincome_category_travel_sum_14d,model_vars_income,-1000000
bank_txn_income_otherincome_category_travel_count_14d,model_vars_income,-1000000
bank_txn_income_otherincome_category_travel_mean_14d,model_vars_income,-1000000
bank_txn_income_otherincome_category_travel_median_14d,model_vars_income,-1000000
bank_txn_income_otherincome_category_travel_max_14d,model_vars_income,-1000000
bank_txn_income_otherincome_category_travel_min_14d,model_vars_income,-1000000
bank_txn_income_otherincome_category_travel_std_14d,model_vars_income,-1000000
bank_txn_income_otherincome_category_travel_cv_14d,model_vars_income,-1000000
bank_txn_income_otherincome_category_utilities_sum_14d,model_vars_income,-1000000
bank_txn_income_otherincome_category_utilities_count_14d,model_vars_income,-1000000
bank_txn_income_otherincome_category_utilities_mean_14d,model_vars_income,-1000000
bank_txn_income_otherincome_category_utilities_median_14d,model_vars_income,-1000000
bank_txn_income_otherincome_category_utilities_max_14d,model_vars_income,-1000000
bank_txn_income_otherincome_category_utilities_min_14d,model_vars_income,-1000000
bank_txn_income_otherincome_category_utilities_std_14d,model_vars_income,-1000000
bank_txn_income_otherincome_category_utilities_cv_14d,model_vars_income,-1000000
bank_txn_income_otherincome_category_allothercredits_sum_28d,model_vars_income,-1000000
bank_txn_income_otherincome_category_allothercredits_count_28d,model_vars_income,-1000000
bank_txn_income_otherincome_category_allothercredits_mean_28d,model_vars_income,-1000000
bank_txn_income_otherincome_category_allothercredits_median_28d,model_vars_income,-1000000
bank_txn_income_otherincome_category_allothercredits_max_28d,model_vars_income,-1000000
bank_txn_income_otherincome_category_allothercredits_min_28d,model_vars_income,-1000000
bank_txn_income_otherincome_category_allothercredits_std_28d,model_vars_income,-1000000
bank_txn_income_otherincome_category_allothercredits_cv_28d,model_vars_income,-1000000
bank_txn_income_otherincome_category_automotive_sum_28d,model_vars_income,-1000000
bank_txn_income_otherincome_category_automotive_count_28d,model_vars_income,-1000000
bank_txn_income_otherincome_category_automotive_mean_28d,model_vars_income,-1000000
bank_txn_income_otherincome_category_automotive_median_28d,model_vars_income,-1000000
bank_txn_income_otherincome_category_automotive_max_28d,model_vars_income,-1000000
bank_txn_income_otherincome_category_automotive_min_28d,model_vars_income,-1000000
bank_txn_income_otherincome_category_automotive_std_28d,model_vars_income,-1000000
bank_txn_income_otherincome_category_automotive_cv_28d,model_vars_income,-1000000
bank_txn_income_otherincome_category_departmentstores_sum_28d,model_vars_income,-1000000
bank_txn_income_otherincome_category_departmentstores_count_28d,model_vars_income,-1000000
bank_txn_income_otherincome_category_departmentstores_mean_28d,model_vars_income,-1000000
bank_txn_income_otherincome_category_departmentstores_median_28d,model_vars_income,-1000000
bank_txn_income_otherincome_category_departmentstores_max_28d,model_vars_income,-1000000
bank_txn_income_otherincome_category_departmentstores_min_28d,model_vars_income,-1000000
bank_txn_income_otherincome_category_departmentstores_std_28d,model_vars_income,-1000000
bank_txn_income_otherincome_category_departmentstores_cv_28d,model_vars_income,-1000000
bank_txn_income_otherincome_category_diningout_sum_28d,model_vars_income,-1000000
bank_txn_income_otherincome_category_diningout_count_28d,model_vars_income,-1000000
bank_txn_income_otherincome_category_diningout_mean_28d,model_vars_income,-1000000
bank_txn_income_otherincome_category_diningout_median_28d,model_vars_income,-1000000
bank_txn_income_otherincome_category_diningout_max_28d,model_vars_income,-1000000
bank_txn_income_otherincome_category_diningout_min_28d,model_vars_income,-1000000
bank_txn_income_otherincome_category_diningout_std_28d,model_vars_income,-1000000
bank_txn_income_otherincome_category_diningout_cv_28d,model_vars_income,-1000000
bank_txn_income_otherincome_category_donations_sum_28d,model_vars_income,-1000000
bank_txn_income_otherincome_category_donations_count_28d,model_vars_income,-1000000
bank_txn_income_otherincome_category_donations_mean_28d,model_vars_income,-1000000
bank_txn_income_otherincome_category_donations_median_28d,model_vars_income,-1000000
bank_txn_income_otherincome_category_donations_max_28d,model_vars_income,-1000000
bank_txn_income_otherincome_category_donations_min_28d,model_vars_income,-1000000
bank_txn_income_otherincome_category_donations_std_28d,model_vars_income,-1000000
bank_txn_income_otherincome_category_donations_cv_28d,model_vars_income,-1000000
bank_txn_income_otherincome_category_education_sum_28d,model_vars_income,-1000000
bank_txn_income_otherincome_category_education_count_28d,model_vars_income,-1000000
bank_txn_income_otherincome_category_education_mean_28d,model_vars_income,-1000000
bank_txn_income_otherincome_category_education_median_28d,model_vars_income,-1000000
bank_txn_income_otherincome_category_education_max_28d,model_vars_income,-1000000
bank_txn_income_otherincome_category_education_min_28d,model_vars_income,-1000000
bank_txn_income_otherincome_category_education_std_28d,model_vars_income,-1000000
bank_txn_income_otherincome_category_education_cv_28d,model_vars_income,-1000000
bank_txn_income_otherincome_category_entertainment_sum_28d,model_vars_income,-1000000
bank_txn_income_otherincome_category_entertainment_count_28d,model_vars_income,-1000000
bank_txn_income_otherincome_category_entertainment_mean_28d,model_vars_income,-1000000
bank_txn_income_otherincome_category_entertainment_median_28d,model_vars_income,-1000000
bank_txn_income_otherincome_category_entertainment_max_28d,model_vars_income,-1000000
bank_txn_income_otherincome_category_entertainment_min_28d,model_vars_income,-1000000
bank_txn_income_otherincome_category_entertainment_std_28d,model_vars_income,-1000000
bank_txn_income_otherincome_category_entertainment_cv_28d,model_vars_income,-1000000
bank_txn_income_otherincome_category_fees_sum_28d,model_vars_income,-1000000
bank_txn_income_otherincome_category_fees_count_28d,model_vars_income,-1000000
bank_txn_income_otherincome_category_fees_mean_28d,model_vars_income,-1000000
bank_txn_income_otherincome_category_fees_median_28d,model_vars_income,-1000000
bank_txn_income_otherincome_category_fees_max_28d,model_vars_income,-1000000
bank_txn_income_otherincome_category_fees_min_28d,model_vars_income,-1000000
bank_txn_income_otherincome_category_fees_std_28d,model_vars_income,-1000000
bank_txn_income_otherincome_category_fees_cv_28d,model_vars_income,-1000000
bank_txn_income_otherincome_category_gambling_sum_28d,model_vars_income,-1000000
bank_txn_income_otherincome_category_gambling_count_28d,model_vars_income,-1000000
bank_txn_income_otherincome_category_gambling_mean_28d,model_vars_income,-1000000
bank_txn_income_otherincome_category_gambling_median_28d,model_vars_income,-1000000
bank_txn_income_otherincome_category_gambling_max_28d,model_vars_income,-1000000
bank_txn_income_otherincome_category_gambling_min_28d,model_vars_income,-1000000
bank_txn_income_otherincome_category_gambling_std_28d,model_vars_income,-1000000
bank_txn_income_otherincome_category_gambling_cv_28d,model_vars_income,-1000000
bank_txn_income_otherincome_category_groceries_sum_28d,model_vars_income,-1000000
bank_txn_income_otherincome_category_groceries_count_28d,model_vars_income,-1000000
bank_txn_income_otherincome_category_groceries_mean_28d,model_vars_income,-1000000
bank_txn_income_otherincome_category_groceries_median_28d,model_vars_income,-1000000
bank_txn_income_otherincome_category_groceries_max_28d,model_vars_income,-1000000
bank_txn_income_otherincome_category_groceries_min_28d,model_vars_income,-1000000
bank_txn_income_otherincome_category_groceries_std_28d,model_vars_income,-1000000
bank_txn_income_otherincome_category_groceries_cv_28d,model_vars_income,-1000000
bank_txn_income_otherincome_category_gymsandothermemberships_sum_28d,model_vars_income,-1000000
bank_txn_income_otherincome_category_gymsandothermemberships_count_28d,model_vars_income,-1000000
bank_txn_income_otherincome_category_gymsandothermemberships_mean_28d,model_vars_income,-1000000
bank_txn_income_otherincome_category_gymsandothermemberships_median_28d,model_vars_income,-1000000
bank_txn_income_otherincome_category_gymsandothermemberships_max_28d,model_vars_income,-1000000
bank_txn_income_otherincome_category_gymsandothermemberships_min_28d,model_vars_income,-1000000
bank_txn_income_otherincome_category_gymsandothermemberships_std_28d,model_vars_income,-1000000
bank_txn_income_otherincome_category_gymsandothermemberships_cv_28d,model_vars_income,-1000000
bank_txn_income_otherincome_category_health_sum_28d,model_vars_income,-1000000
bank_txn_income_otherincome_category_health_count_28d,model_vars_income,-1000000
bank_txn_income_otherincome_category_health_mean_28d,model_vars_income,-1000000
bank_txn_income_otherincome_category_health_median_28d,model_vars_income,-1000000
bank_txn_income_otherincome_category_health_max_28d,model_vars_income,-1000000
bank_txn_income_otherincome_category_health_min_28d,model_vars_income,-1000000
bank_txn_income_otherincome_category_health_std_28d,model_vars_income,-1000000
bank_txn_income_otherincome_category_health_cv_28d,model_vars_income,-1000000
bank_txn_income_otherincome_category_homeimprovement_sum_28d,model_vars_income,-1000000
bank_txn_income_otherincome_category_homeimprovement_count_28d,model_vars_income,-1000000
bank_txn_income_otherincome_category_homeimprovement_mean_28d,model_vars_income,-1000000
bank_txn_income_otherincome_category_homeimprovement_median_28d,model_vars_income,-1000000
bank_txn_income_otherincome_category_homeimprovement_max_28d,model_vars_income,-1000000
bank_txn_income_otherincome_category_homeimprovement_min_28d,model_vars_income,-1000000
bank_txn_income_otherincome_category_homeimprovement_std_28d,model_vars_income,-1000000
bank_txn_income_otherincome_category_homeimprovement_cv_28d,model_vars_income,-1000000
bank_txn_income_otherincome_category_insurance_sum_28d,model_vars_income,-1000000
bank_txn_income_otherincome_category_insurance_count_28d,model_vars_income,-1000000
bank_txn_income_otherincome_category_insurance_mean_28d,model_vars_income,-1000000
bank_txn_income_otherincome_category_insurance_median_28d,model_vars_income,-1000000
bank_txn_income_otherincome_category_insurance_max_28d,model_vars_income,-1000000
bank_txn_income_otherincome_category_insurance_min_28d,model_vars_income,-1000000
bank_txn_income_otherincome_category_insurance_std_28d,model_vars_income,-1000000
bank_txn_income_otherincome_category_insurance_cv_28d,model_vars_income,-1000000
bank_txn_income_otherincome_category_internaltransfer_sum_28d,model_vars_income,-1000000
bank_txn_income_otherincome_category_internaltransfer_count_28d,model_vars_income,-1000000
bank_txn_income_otherincome_category_internaltransfer_mean_28d,model_vars_income,-1000000
bank_txn_income_otherincome_category_internaltransfer_median_28d,model_vars_income,-1000000
bank_txn_income_otherincome_category_internaltransfer_max_28d,model_vars_income,-1000000
bank_txn_income_otherincome_category_internaltransfer_min_28d,model_vars_income,-1000000
bank_txn_income_otherincome_category_internaltransfer_std_28d,model_vars_income,-1000000
bank_txn_income_otherincome_category_internaltransfer_cv_28d,model_vars_income,-1000000
bank_txn_income_otherincome_category_overdrawn_sum_28d,model_vars_income,-1000000
bank_txn_income_otherincome_category_overdrawn_count_28d,model_vars_income,-1000000
bank_txn_income_otherincome_category_overdrawn_mean_28d,model_vars_income,-1000000
bank_txn_income_otherincome_category_overdrawn_median_28d,model_vars_income,-1000000
bank_txn_income_otherincome_category_overdrawn_max_28d,model_vars_income,-1000000
bank_txn_income_otherincome_category_overdrawn_min_28d,model_vars_income,-1000000
bank_txn_income_otherincome_category_overdrawn_std_28d,model_vars_income,-1000000
bank_txn_income_otherincome_category_overdrawn_cv_28d,model_vars_income,-1000000
bank_txn_income_otherincome_category_personalcare_sum_28d,model_vars_income,-1000000
bank_txn_income_otherincome_category_personalcare_count_28d,model_vars_income,-1000000
bank_txn_income_otherincome_category_personalcare_mean_28d,model_vars_income,-1000000
bank_txn_income_otherincome_category_personalcare_median_28d,model_vars_income,-1000000
bank_txn_income_otherincome_category_personalcare_max_28d,model_vars_income,-1000000
bank_txn_income_otherincome_category_personalcare_min_28d,model_vars_income,-1000000
bank_txn_income_otherincome_category_personalcare_std_28d,model_vars_income,-1000000
bank_txn_income_otherincome_category_personalcare_cv_28d,model_vars_income,-1000000
bank_txn_income_otherincome_category_petcare_sum_28d,model_vars_income,-1000000
bank_txn_income_otherincome_category_petcare_count_28d,model_vars_income,-1000000
bank_txn_income_otherincome_category_petcare_mean_28d,model_vars_income,-1000000
bank_txn_income_otherincome_category_petcare_median_28d,model_vars_income,-1000000
bank_txn_income_otherincome_category_petcare_max_28d,model_vars_income,-1000000
bank_txn_income_otherincome_category_petcare_min_28d,model_vars_income,-1000000
bank_txn_income_otherincome_category_petcare_std_28d,model_vars_income,-1000000
bank_txn_income_otherincome_category_petcare_cv_28d,model_vars_income,-1000000
bank_txn_income_otherincome_category_rent_sum_28d,model_vars_income,-1000000
bank_txn_income_otherincome_category_rent_count_28d,model_vars_income,-1000000
bank_txn_income_otherincome_category_rent_mean_28d,model_vars_income,-1000000
bank_txn_income_otherincome_category_rent_median_28d,model_vars_income,-1000000
bank_txn_income_otherincome_category_rent_max_28d,model_vars_income,-1000000
bank_txn_income_otherincome_category_rent_min_28d,model_vars_income,-1000000
bank_txn_income_otherincome_category_rent_std_28d,model_vars_income,-1000000
bank_txn_income_otherincome_category_rent_cv_28d,model_vars_income,-1000000
bank_txn_income_otherincome_category_retail_sum_28d,model_vars_income,-1000000
bank_txn_income_otherincome_category_retail_count_28d,model_vars_income,-1000000
bank_txn_income_otherincome_category_retail_mean_28d,model_vars_income,-1000000
bank_txn_income_otherincome_category_retail_median_28d,model_vars_income,-1000000
bank_txn_income_otherincome_category_retail_max_28d,model_vars_income,-1000000
bank_txn_income_otherincome_category_retail_min_28d,model_vars_income,-1000000
bank_txn_income_otherincome_category_retail_std_28d,model_vars_income,-1000000
bank_txn_income_otherincome_category_retail_cv_28d,model_vars_income,-1000000
bank_txn_income_otherincome_category_subscriptiontv_sum_28d,model_vars_income,-1000000
bank_txn_income_otherincome_category_subscriptiontv_count_28d,model_vars_income,-1000000
bank_txn_income_otherincome_category_subscriptiontv_mean_28d,model_vars_income,-1000000
bank_txn_income_otherincome_category_subscriptiontv_median_28d,model_vars_income,-1000000
bank_txn_income_otherincome_category_subscriptiontv_max_28d,model_vars_income,-1000000
bank_txn_income_otherincome_category_subscriptiontv_min_28d,model_vars_income,-1000000
bank_txn_income_otherincome_category_subscriptiontv_std_28d,model_vars_income,-1000000
bank_txn_income_otherincome_category_subscriptiontv_cv_28d,model_vars_income,-1000000
bank_txn_income_otherincome_category_telecommunications_sum_28d,model_vars_income,-1000000
bank_txn_income_otherincome_category_telecommunications_count_28d,model_vars_income,-1000000
bank_txn_income_otherincome_category_telecommunications_mean_28d,model_vars_income,-1000000
bank_txn_income_otherincome_category_telecommunications_median_28d,model_vars_income,-1000000
bank_txn_income_otherincome_category_telecommunications_max_28d,model_vars_income,-1000000
bank_txn_income_otherincome_category_telecommunications_min_28d,model_vars_income,-1000000
bank_txn_income_otherincome_category_telecommunications_std_28d,model_vars_income,-1000000
bank_txn_income_otherincome_category_telecommunications_cv_28d,model_vars_income,-1000000
bank_txn_income_otherincome_category_transport_sum_28d,model_vars_income,-1000000
bank_txn_income_otherincome_category_transport_count_28d,model_vars_income,-1000000
bank_txn_income_otherincome_category_transport_mean_28d,model_vars_income,-1000000
bank_txn_income_otherincome_category_transport_median_28d,model_vars_income,-1000000
bank_txn_income_otherincome_category_transport_max_28d,model_vars_income,-1000000
bank_txn_income_otherincome_category_transport_min_28d,model_vars_income,-1000000
bank_txn_income_otherincome_category_transport_std_28d,model_vars_income,-1000000
bank_txn_income_otherincome_category_transport_cv_28d,model_vars_income,-1000000
bank_txn_income_otherincome_category_travel_sum_28d,model_vars_income,-1000000
bank_txn_income_otherincome_category_travel_count_28d,model_vars_income,-1000000
bank_txn_income_otherincome_category_travel_mean_28d,model_vars_income,-1000000
bank_txn_income_otherincome_category_travel_median_28d,model_vars_income,-1000000
bank_txn_income_otherincome_category_travel_max_28d,model_vars_income,-1000000
bank_txn_income_otherincome_category_travel_min_28d,model_vars_income,-1000000
bank_txn_income_otherincome_category_travel_std_28d,model_vars_income,-1000000
bank_txn_income_otherincome_category_travel_cv_28d,model_vars_income,-1000000
bank_txn_income_otherincome_category_utilities_sum_28d,model_vars_income,-1000000
bank_txn_income_otherincome_category_utilities_count_28d,model_vars_income,-1000000
bank_txn_income_otherincome_category_utilities_mean_28d,model_vars_income,-1000000
bank_txn_income_otherincome_category_utilities_median_28d,model_vars_income,-1000000
bank_txn_income_otherincome_category_utilities_max_28d,model_vars_income,-1000000
bank_txn_income_otherincome_category_utilities_min_28d,model_vars_income,-1000000
bank_txn_income_otherincome_category_utilities_std_28d,model_vars_income,-1000000
bank_txn_income_otherincome_category_utilities_cv_28d,model_vars_income,-1000000
bank_txn_income_otherincome_category_allothercredits_sum_56d,model_vars_income,-1000000
bank_txn_income_otherincome_category_allothercredits_count_56d,model_vars_income,-1000000
bank_txn_income_otherincome_category_allothercredits_mean_56d,model_vars_income,-1000000
bank_txn_income_otherincome_category_allothercredits_median_56d,model_vars_income,-1000000
bank_txn_income_otherincome_category_allothercredits_max_56d,model_vars_income,-1000000
bank_txn_income_otherincome_category_allothercredits_min_56d,model_vars_income,-1000000
bank_txn_income_otherincome_category_allothercredits_std_56d,model_vars_income,-1000000
bank_txn_income_otherincome_category_allothercredits_cv_56d,model_vars_income,-1000000
bank_txn_income_otherincome_category_automotive_sum_56d,model_vars_income,-1000000
bank_txn_income_otherincome_category_automotive_count_56d,model_vars_income,-1000000
bank_txn_income_otherincome_category_automotive_mean_56d,model_vars_income,-1000000
bank_txn_income_otherincome_category_automotive_median_56d,model_vars_income,-1000000
bank_txn_income_otherincome_category_automotive_max_56d,model_vars_income,-1000000
bank_txn_income_otherincome_category_automotive_min_56d,model_vars_income,-1000000
bank_txn_income_otherincome_category_automotive_std_56d,model_vars_income,-1000000
bank_txn_income_otherincome_category_automotive_cv_56d,model_vars_income,-1000000
bank_txn_income_otherincome_category_departmentstores_sum_56d,model_vars_income,-1000000
bank_txn_income_otherincome_category_departmentstores_count_56d,model_vars_income,-1000000
bank_txn_income_otherincome_category_departmentstores_mean_56d,model_vars_income,-1000000
bank_txn_income_otherincome_category_departmentstores_median_56d,model_vars_income,-1000000
bank_txn_income_otherincome_category_departmentstores_max_56d,model_vars_income,-1000000
bank_txn_income_otherincome_category_departmentstores_min_56d,model_vars_income,-1000000
bank_txn_income_otherincome_category_departmentstores_std_56d,model_vars_income,-1000000
bank_txn_income_otherincome_category_departmentstores_cv_56d,model_vars_income,-1000000
bank_txn_income_otherincome_category_diningout_sum_56d,model_vars_income,-1000000
bank_txn_income_otherincome_category_diningout_count_56d,model_vars_income,-1000000
bank_txn_income_otherincome_category_diningout_mean_56d,model_vars_income,-1000000
bank_txn_income_otherincome_category_diningout_median_56d,model_vars_income,-1000000
bank_txn_income_otherincome_category_diningout_max_56d,model_vars_income,-1000000
bank_txn_income_otherincome_category_diningout_min_56d,model_vars_income,-1000000
bank_txn_income_otherincome_category_diningout_std_56d,model_vars_income,-1000000
bank_txn_income_otherincome_category_diningout_cv_56d,model_vars_income,-1000000
bank_txn_income_otherincome_category_donations_sum_56d,model_vars_income,-1000000
bank_txn_income_otherincome_category_donations_count_56d,model_vars_income,-1000000
bank_txn_income_otherincome_category_donations_mean_56d,model_vars_income,-1000000
bank_txn_income_otherincome_category_donations_median_56d,model_vars_income,-1000000
bank_txn_income_otherincome_category_donations_max_56d,model_vars_income,-1000000
bank_txn_income_otherincome_category_donations_min_56d,model_vars_income,-1000000
bank_txn_income_otherincome_category_donations_std_56d,model_vars_income,-1000000
bank_txn_income_otherincome_category_donations_cv_56d,model_vars_income,-1000000
bank_txn_income_otherincome_category_education_sum_56d,model_vars_income,-1000000
bank_txn_income_otherincome_category_education_count_56d,model_vars_income,-1000000
bank_txn_income_otherincome_category_education_mean_56d,model_vars_income,-1000000
bank_txn_income_otherincome_category_education_median_56d,model_vars_income,-1000000
bank_txn_income_otherincome_category_education_max_56d,model_vars_income,-1000000
bank_txn_income_otherincome_category_education_min_56d,model_vars_income,-1000000
bank_txn_income_otherincome_category_education_std_56d,model_vars_income,-1000000
bank_txn_income_otherincome_category_education_cv_56d,model_vars_income,-1000000
bank_txn_income_otherincome_category_entertainment_sum_56d,model_vars_income,-1000000
bank_txn_income_otherincome_category_entertainment_count_56d,model_vars_income,-1000000
bank_txn_income_otherincome_category_entertainment_mean_56d,model_vars_income,-1000000
bank_txn_income_otherincome_category_entertainment_median_56d,model_vars_income,-1000000
bank_txn_income_otherincome_category_entertainment_max_56d,model_vars_income,-1000000
bank_txn_income_otherincome_category_entertainment_min_56d,model_vars_income,-1000000
bank_txn_income_otherincome_category_entertainment_std_56d,model_vars_income,-1000000
bank_txn_income_otherincome_category_entertainment_cv_56d,model_vars_income,-1000000
bank_txn_income_otherincome_category_fees_sum_56d,model_vars_income,-1000000
bank_txn_income_otherincome_category_fees_count_56d,model_vars_income,-1000000
bank_txn_income_otherincome_category_fees_mean_56d,model_vars_income,-1000000
bank_txn_income_otherincome_category_fees_median_56d,model_vars_income,-1000000
bank_txn_income_otherincome_category_fees_max_56d,model_vars_income,-1000000
bank_txn_income_otherincome_category_fees_min_56d,model_vars_income,-1000000
bank_txn_income_otherincome_category_fees_std_56d,model_vars_income,-1000000
bank_txn_income_otherincome_category_fees_cv_56d,model_vars_income,-1000000
bank_txn_income_otherincome_category_gambling_sum_56d,model_vars_income,-1000000
bank_txn_income_otherincome_category_gambling_count_56d,model_vars_income,-1000000
bank_txn_income_otherincome_category_gambling_mean_56d,model_vars_income,-1000000
bank_txn_income_otherincome_category_gambling_median_56d,model_vars_income,-1000000
bank_txn_income_otherincome_category_gambling_max_56d,model_vars_income,-1000000
bank_txn_income_otherincome_category_gambling_min_56d,model_vars_income,-1000000
bank_txn_income_otherincome_category_gambling_std_56d,model_vars_income,-1000000
bank_txn_income_otherincome_category_gambling_cv_56d,model_vars_income,-1000000
bank_txn_income_otherincome_category_groceries_sum_56d,model_vars_income,-1000000
bank_txn_income_otherincome_category_groceries_count_56d,model_vars_income,-1000000
bank_txn_income_otherincome_category_groceries_mean_56d,model_vars_income,-1000000
bank_txn_income_otherincome_category_groceries_median_56d,model_vars_income,-1000000
bank_txn_income_otherincome_category_groceries_max_56d,model_vars_income,-1000000
bank_txn_income_otherincome_category_groceries_min_56d,model_vars_income,-1000000
bank_txn_income_otherincome_category_groceries_std_56d,model_vars_income,-1000000
bank_txn_income_otherincome_category_groceries_cv_56d,model_vars_income,-1000000
bank_txn_income_otherincome_category_gymsandothermemberships_sum_56d,model_vars_income,-1000000
bank_txn_income_otherincome_category_gymsandothermemberships_count_56d,model_vars_income,-1000000
bank_txn_income_otherincome_category_gymsandothermemberships_mean_56d,model_vars_income,-1000000
bank_txn_income_otherincome_category_gymsandothermemberships_median_56d,model_vars_income,-1000000
bank_txn_income_otherincome_category_gymsandothermemberships_max_56d,model_vars_income,-1000000
bank_txn_income_otherincome_category_gymsandothermemberships_min_56d,model_vars_income,-1000000
bank_txn_income_otherincome_category_gymsandothermemberships_std_56d,model_vars_income,-1000000
bank_txn_income_otherincome_category_gymsandothermemberships_cv_56d,model_vars_income,-1000000
bank_txn_income_otherincome_category_health_sum_56d,model_vars_income,-1000000
bank_txn_income_otherincome_category_health_count_56d,model_vars_income,-1000000
bank_txn_income_otherincome_category_health_mean_56d,model_vars_income,-1000000
bank_txn_income_otherincome_category_health_median_56d,model_vars_income,-1000000
bank_txn_income_otherincome_category_health_max_56d,model_vars_income,-1000000
bank_txn_income_otherincome_category_health_min_56d,model_vars_income,-1000000
bank_txn_income_otherincome_category_health_std_56d,model_vars_income,-1000000
bank_txn_income_otherincome_category_health_cv_56d,model_vars_income,-1000000
bank_txn_income_otherincome_category_homeimprovement_sum_56d,model_vars_income,-1000000
bank_txn_income_otherincome_category_homeimprovement_count_56d,model_vars_income,-1000000
bank_txn_income_otherincome_category_homeimprovement_mean_56d,model_vars_income,-1000000
bank_txn_income_otherincome_category_homeimprovement_median_56d,model_vars_income,-1000000
bank_txn_income_otherincome_category_homeimprovement_max_56d,model_vars_income,-1000000
bank_txn_income_otherincome_category_homeimprovement_min_56d,model_vars_income,-1000000
bank_txn_income_otherincome_category_homeimprovement_std_56d,model_vars_income,-1000000
bank_txn_income_otherincome_category_homeimprovement_cv_56d,model_vars_income,-1000000
bank_txn_income_otherincome_category_insurance_sum_56d,model_vars_income,-1000000
bank_txn_income_otherincome_category_insurance_count_56d,model_vars_income,-1000000
bank_txn_income_otherincome_category_insurance_mean_56d,model_vars_income,-1000000
bank_txn_income_otherincome_category_insurance_median_56d,model_vars_income,-1000000
bank_txn_income_otherincome_category_insurance_max_56d,model_vars_income,-1000000
bank_txn_income_otherincome_category_insurance_min_56d,model_vars_income,-1000000
bank_txn_income_otherincome_category_insurance_std_56d,model_vars_income,-1000000
bank_txn_income_otherincome_category_insurance_cv_56d,model_vars_income,-1000000
bank_txn_income_otherincome_category_internaltransfer_sum_56d,model_vars_income,-1000000
bank_txn_income_otherincome_category_internaltransfer_count_56d,model_vars_income,-1000000
bank_txn_income_otherincome_category_internaltransfer_mean_56d,model_vars_income,-1000000
bank_txn_income_otherincome_category_internaltransfer_median_56d,model_vars_income,-1000000
bank_txn_income_otherincome_category_internaltransfer_max_56d,model_vars_income,-1000000
bank_txn_income_otherincome_category_internaltransfer_min_56d,model_vars_income,-1000000
bank_txn_income_otherincome_category_internaltransfer_std_56d,model_vars_income,-1000000
bank_txn_income_otherincome_category_internaltransfer_cv_56d,model_vars_income,-1000000
bank_txn_income_otherincome_category_overdrawn_sum_56d,model_vars_income,-1000000
bank_txn_income_otherincome_category_overdrawn_count_56d,model_vars_income,-1000000
bank_txn_income_otherincome_category_overdrawn_mean_56d,model_vars_income,-1000000
bank_txn_income_otherincome_category_overdrawn_median_56d,model_vars_income,-1000000
bank_txn_income_otherincome_category_overdrawn_max_56d,model_vars_income,-1000000
bank_txn_income_otherincome_category_overdrawn_min_56d,model_vars_income,-1000000
bank_txn_income_otherincome_category_overdrawn_std_56d,model_vars_income,-1000000
bank_txn_income_otherincome_category_overdrawn_cv_56d,model_vars_income,-1000000
bank_txn_income_otherincome_category_personalcare_sum_56d,model_vars_income,-1000000
bank_txn_income_otherincome_category_personalcare_count_56d,model_vars_income,-1000000
bank_txn_income_otherincome_category_personalcare_mean_56d,model_vars_income,-1000000
bank_txn_income_otherincome_category_personalcare_median_56d,model_vars_income,-1000000
bank_txn_income_otherincome_category_personalcare_max_56d,model_vars_income,-1000000
bank_txn_income_otherincome_category_personalcare_min_56d,model_vars_income,-1000000
bank_txn_income_otherincome_category_personalcare_std_56d,model_vars_income,-1000000
bank_txn_income_otherincome_category_personalcare_cv_56d,model_vars_income,-1000000
bank_txn_income_otherincome_category_petcare_sum_56d,model_vars_income,-1000000
bank_txn_income_otherincome_category_petcare_count_56d,model_vars_income,-1000000
bank_txn_income_otherincome_category_petcare_mean_56d,model_vars_income,-1000000
bank_txn_income_otherincome_category_petcare_median_56d,model_vars_income,-1000000
bank_txn_income_otherincome_category_petcare_max_56d,model_vars_income,-1000000
bank_txn_income_otherincome_category_petcare_min_56d,model_vars_income,-1000000
bank_txn_income_otherincome_category_petcare_std_56d,model_vars_income,-1000000
bank_txn_income_otherincome_category_petcare_cv_56d,model_vars_income,-1000000
bank_txn_income_otherincome_category_rent_sum_56d,model_vars_income,-1000000
bank_txn_income_otherincome_category_rent_count_56d,model_vars_income,-1000000
bank_txn_income_otherincome_category_rent_mean_56d,model_vars_income,-1000000
bank_txn_income_otherincome_category_rent_median_56d,model_vars_income,-1000000
bank_txn_income_otherincome_category_rent_max_56d,model_vars_income,-1000000
bank_txn_income_otherincome_category_rent_min_56d,model_vars_income,-1000000
bank_txn_income_otherincome_category_rent_std_56d,model_vars_income,-1000000
bank_txn_income_otherincome_category_rent_cv_56d,model_vars_income,-1000000
bank_txn_income_otherincome_category_retail_sum_56d,model_vars_income,-1000000
bank_txn_income_otherincome_category_retail_count_56d,model_vars_income,-1000000
bank_txn_income_otherincome_category_retail_mean_56d,model_vars_income,-1000000
bank_txn_income_otherincome_category_retail_median_56d,model_vars_income,-1000000
bank_txn_income_otherincome_category_retail_max_56d,model_vars_income,-1000000
bank_txn_income_otherincome_category_retail_min_56d,model_vars_income,-1000000
bank_txn_income_otherincome_category_retail_std_56d,model_vars_income,-1000000
bank_txn_income_otherincome_category_retail_cv_56d,model_vars_income,-1000000
bank_txn_income_otherincome_category_subscriptiontv_sum_56d,model_vars_income,-1000000
bank_txn_income_otherincome_category_subscriptiontv_count_56d,model_vars_income,-1000000
bank_txn_income_otherincome_category_subscriptiontv_mean_56d,model_vars_income,-1000000
bank_txn_income_otherincome_category_subscriptiontv_median_56d,model_vars_income,-1000000
bank_txn_income_otherincome_category_subscriptiontv_max_56d,model_vars_income,-1000000
bank_txn_income_otherincome_category_subscriptiontv_min_56d,model_vars_income,-1000000
bank_txn_income_otherincome_category_subscriptiontv_std_56d,model_vars_income,-1000000
bank_txn_income_otherincome_category_subscriptiontv_cv_56d,model_vars_income,-1000000
bank_txn_income_otherincome_category_telecommunications_sum_56d,model_vars_income,-1000000
bank_txn_income_otherincome_category_telecommunications_count_56d,model_vars_income,-1000000
bank_txn_income_otherincome_category_telecommunications_mean_56d,model_vars_income,-1000000
bank_txn_income_otherincome_category_telecommunications_median_56d,model_vars_income,-1000000
bank_txn_income_otherincome_category_telecommunications_max_56d,model_vars_income,-1000000
bank_txn_income_otherincome_category_telecommunications_min_56d,model_vars_income,-1000000
bank_txn_income_otherincome_category_telecommunications_std_56d,model_vars_income,-1000000
bank_txn_income_otherincome_category_telecommunications_cv_56d,model_vars_income,-1000000
bank_txn_income_otherincome_category_transport_sum_56d,model_vars_income,-1000000
bank_txn_income_otherincome_category_transport_count_56d,model_vars_income,-1000000
bank_txn_income_otherincome_category_transport_mean_56d,model_vars_income,-1000000
bank_txn_income_otherincome_category_transport_median_56d,model_vars_income,-1000000
bank_txn_income_otherincome_category_transport_max_56d,model_vars_income,-1000000
bank_txn_income_otherincome_category_transport_min_56d,model_vars_income,-1000000
bank_txn_income_otherincome_category_transport_std_56d,model_vars_income,-1000000
bank_txn_income_otherincome_category_transport_cv_56d,model_vars_income,-1000000
bank_txn_income_otherincome_category_travel_sum_56d,model_vars_income,-1000000
bank_txn_income_otherincome_category_travel_count_56d,model_vars_income,-1000000
bank_txn_income_otherincome_category_travel_mean_56d,model_vars_income,-1000000
bank_txn_income_otherincome_category_travel_median_56d,model_vars_income,-1000000
bank_txn_income_otherincome_category_travel_max_56d,model_vars_income,-1000000
bank_txn_income_otherincome_category_travel_min_56d,model_vars_income,-1000000
bank_txn_income_otherincome_category_travel_std_56d,model_vars_income,-1000000
bank_txn_income_otherincome_category_travel_cv_56d,model_vars_income,-1000000
bank_txn_income_otherincome_category_utilities_sum_56d,model_vars_income,-1000000
bank_txn_income_otherincome_category_utilities_count_56d,model_vars_income,-1000000
bank_txn_income_otherincome_category_utilities_mean_56d,model_vars_income,-1000000
bank_txn_income_otherincome_category_utilities_median_56d,model_vars_income,-1000000
bank_txn_income_otherincome_category_utilities_max_56d,model_vars_income,-1000000
bank_txn_income_otherincome_category_utilities_min_56d,model_vars_income,-1000000
bank_txn_income_otherincome_category_utilities_std_56d,model_vars_income,-1000000
bank_txn_income_otherincome_category_utilities_cv_56d,model_vars_income,-1000000
bank_txn_income_otherincome_category_allothercredits_sum_84d,model_vars_income,-1000000
bank_txn_income_otherincome_category_allothercredits_count_84d,model_vars_income,-1000000
bank_txn_income_otherincome_category_allothercredits_mean_84d,model_vars_income,-1000000
bank_txn_income_otherincome_category_allothercredits_median_84d,model_vars_income,-1000000
bank_txn_income_otherincome_category_allothercredits_max_84d,model_vars_income,-1000000
bank_txn_income_otherincome_category_allothercredits_min_84d,model_vars_income,-1000000
bank_txn_income_otherincome_category_allothercredits_std_84d,model_vars_income,-1000000
bank_txn_income_otherincome_category_allothercredits_cv_84d,model_vars_income,-1000000
bank_txn_income_otherincome_category_automotive_sum_84d,model_vars_income,-1000000
bank_txn_income_otherincome_category_automotive_count_84d,model_vars_income,-1000000
bank_txn_income_otherincome_category_automotive_mean_84d,model_vars_income,-1000000
bank_txn_income_otherincome_category_automotive_median_84d,model_vars_income,-1000000
bank_txn_income_otherincome_category_automotive_max_84d,model_vars_income,-1000000
bank_txn_income_otherincome_category_automotive_min_84d,model_vars_income,-1000000
bank_txn_income_otherincome_category_automotive_std_84d,model_vars_income,-1000000
bank_txn_income_otherincome_category_automotive_cv_84d,model_vars_income,-1000000
bank_txn_income_otherincome_category_departmentstores_sum_84d,model_vars_income,-1000000
bank_txn_income_otherincome_category_departmentstores_count_84d,model_vars_income,-1000000
bank_txn_income_otherincome_category_departmentstores_mean_84d,model_vars_income,-1000000
bank_txn_income_otherincome_category_departmentstores_median_84d,model_vars_income,-1000000
bank_txn_income_otherincome_category_departmentstores_max_84d,model_vars_income,-1000000
bank_txn_income_otherincome_category_departmentstores_min_84d,model_vars_income,-1000000
bank_txn_income_otherincome_category_departmentstores_std_84d,model_vars_income,-1000000
bank_txn_income_otherincome_category_departmentstores_cv_84d,model_vars_income,-1000000
bank_txn_income_otherincome_category_diningout_sum_84d,model_vars_income,-1000000
bank_txn_income_otherincome_category_diningout_count_84d,model_vars_income,-1000000
bank_txn_income_otherincome_category_diningout_mean_84d,model_vars_income,-1000000
bank_txn_income_otherincome_category_diningout_median_84d,model_vars_income,-1000000
bank_txn_income_otherincome_category_diningout_max_84d,model_vars_income,-1000000
bank_txn_income_otherincome_category_diningout_min_84d,model_vars_income,-1000000
bank_txn_income_otherincome_category_diningout_std_84d,model_vars_income,-1000000
bank_txn_income_otherincome_category_diningout_cv_84d,model_vars_income,-1000000
bank_txn_income_otherincome_category_donations_sum_84d,model_vars_income,-1000000
bank_txn_income_otherincome_category_donations_count_84d,model_vars_income,-1000000
bank_txn_income_otherincome_category_donations_mean_84d,model_vars_income,-1000000
bank_txn_income_otherincome_category_donations_median_84d,model_vars_income,-1000000
bank_txn_income_otherincome_category_donations_max_84d,model_vars_income,-1000000
bank_txn_income_otherincome_category_donations_min_84d,model_vars_income,-1000000
bank_txn_income_otherincome_category_donations_std_84d,model_vars_income,-1000000
bank_txn_income_otherincome_category_donations_cv_84d,model_vars_income,-1000000
bank_txn_income_otherincome_category_education_sum_84d,model_vars_income,-1000000
bank_txn_income_otherincome_category_education_count_84d,model_vars_income,-1000000
bank_txn_income_otherincome_category_education_mean_84d,model_vars_income,-1000000
bank_txn_income_otherincome_category_education_median_84d,model_vars_income,-1000000
bank_txn_income_otherincome_category_education_max_84d,model_vars_income,-1000000
bank_txn_income_otherincome_category_education_min_84d,model_vars_income,-1000000
bank_txn_income_otherincome_category_education_std_84d,model_vars_income,-1000000
bank_txn_income_otherincome_category_education_cv_84d,model_vars_income,-1000000
bank_txn_income_otherincome_category_entertainment_sum_84d,model_vars_income,-1000000
bank_txn_income_otherincome_category_entertainment_count_84d,model_vars_income,-1000000
bank_txn_income_otherincome_category_entertainment_mean_84d,model_vars_income,-1000000
bank_txn_income_otherincome_category_entertainment_median_84d,model_vars_income,-1000000
bank_txn_income_otherincome_category_entertainment_max_84d,model_vars_income,-1000000
bank_txn_income_otherincome_category_entertainment_min_84d,model_vars_income,-1000000
bank_txn_income_otherincome_category_entertainment_std_84d,model_vars_income,-1000000
bank_txn_income_otherincome_category_entertainment_cv_84d,model_vars_income,-1000000
bank_txn_income_otherincome_category_fees_sum_84d,model_vars_income,-1000000
bank_txn_income_otherincome_category_fees_count_84d,model_vars_income,-1000000
bank_txn_income_otherincome_category_fees_mean_84d,model_vars_income,-1000000
bank_txn_income_otherincome_category_fees_median_84d,model_vars_income,-1000000
bank_txn_income_otherincome_category_fees_max_84d,model_vars_income,-1000000
bank_txn_income_otherincome_category_fees_min_84d,model_vars_income,-1000000
bank_txn_income_otherincome_category_fees_std_84d,model_vars_income,-1000000
bank_txn_income_otherincome_category_fees_cv_84d,model_vars_income,-1000000
bank_txn_income_otherincome_category_gambling_sum_84d,model_vars_income,-1000000
bank_txn_income_otherincome_category_gambling_count_84d,model_vars_income,-1000000
bank_txn_income_otherincome_category_gambling_mean_84d,model_vars_income,-1000000
bank_txn_income_otherincome_category_gambling_median_84d,model_vars_income,-1000000
bank_txn_income_otherincome_category_gambling_max_84d,model_vars_income,-1000000
bank_txn_income_otherincome_category_gambling_min_84d,model_vars_income,-1000000
bank_txn_income_otherincome_category_gambling_std_84d,model_vars_income,-1000000
bank_txn_income_otherincome_category_gambling_cv_84d,model_vars_income,-1000000
bank_txn_income_otherincome_category_groceries_sum_84d,model_vars_income,-1000000
bank_txn_income_otherincome_category_groceries_count_84d,model_vars_income,-1000000
bank_txn_income_otherincome_category_groceries_mean_84d,model_vars_income,-1000000
bank_txn_income_otherincome_category_groceries_median_84d,model_vars_income,-1000000
bank_txn_income_otherincome_category_groceries_max_84d,model_vars_income,-1000000
bank_txn_income_otherincome_category_groceries_min_84d,model_vars_income,-1000000
bank_txn_income_otherincome_category_groceries_std_84d,model_vars_income,-1000000
bank_txn_income_otherincome_category_groceries_cv_84d,model_vars_income,-1000000
bank_txn_income_otherincome_category_gymsandothermemberships_sum_84d,model_vars_income,-1000000
bank_txn_income_otherincome_category_gymsandothermemberships_count_84d,model_vars_income,-1000000
bank_txn_income_otherincome_category_gymsandothermemberships_mean_84d,model_vars_income,-1000000
bank_txn_income_otherincome_category_gymsandothermemberships_median_84d,model_vars_income,-1000000
bank_txn_income_otherincome_category_gymsandothermemberships_max_84d,model_vars_income,-1000000
bank_txn_income_otherincome_category_gymsandothermemberships_min_84d,model_vars_income,-1000000
bank_txn_income_otherincome_category_gymsandothermemberships_std_84d,model_vars_income,-1000000
bank_txn_income_otherincome_category_gymsandothermemberships_cv_84d,model_vars_income,-1000000
bank_txn_income_otherincome_category_health_sum_84d,model_vars_income,-1000000
bank_txn_income_otherincome_category_health_count_84d,model_vars_income,-1000000
bank_txn_income_otherincome_category_health_mean_84d,model_vars_income,-1000000
bank_txn_income_otherincome_category_health_median_84d,model_vars_income,-1000000
bank_txn_income_otherincome_category_health_max_84d,model_vars_income,-1000000
bank_txn_income_otherincome_category_health_min_84d,model_vars_income,-1000000
bank_txn_income_otherincome_category_health_std_84d,model_vars_income,-1000000
bank_txn_income_otherincome_category_health_cv_84d,model_vars_income,-1000000
bank_txn_income_otherincome_category_homeimprovement_sum_84d,model_vars_income,-1000000
bank_txn_income_otherincome_category_homeimprovement_count_84d,model_vars_income,-1000000
bank_txn_income_otherincome_category_homeimprovement_mean_84d,model_vars_income,-1000000
bank_txn_income_otherincome_category_homeimprovement_median_84d,model_vars_income,-1000000
bank_txn_income_otherincome_category_homeimprovement_max_84d,model_vars_income,-1000000
bank_txn_income_otherincome_category_homeimprovement_min_84d,model_vars_income,-1000000
bank_txn_income_otherincome_category_homeimprovement_std_84d,model_vars_income,-1000000
bank_txn_income_otherincome_category_homeimprovement_cv_84d,model_vars_income,-1000000
bank_txn_income_otherincome_category_insurance_sum_84d,model_vars_income,-1000000
bank_txn_income_otherincome_category_insurance_count_84d,model_vars_income,-1000000
bank_txn_income_otherincome_category_insurance_mean_84d,model_vars_income,-1000000
bank_txn_income_otherincome_category_insurance_median_84d,model_vars_income,-1000000
bank_txn_income_otherincome_category_insurance_max_84d,model_vars_income,-1000000
bank_txn_income_otherincome_category_insurance_min_84d,model_vars_income,-1000000
bank_txn_income_otherincome_category_insurance_std_84d,model_vars_income,-1000000
bank_txn_income_otherincome_category_insurance_cv_84d,model_vars_income,-1000000
bank_txn_income_otherincome_category_internaltransfer_sum_84d,model_vars_income,-1000000
bank_txn_income_otherincome_category_internaltransfer_count_84d,model_vars_income,-1000000
bank_txn_income_otherincome_category_internaltransfer_mean_84d,model_vars_income,-1000000
bank_txn_income_otherincome_category_internaltransfer_median_84d,model_vars_income,-1000000
bank_txn_income_otherincome_category_internaltransfer_max_84d,model_vars_income,-1000000
bank_txn_income_otherincome_category_internaltransfer_min_84d,model_vars_income,-1000000
bank_txn_income_otherincome_category_internaltransfer_std_84d,model_vars_income,-1000000
bank_txn_income_otherincome_category_internaltransfer_cv_84d,model_vars_income,-1000000
bank_txn_income_otherincome_category_overdrawn_sum_84d,model_vars_income,-1000000
bank_txn_income_otherincome_category_overdrawn_count_84d,model_vars_income,-1000000
bank_txn_income_otherincome_category_overdrawn_mean_84d,model_vars_income,-1000000
bank_txn_income_otherincome_category_overdrawn_median_84d,model_vars_income,-1000000
bank_txn_income_otherincome_category_overdrawn_max_84d,model_vars_income,-1000000
bank_txn_income_otherincome_category_overdrawn_min_84d,model_vars_income,-1000000
bank_txn_income_otherincome_category_overdrawn_std_84d,model_vars_income,-1000000
bank_txn_income_otherincome_category_overdrawn_cv_84d,model_vars_income,-1000000
bank_txn_income_otherincome_category_personalcare_sum_84d,model_vars_income,-1000000
bank_txn_income_otherincome_category_personalcare_count_84d,model_vars_income,-1000000
bank_txn_income_otherincome_category_personalcare_mean_84d,model_vars_income,-1000000
bank_txn_income_otherincome_category_personalcare_median_84d,model_vars_income,-1000000
bank_txn_income_otherincome_category_personalcare_max_84d,model_vars_income,-1000000
bank_txn_income_otherincome_category_personalcare_min_84d,model_vars_income,-1000000
bank_txn_income_otherincome_category_personalcare_std_84d,model_vars_income,-1000000
bank_txn_income_otherincome_category_personalcare_cv_84d,model_vars_income,-1000000
bank_txn_income_otherincome_category_petcare_sum_84d,model_vars_income,-1000000
bank_txn_income_otherincome_category_petcare_count_84d,model_vars_income,-1000000
bank_txn_income_otherincome_category_petcare_mean_84d,model_vars_income,-1000000
bank_txn_income_otherincome_category_petcare_median_84d,model_vars_income,-1000000
bank_txn_income_otherincome_category_petcare_max_84d,model_vars_income,-1000000
bank_txn_income_otherincome_category_petcare_min_84d,model_vars_income,-1000000
bank_txn_income_otherincome_category_petcare_std_84d,model_vars_income,-1000000
bank_txn_income_otherincome_category_petcare_cv_84d,model_vars_income,-1000000
bank_txn_income_otherincome_category_rent_sum_84d,model_vars_income,-1000000
bank_txn_income_otherincome_category_rent_count_84d,model_vars_income,-1000000
bank_txn_income_otherincome_category_rent_mean_84d,model_vars_income,-1000000
bank_txn_income_otherincome_category_rent_median_84d,model_vars_income,-1000000
bank_txn_income_otherincome_category_rent_max_84d,model_vars_income,-1000000
bank_txn_income_otherincome_category_rent_min_84d,model_vars_income,-1000000
bank_txn_income_otherincome_category_rent_std_84d,model_vars_income,-1000000
bank_txn_income_otherincome_category_rent_cv_84d,model_vars_income,-1000000
bank_txn_income_otherincome_category_retail_sum_84d,model_vars_income,-1000000
bank_txn_income_otherincome_category_retail_count_84d,model_vars_income,-1000000
bank_txn_income_otherincome_category_retail_mean_84d,model_vars_income,-1000000
bank_txn_income_otherincome_category_retail_median_84d,model_vars_income,-1000000
bank_txn_income_otherincome_category_retail_max_84d,model_vars_income,-1000000
bank_txn_income_otherincome_category_retail_min_84d,model_vars_income,-1000000
bank_txn_income_otherincome_category_retail_std_84d,model_vars_income,-1000000
bank_txn_income_otherincome_category_retail_cv_84d,model_vars_income,-1000000
bank_txn_income_otherincome_category_subscriptiontv_sum_84d,model_vars_income,-1000000
bank_txn_income_otherincome_category_subscriptiontv_count_84d,model_vars_income,-1000000
bank_txn_income_otherincome_category_subscriptiontv_mean_84d,model_vars_income,-1000000
bank_txn_income_otherincome_category_subscriptiontv_median_84d,model_vars_income,-1000000
bank_txn_income_otherincome_category_subscriptiontv_max_84d,model_vars_income,-1000000
bank_txn_income_otherincome_category_subscriptiontv_min_84d,model_vars_income,-1000000
bank_txn_income_otherincome_category_subscriptiontv_std_84d,model_vars_income,-1000000
bank_txn_income_otherincome_category_subscriptiontv_cv_84d,model_vars_income,-1000000
bank_txn_income_otherincome_category_telecommunications_sum_84d,model_vars_income,-1000000
bank_txn_income_otherincome_category_telecommunications_count_84d,model_vars_income,-1000000
bank_txn_income_otherincome_category_telecommunications_mean_84d,model_vars_income,-1000000
bank_txn_income_otherincome_category_telecommunications_median_84d,model_vars_income,-1000000
bank_txn_income_otherincome_category_telecommunications_max_84d,model_vars_income,-1000000
bank_txn_income_otherincome_category_telecommunications_min_84d,model_vars_income,-1000000
bank_txn_income_otherincome_category_telecommunications_std_84d,model_vars_income,-1000000
bank_txn_income_otherincome_category_telecommunications_cv_84d,model_vars_income,-1000000
bank_txn_income_otherincome_category_transport_sum_84d,model_vars_income,-1000000
bank_txn_income_otherincome_category_transport_count_84d,model_vars_income,-1000000
bank_txn_income_otherincome_category_transport_mean_84d,model_vars_income,-1000000
bank_txn_income_otherincome_category_transport_median_84d,model_vars_income,-1000000
bank_txn_income_otherincome_category_transport_max_84d,model_vars_income,-1000000
bank_txn_income_otherincome_category_transport_min_84d,model_vars_income,-1000000
bank_txn_income_otherincome_category_transport_std_84d,model_vars_income,-1000000
bank_txn_income_otherincome_category_transport_cv_84d,model_vars_income,-1000000
bank_txn_income_otherincome_category_travel_sum_84d,model_vars_income,-1000000
bank_txn_income_otherincome_category_travel_count_84d,model_vars_income,-1000000
bank_txn_income_otherincome_category_travel_mean_84d,model_vars_income,-1000000
bank_txn_income_otherincome_category_travel_median_84d,model_vars_income,-1000000
bank_txn_income_otherincome_category_travel_max_84d,model_vars_income,-1000000
bank_txn_income_otherincome_category_travel_min_84d,model_vars_income,-1000000
bank_txn_income_otherincome_category_travel_std_84d,model_vars_income,-1000000
bank_txn_income_otherincome_category_travel_cv_84d,model_vars_income,-1000000
bank_txn_income_otherincome_category_utilities_sum_84d,model_vars_income,-1000000
bank_txn_income_otherincome_category_utilities_count_84d,model_vars_income,-1000000
bank_txn_income_otherincome_category_utilities_mean_84d,model_vars_income,-1000000
bank_txn_income_otherincome_category_utilities_median_84d,model_vars_income,-1000000
bank_txn_income_otherincome_category_utilities_max_84d,model_vars_income,-1000000
bank_txn_income_otherincome_category_utilities_min_84d,model_vars_income,-1000000
bank_txn_income_otherincome_category_utilities_std_84d,model_vars_income,-1000000
bank_txn_income_otherincome_category_utilities_cv_84d,model_vars_income,-1000000
bank_txn_income_otherincome_category_allothercredits_sum_168d,model_vars_income,-1000000
bank_txn_income_otherincome_category_allothercredits_count_168d,model_vars_income,-1000000
bank_txn_income_otherincome_category_allothercredits_mean_168d,model_vars_income,-1000000
bank_txn_income_otherincome_category_allothercredits_median_168d,model_vars_income,-1000000
bank_txn_income_otherincome_category_allothercredits_max_168d,model_vars_income,-1000000
bank_txn_income_otherincome_category_allothercredits_min_168d,model_vars_income,-1000000
bank_txn_income_otherincome_category_allothercredits_std_168d,model_vars_income,-1000000
bank_txn_income_otherincome_category_allothercredits_cv_168d,model_vars_income,-1000000
bank_txn_income_otherincome_category_automotive_sum_168d,model_vars_income,-1000000
bank_txn_income_otherincome_category_automotive_count_168d,model_vars_income,-1000000
bank_txn_income_otherincome_category_automotive_mean_168d,model_vars_income,-1000000
bank_txn_income_otherincome_category_automotive_median_168d,model_vars_income,-1000000
bank_txn_income_otherincome_category_automotive_max_168d,model_vars_income,-1000000
bank_txn_income_otherincome_category_automotive_min_168d,model_vars_income,-1000000
bank_txn_income_otherincome_category_automotive_std_168d,model_vars_income,-1000000
bank_txn_income_otherincome_category_automotive_cv_168d,model_vars_income,-1000000
bank_txn_income_otherincome_category_departmentstores_sum_168d,model_vars_income,-1000000
bank_txn_income_otherincome_category_departmentstores_count_168d,model_vars_income,-1000000
bank_txn_income_otherincome_category_departmentstores_mean_168d,model_vars_income,-1000000
bank_txn_income_otherincome_category_departmentstores_median_168d,model_vars_income,-1000000
bank_txn_income_otherincome_category_departmentstores_max_168d,model_vars_income,-1000000
bank_txn_income_otherincome_category_departmentstores_min_168d,model_vars_income,-1000000
bank_txn_income_otherincome_category_departmentstores_std_168d,model_vars_income,-1000000
bank_txn_income_otherincome_category_departmentstores_cv_168d,model_vars_income,-1000000
bank_txn_income_otherincome_category_diningout_sum_168d,model_vars_income,-1000000
bank_txn_income_otherincome_category_diningout_count_168d,model_vars_income,-1000000
bank_txn_income_otherincome_category_diningout_mean_168d,model_vars_income,-1000000
bank_txn_income_otherincome_category_diningout_median_168d,model_vars_income,-1000000
bank_txn_income_otherincome_category_diningout_max_168d,model_vars_income,-1000000
bank_txn_income_otherincome_category_diningout_min_168d,model_vars_income,-1000000
bank_txn_income_otherincome_category_diningout_std_168d,model_vars_income,-1000000
bank_txn_income_otherincome_category_diningout_cv_168d,model_vars_income,-1000000
bank_txn_income_otherincome_category_donations_sum_168d,model_vars_income,-1000000
bank_txn_income_otherincome_category_donations_count_168d,model_vars_income,-1000000
bank_txn_income_otherincome_category_donations_mean_168d,model_vars_income,-1000000
bank_txn_income_otherincome_category_donations_median_168d,model_vars_income,-1000000
bank_txn_income_otherincome_category_donations_max_168d,model_vars_income,-1000000
bank_txn_income_otherincome_category_donations_min_168d,model_vars_income,-1000000
bank_txn_income_otherincome_category_donations_std_168d,model_vars_income,-1000000
bank_txn_income_otherincome_category_donations_cv_168d,model_vars_income,-1000000
bank_txn_income_otherincome_category_education_sum_168d,model_vars_income,-1000000
bank_txn_income_otherincome_category_education_count_168d,model_vars_income,-1000000
bank_txn_income_otherincome_category_education_mean_168d,model_vars_income,-1000000
bank_txn_income_otherincome_category_education_median_168d,model_vars_income,-1000000
bank_txn_income_otherincome_category_education_max_168d,model_vars_income,-1000000
bank_txn_income_otherincome_category_education_min_168d,model_vars_income,-1000000
bank_txn_income_otherincome_category_education_std_168d,model_vars_income,-1000000
bank_txn_income_otherincome_category_education_cv_168d,model_vars_income,-1000000
bank_txn_income_otherincome_category_entertainment_sum_168d,model_vars_income,-1000000
bank_txn_income_otherincome_category_entertainment_count_168d,model_vars_income,-1000000
bank_txn_income_otherincome_category_entertainment_mean_168d,model_vars_income,-1000000
bank_txn_income_otherincome_category_entertainment_median_168d,model_vars_income,-1000000
bank_txn_income_otherincome_category_entertainment_max_168d,model_vars_income,-1000000
bank_txn_income_otherincome_category_entertainment_min_168d,model_vars_income,-1000000
bank_txn_income_otherincome_category_entertainment_std_168d,model_vars_income,-1000000
bank_txn_income_otherincome_category_entertainment_cv_168d,model_vars_income,-1000000
bank_txn_income_otherincome_category_fees_sum_168d,model_vars_income,-1000000
bank_txn_income_otherincome_category_fees_count_168d,model_vars_income,-1000000
bank_txn_income_otherincome_category_fees_mean_168d,model_vars_income,-1000000
bank_txn_income_otherincome_category_fees_median_168d,model_vars_income,-1000000
bank_txn_income_otherincome_category_fees_max_168d,model_vars_income,-1000000
bank_txn_income_otherincome_category_fees_min_168d,model_vars_income,-1000000
bank_txn_income_otherincome_category_fees_std_168d,model_vars_income,-1000000
bank_txn_income_otherincome_category_fees_cv_168d,model_vars_income,-1000000
bank_txn_income_otherincome_category_gambling_sum_168d,model_vars_income,-1000000
bank_txn_income_otherincome_category_gambling_count_168d,model_vars_income,-1000000
bank_txn_income_otherincome_category_gambling_mean_168d,model_vars_income,-1000000
bank_txn_income_otherincome_category_gambling_median_168d,model_vars_income,-1000000
bank_txn_income_otherincome_category_gambling_max_168d,model_vars_income,-1000000
bank_txn_income_otherincome_category_gambling_min_168d,model_vars_income,-1000000
bank_txn_income_otherincome_category_gambling_std_168d,model_vars_income,-1000000
bank_txn_income_otherincome_category_gambling_cv_168d,model_vars_income,-1000000
bank_txn_income_otherincome_category_groceries_sum_168d,model_vars_income,-1000000
bank_txn_income_otherincome_category_groceries_count_168d,model_vars_income,-1000000
bank_txn_income_otherincome_category_groceries_mean_168d,model_vars_income,-1000000
bank_txn_income_otherincome_category_groceries_median_168d,model_vars_income,-1000000
bank_txn_income_otherincome_category_groceries_max_168d,model_vars_income,-1000000
bank_txn_income_otherincome_category_groceries_min_168d,model_vars_income,-1000000
bank_txn_income_otherincome_category_groceries_std_168d,model_vars_income,-1000000
bank_txn_income_otherincome_category_groceries_cv_168d,model_vars_income,-1000000
bank_txn_income_otherincome_category_gymsandothermemberships_sum_168d,model_vars_income,-1000000
bank_txn_income_otherincome_category_gymsandothermemberships_count_168d,model_vars_income,-1000000
bank_txn_income_otherincome_category_gymsandothermemberships_mean_168d,model_vars_income,-1000000
bank_txn_income_otherincome_category_gymsandothermemberships_median_168d,model_vars_income,-1000000
bank_txn_income_otherincome_category_gymsandothermemberships_max_168d,model_vars_income,-1000000
bank_txn_income_otherincome_category_gymsandothermemberships_min_168d,model_vars_income,-1000000
bank_txn_income_otherincome_category_gymsandothermemberships_std_168d,model_vars_income,-1000000
bank_txn_income_otherincome_category_gymsandothermemberships_cv_168d,model_vars_income,-1000000
bank_txn_income_otherincome_category_health_sum_168d,model_vars_income,-1000000
bank_txn_income_otherincome_category_health_count_168d,model_vars_income,-1000000
bank_txn_income_otherincome_category_health_mean_168d,model_vars_income,-1000000
bank_txn_income_otherincome_category_health_median_168d,model_vars_income,-1000000
bank_txn_income_otherincome_category_health_max_168d,model_vars_income,-1000000
bank_txn_income_otherincome_category_health_min_168d,model_vars_income,-1000000
bank_txn_income_otherincome_category_health_std_168d,model_vars_income,-1000000
bank_txn_income_otherincome_category_health_cv_168d,model_vars_income,-1000000
bank_txn_income_otherincome_category_homeimprovement_sum_168d,model_vars_income,-1000000
bank_txn_income_otherincome_category_homeimprovement_count_168d,model_vars_income,-1000000
bank_txn_income_otherincome_category_homeimprovement_mean_168d,model_vars_income,-1000000
bank_txn_income_otherincome_category_homeimprovement_median_168d,model_vars_income,-1000000
bank_txn_income_otherincome_category_homeimprovement_max_168d,model_vars_income,-1000000
bank_txn_income_otherincome_category_homeimprovement_min_168d,model_vars_income,-1000000
bank_txn_income_otherincome_category_homeimprovement_std_168d,model_vars_income,-1000000
bank_txn_income_otherincome_category_homeimprovement_cv_168d,model_vars_income,-1000000
bank_txn_income_otherincome_category_insurance_sum_168d,model_vars_income,-1000000
bank_txn_income_otherincome_category_insurance_count_168d,model_vars_income,-1000000
bank_txn_income_otherincome_category_insurance_mean_168d,model_vars_income,-1000000
bank_txn_income_otherincome_category_insurance_median_168d,model_vars_income,-1000000
bank_txn_income_otherincome_category_insurance_max_168d,model_vars_income,-1000000
bank_txn_income_otherincome_category_insurance_min_168d,model_vars_income,-1000000
bank_txn_income_otherincome_category_insurance_std_168d,model_vars_income,-1000000
bank_txn_income_otherincome_category_insurance_cv_168d,model_vars_income,-1000000
bank_txn_income_otherincome_category_internaltransfer_sum_168d,model_vars_income,-1000000
bank_txn_income_otherincome_category_internaltransfer_count_168d,model_vars_income,-1000000
bank_txn_income_otherincome_category_internaltransfer_mean_168d,model_vars_income,-1000000
bank_txn_income_otherincome_category_internaltransfer_median_168d,model_vars_income,-1000000
bank_txn_income_otherincome_category_internaltransfer_max_168d,model_vars_income,-1000000
bank_txn_income_otherincome_category_internaltransfer_min_168d,model_vars_income,-1000000
bank_txn_income_otherincome_category_internaltransfer_std_168d,model_vars_income,-1000000
bank_txn_income_otherincome_category_internaltransfer_cv_168d,model_vars_income,-1000000
bank_txn_income_otherincome_category_overdrawn_sum_168d,model_vars_income,-1000000
bank_txn_income_otherincome_category_overdrawn_count_168d,model_vars_income,-1000000
bank_txn_income_otherincome_category_overdrawn_mean_168d,model_vars_income,-1000000
bank_txn_income_otherincome_category_overdrawn_median_168d,model_vars_income,-1000000
bank_txn_income_otherincome_category_overdrawn_max_168d,model_vars_income,-1000000
bank_txn_income_otherincome_category_overdrawn_min_168d,model_vars_income,-1000000
bank_txn_income_otherincome_category_overdrawn_std_168d,model_vars_income,-1000000
bank_txn_income_otherincome_category_overdrawn_cv_168d,model_vars_income,-1000000
bank_txn_income_otherincome_category_personalcare_sum_168d,model_vars_income,-1000000
bank_txn_income_otherincome_category_personalcare_count_168d,model_vars_income,-1000000
bank_txn_income_otherincome_category_personalcare_mean_168d,model_vars_income,-1000000
bank_txn_income_otherincome_category_personalcare_median_168d,model_vars_income,-1000000
bank_txn_income_otherincome_category_personalcare_max_168d,model_vars_income,-1000000
bank_txn_income_otherincome_category_personalcare_min_168d,model_vars_income,-1000000
bank_txn_income_otherincome_category_personalcare_std_168d,model_vars_income,-1000000
bank_txn_income_otherincome_category_personalcare_cv_168d,model_vars_income,-1000000
bank_txn_income_otherincome_category_petcare_sum_168d,model_vars_income,-1000000
bank_txn_income_otherincome_category_petcare_count_168d,model_vars_income,-1000000
bank_txn_income_otherincome_category_petcare_mean_168d,model_vars_income,-1000000
bank_txn_income_otherincome_category_petcare_median_168d,model_vars_income,-1000000
bank_txn_income_otherincome_category_petcare_max_168d,model_vars_income,-1000000
bank_txn_income_otherincome_category_petcare_min_168d,model_vars_income,-1000000
bank_txn_income_otherincome_category_petcare_std_168d,model_vars_income,-1000000
bank_txn_income_otherincome_category_petcare_cv_168d,model_vars_income,-1000000
bank_txn_income_otherincome_category_rent_sum_168d,model_vars_income,-1000000
bank_txn_income_otherincome_category_rent_count_168d,model_vars_income,-1000000
bank_txn_income_otherincome_category_rent_mean_168d,model_vars_income,-1000000
bank_txn_income_otherincome_category_rent_median_168d,model_vars_income,-1000000
bank_txn_income_otherincome_category_rent_max_168d,model_vars_income,-1000000
bank_txn_income_otherincome_category_rent_min_168d,model_vars_income,-1000000
bank_txn_income_otherincome_category_rent_std_168d,model_vars_income,-1000000
bank_txn_income_otherincome_category_rent_cv_168d,model_vars_income,-1000000
bank_txn_income_otherincome_category_retail_sum_168d,model_vars_income,-1000000
bank_txn_income_otherincome_category_retail_count_168d,model_vars_income,-1000000
bank_txn_income_otherincome_category_retail_mean_168d,model_vars_income,-1000000
bank_txn_income_otherincome_category_retail_median_168d,model_vars_income,-1000000
bank_txn_income_otherincome_category_retail_max_168d,model_vars_income,-1000000
bank_txn_income_otherincome_category_retail_min_168d,model_vars_income,-1000000
bank_txn_income_otherincome_category_retail_std_168d,model_vars_income,-1000000
bank_txn_income_otherincome_category_retail_cv_168d,model_vars_income,-1000000
bank_txn_income_otherincome_category_subscriptiontv_sum_168d,model_vars_income,-1000000
bank_txn_income_otherincome_category_subscriptiontv_count_168d,model_vars_income,-1000000
bank_txn_income_otherincome_category_subscriptiontv_mean_168d,model_vars_income,-1000000
bank_txn_income_otherincome_category_subscriptiontv_median_168d,model_vars_income,-1000000
bank_txn_income_otherincome_category_subscriptiontv_max_168d,model_vars_income,-1000000
bank_txn_income_otherincome_category_subscriptiontv_min_168d,model_vars_income,-1000000
bank_txn_income_otherincome_category_subscriptiontv_std_168d,model_vars_income,-1000000
bank_txn_income_otherincome_category_subscriptiontv_cv_168d,model_vars_income,-1000000
bank_txn_income_otherincome_category_telecommunications_sum_168d,model_vars_income,-1000000
bank_txn_income_otherincome_category_telecommunications_count_168d,model_vars_income,-1000000
bank_txn_income_otherincome_category_telecommunications_mean_168d,model_vars_income,-1000000
bank_txn_income_otherincome_category_telecommunications_median_168d,model_vars_income,-1000000
bank_txn_income_otherincome_category_telecommunications_max_168d,model_vars_income,-1000000
bank_txn_income_otherincome_category_telecommunications_min_168d,model_vars_income,-1000000
bank_txn_income_otherincome_category_telecommunications_std_168d,model_vars_income,-1000000
bank_txn_income_otherincome_category_telecommunications_cv_168d,model_vars_income,-1000000
bank_txn_income_otherincome_category_transport_sum_168d,model_vars_income,-1000000
bank_txn_income_otherincome_category_transport_count_168d,model_vars_income,-1000000
bank_txn_income_otherincome_category_transport_mean_168d,model_vars_income,-1000000
bank_txn_income_otherincome_category_transport_median_168d,model_vars_income,-1000000
bank_txn_income_otherincome_category_transport_max_168d,model_vars_income,-1000000
bank_txn_income_otherincome_category_transport_min_168d,model_vars_income,-1000000
bank_txn_income_otherincome_category_transport_std_168d,model_vars_income,-1000000
bank_txn_income_otherincome_category_transport_cv_168d,model_vars_income,-1000000
bank_txn_income_otherincome_category_travel_sum_168d,model_vars_income,-1000000
bank_txn_income_otherincome_category_travel_count_168d,model_vars_income,-1000000
bank_txn_income_otherincome_category_travel_mean_168d,model_vars_income,-1000000
bank_txn_income_otherincome_category_travel_median_168d,model_vars_income,-1000000
bank_txn_income_otherincome_category_travel_max_168d,model_vars_income,-1000000
bank_txn_income_otherincome_category_travel_min_168d,model_vars_income,-1000000
bank_txn_income_otherincome_category_travel_std_168d,model_vars_income,-1000000
bank_txn_income_otherincome_category_travel_cv_168d,model_vars_income,-1000000
bank_txn_income_otherincome_category_utilities_sum_168d,model_vars_income,-1000000
bank_txn_income_otherincome_category_utilities_count_168d,model_vars_income,-1000000
bank_txn_income_otherincome_category_utilities_mean_168d,model_vars_income,-1000000
bank_txn_income_otherincome_category_utilities_median_168d,model_vars_income,-1000000
bank_txn_income_otherincome_category_utilities_max_168d,model_vars_income,-1000000
bank_txn_income_otherincome_category_utilities_min_168d,model_vars_income,-1000000
bank_txn_income_otherincome_category_utilities_std_168d,model_vars_income,-1000000
bank_txn_income_otherincome_category_utilities_cv_168d,model_vars_income,-1000000
bank_txn_income_otherincome_category_allothercredits_sum_182d,model_vars_income,-1000000
bank_txn_income_otherincome_category_allothercredits_count_182d,model_vars_income,-1000000
bank_txn_income_otherincome_category_allothercredits_mean_182d,model_vars_income,-1000000
bank_txn_income_otherincome_category_allothercredits_median_182d,model_vars_income,-1000000
bank_txn_income_otherincome_category_allothercredits_max_182d,model_vars_income,-1000000
bank_txn_income_otherincome_category_allothercredits_min_182d,model_vars_income,-1000000
bank_txn_income_otherincome_category_allothercredits_std_182d,model_vars_income,-1000000
bank_txn_income_otherincome_category_allothercredits_cv_182d,model_vars_income,-1000000
bank_txn_income_otherincome_category_automotive_sum_182d,model_vars_income,-1000000
bank_txn_income_otherincome_category_automotive_count_182d,model_vars_income,-1000000
bank_txn_income_otherincome_category_automotive_mean_182d,model_vars_income,-1000000
bank_txn_income_otherincome_category_automotive_median_182d,model_vars_income,-1000000
bank_txn_income_otherincome_category_automotive_max_182d,model_vars_income,-1000000
bank_txn_income_otherincome_category_automotive_min_182d,model_vars_income,-1000000
bank_txn_income_otherincome_category_automotive_std_182d,model_vars_income,-1000000
bank_txn_income_otherincome_category_automotive_cv_182d,model_vars_income,-1000000
bank_txn_income_otherincome_category_departmentstores_sum_182d,model_vars_income,-1000000
bank_txn_income_otherincome_category_departmentstores_count_182d,model_vars_income,-1000000
bank_txn_income_otherincome_category_departmentstores_mean_182d,model_vars_income,-1000000
bank_txn_income_otherincome_category_departmentstores_median_182d,model_vars_income,-1000000
bank_txn_income_otherincome_category_departmentstores_max_182d,model_vars_income,-1000000
bank_txn_income_otherincome_category_departmentstores_min_182d,model_vars_income,-1000000
bank_txn_income_otherincome_category_departmentstores_std_182d,model_vars_income,-1000000
bank_txn_income_otherincome_category_departmentstores_cv_182d,model_vars_income,-1000000
bank_txn_income_otherincome_category_diningout_sum_182d,model_vars_income,-1000000
bank_txn_income_otherincome_category_diningout_count_182d,model_vars_income,-1000000
bank_txn_income_otherincome_category_diningout_mean_182d,model_vars_income,-1000000
bank_txn_income_otherincome_category_diningout_median_182d,model_vars_income,-1000000
bank_txn_income_otherincome_category_diningout_max_182d,model_vars_income,-1000000
bank_txn_income_otherincome_category_diningout_min_182d,model_vars_income,-1000000
bank_txn_income_otherincome_category_diningout_std_182d,model_vars_income,-1000000
bank_txn_income_otherincome_category_diningout_cv_182d,model_vars_income,-1000000
bank_txn_income_otherincome_category_donations_sum_182d,model_vars_income,-1000000
bank_txn_income_otherincome_category_donations_count_182d,model_vars_income,-1000000
bank_txn_income_otherincome_category_donations_mean_182d,model_vars_income,-1000000
bank_txn_income_otherincome_category_donations_median_182d,model_vars_income,-1000000
bank_txn_income_otherincome_category_donations_max_182d,model_vars_income,-1000000
bank_txn_income_otherincome_category_donations_min_182d,model_vars_income,-1000000
bank_txn_income_otherincome_category_donations_std_182d,model_vars_income,-1000000
bank_txn_income_otherincome_category_donations_cv_182d,model_vars_income,-1000000
bank_txn_income_otherincome_category_education_sum_182d,model_vars_income,-1000000
bank_txn_income_otherincome_category_education_count_182d,model_vars_income,-1000000
bank_txn_income_otherincome_category_education_mean_182d,model_vars_income,-1000000
bank_txn_income_otherincome_category_education_median_182d,model_vars_income,-1000000
bank_txn_income_otherincome_category_education_max_182d,model_vars_income,-1000000
bank_txn_income_otherincome_category_education_min_182d,model_vars_income,-1000000
bank_txn_income_otherincome_category_education_std_182d,model_vars_income,-1000000
bank_txn_income_otherincome_category_education_cv_182d,model_vars_income,-1000000
bank_txn_income_otherincome_category_entertainment_sum_182d,model_vars_income,-1000000
bank_txn_income_otherincome_category_entertainment_count_182d,model_vars_income,-1000000
bank_txn_income_otherincome_category_entertainment_mean_182d,model_vars_income,-1000000
bank_txn_income_otherincome_category_entertainment_median_182d,model_vars_income,-1000000
bank_txn_income_otherincome_category_entertainment_max_182d,model_vars_income,-1000000
bank_txn_income_otherincome_category_entertainment_min_182d,model_vars_income,-1000000
bank_txn_income_otherincome_category_entertainment_std_182d,model_vars_income,-1000000
bank_txn_income_otherincome_category_entertainment_cv_182d,model_vars_income,-1000000
bank_txn_income_otherincome_category_fees_sum_182d,model_vars_income,-1000000
bank_txn_income_otherincome_category_fees_count_182d,model_vars_income,-1000000
bank_txn_income_otherincome_category_fees_mean_182d,model_vars_income,-1000000
bank_txn_income_otherincome_category_fees_median_182d,model_vars_income,-1000000
bank_txn_income_otherincome_category_fees_max_182d,model_vars_income,-1000000
bank_txn_income_otherincome_category_fees_min_182d,model_vars_income,-1000000
bank_txn_income_otherincome_category_fees_std_182d,model_vars_income,-1000000
bank_txn_income_otherincome_category_fees_cv_182d,model_vars_income,-1000000
bank_txn_income_otherincome_category_gambling_sum_182d,model_vars_income,-1000000
bank_txn_income_otherincome_category_gambling_count_182d,model_vars_income,-1000000
bank_txn_income_otherincome_category_gambling_mean_182d,model_vars_income,-1000000
bank_txn_income_otherincome_category_gambling_median_182d,model_vars_income,-1000000
bank_txn_income_otherincome_category_gambling_max_182d,model_vars_income,-1000000
bank_txn_income_otherincome_category_gambling_min_182d,model_vars_income,-1000000
bank_txn_income_otherincome_category_gambling_std_182d,model_vars_income,-1000000
bank_txn_income_otherincome_category_gambling_cv_182d,model_vars_income,-1000000
bank_txn_income_otherincome_category_groceries_sum_182d,model_vars_income,-1000000
bank_txn_income_otherincome_category_groceries_count_182d,model_vars_income,-1000000
bank_txn_income_otherincome_category_groceries_mean_182d,model_vars_income,-1000000
bank_txn_income_otherincome_category_groceries_median_182d,model_vars_income,-1000000
bank_txn_income_otherincome_category_groceries_max_182d,model_vars_income,-1000000
bank_txn_income_otherincome_category_groceries_min_182d,model_vars_income,-1000000
bank_txn_income_otherincome_category_groceries_std_182d,model_vars_income,-1000000
bank_txn_income_otherincome_category_groceries_cv_182d,model_vars_income,-1000000
bank_txn_income_otherincome_category_gymsandothermemberships_sum_182d,model_vars_income,-1000000
bank_txn_income_otherincome_category_gymsandothermemberships_count_182d,model_vars_income,-1000000
bank_txn_income_otherincome_category_gymsandothermemberships_mean_182d,model_vars_income,-1000000
bank_txn_income_otherincome_category_gymsandothermemberships_median_182d,model_vars_income,-1000000
bank_txn_income_otherincome_category_gymsandothermemberships_max_182d,model_vars_income,-1000000
bank_txn_income_otherincome_category_gymsandothermemberships_min_182d,model_vars_income,-1000000
bank_txn_income_otherincome_category_gymsandothermemberships_std_182d,model_vars_income,-1000000
bank_txn_income_otherincome_category_gymsandothermemberships_cv_182d,model_vars_income,-1000000
bank_txn_income_otherincome_category_health_sum_182d,model_vars_income,-1000000
bank_txn_income_otherincome_category_health_count_182d,model_vars_income,-1000000
bank_txn_income_otherincome_category_health_mean_182d,model_vars_income,-1000000
bank_txn_income_otherincome_category_health_median_182d,model_vars_income,-1000000
bank_txn_income_otherincome_category_health_max_182d,model_vars_income,-1000000
bank_txn_income_otherincome_category_health_min_182d,model_vars_income,-1000000
bank_txn_income_otherincome_category_health_std_182d,model_vars_income,-1000000
bank_txn_income_otherincome_category_health_cv_182d,model_vars_income,-1000000
bank_txn_income_otherincome_category_homeimprovement_sum_182d,model_vars_income,-1000000
bank_txn_income_otherincome_category_homeimprovement_count_182d,model_vars_income,-1000000
bank_txn_income_otherincome_category_homeimprovement_mean_182d,model_vars_income,-1000000
bank_txn_income_otherincome_category_homeimprovement_median_182d,model_vars_income,-1000000
bank_txn_income_otherincome_category_homeimprovement_max_182d,model_vars_income,-1000000
bank_txn_income_otherincome_category_homeimprovement_min_182d,model_vars_income,-1000000
bank_txn_income_otherincome_category_homeimprovement_std_182d,model_vars_income,-1000000
bank_txn_income_otherincome_category_homeimprovement_cv_182d,model_vars_income,-1000000
bank_txn_income_otherincome_category_insurance_sum_182d,model_vars_income,-1000000
bank_txn_income_otherincome_category_insurance_count_182d,model_vars_income,-1000000
bank_txn_income_otherincome_category_insurance_mean_182d,model_vars_income,-1000000
bank_txn_income_otherincome_category_insurance_median_182d,model_vars_income,-1000000
bank_txn_income_otherincome_category_insurance_max_182d,model_vars_income,-1000000
bank_txn_income_otherincome_category_insurance_min_182d,model_vars_income,-1000000
bank_txn_income_otherincome_category_insurance_std_182d,model_vars_income,-1000000
bank_txn_income_otherincome_category_insurance_cv_182d,model_vars_income,-1000000
bank_txn_income_otherincome_category_internaltransfer_sum_182d,model_vars_income,-1000000
bank_txn_income_otherincome_category_internaltransfer_count_182d,model_vars_income,-1000000
bank_txn_income_otherincome_category_internaltransfer_mean_182d,model_vars_income,-1000000
bank_txn_income_otherincome_category_internaltransfer_median_182d,model_vars_income,-1000000
bank_txn_income_otherincome_category_internaltransfer_max_182d,model_vars_income,-1000000
bank_txn_income_otherincome_category_internaltransfer_min_182d,model_vars_income,-1000000
bank_txn_income_otherincome_category_internaltransfer_std_182d,model_vars_income,-1000000
bank_txn_income_otherincome_category_internaltransfer_cv_182d,model_vars_income,-1000000
bank_txn_income_otherincome_category_overdrawn_sum_182d,model_vars_income,-1000000
bank_txn_income_otherincome_category_overdrawn_count_182d,model_vars_income,-1000000
bank_txn_income_otherincome_category_overdrawn_mean_182d,model_vars_income,-1000000
bank_txn_income_otherincome_category_overdrawn_median_182d,model_vars_income,-1000000
bank_txn_income_otherincome_category_overdrawn_max_182d,model_vars_income,-1000000
bank_txn_income_otherincome_category_overdrawn_min_182d,model_vars_income,-1000000
bank_txn_income_otherincome_category_overdrawn_std_182d,model_vars_income,-1000000
bank_txn_income_otherincome_category_overdrawn_cv_182d,model_vars_income,-1000000
bank_txn_income_otherincome_category_personalcare_sum_182d,model_vars_income,-1000000
bank_txn_income_otherincome_category_personalcare_count_182d,model_vars_income,-1000000
bank_txn_income_otherincome_category_personalcare_mean_182d,model_vars_income,-1000000
bank_txn_income_otherincome_category_personalcare_median_182d,model_vars_income,-1000000
bank_txn_income_otherincome_category_personalcare_max_182d,model_vars_income,-1000000
bank_txn_income_otherincome_category_personalcare_min_182d,model_vars_income,-1000000
bank_txn_income_otherincome_category_personalcare_std_182d,model_vars_income,-1000000
bank_txn_income_otherincome_category_personalcare_cv_182d,model_vars_income,-1000000
bank_txn_income_otherincome_category_petcare_sum_182d,model_vars_income,-1000000
bank_txn_income_otherincome_category_petcare_count_182d,model_vars_income,-1000000
bank_txn_income_otherincome_category_petcare_mean_182d,model_vars_income,-1000000
bank_txn_income_otherincome_category_petcare_median_182d,model_vars_income,-1000000
bank_txn_income_otherincome_category_petcare_max_182d,model_vars_income,-1000000
bank_txn_income_otherincome_category_petcare_min_182d,model_vars_income,-1000000
bank_txn_income_otherincome_category_petcare_std_182d,model_vars_income,-1000000
bank_txn_income_otherincome_category_petcare_cv_182d,model_vars_income,-1000000
bank_txn_income_otherincome_category_rent_sum_182d,model_vars_income,-1000000
bank_txn_income_otherincome_category_rent_count_182d,model_vars_income,-1000000
bank_txn_income_otherincome_category_rent_mean_182d,model_vars_income,-1000000
bank_txn_income_otherincome_category_rent_median_182d,model_vars_income,-1000000
bank_txn_income_otherincome_category_rent_max_182d,model_vars_income,-1000000
bank_txn_income_otherincome_category_rent_min_182d,model_vars_income,-1000000
bank_txn_income_otherincome_category_rent_std_182d,model_vars_income,-1000000
bank_txn_income_otherincome_category_rent_cv_182d,model_vars_income,-1000000
bank_txn_income_otherincome_category_retail_sum_182d,model_vars_income,-1000000
bank_txn_income_otherincome_category_retail_count_182d,model_vars_income,-1000000
bank_txn_income_otherincome_category_retail_mean_182d,model_vars_income,-1000000
bank_txn_income_otherincome_category_retail_median_182d,model_vars_income,-1000000
bank_txn_income_otherincome_category_retail_max_182d,model_vars_income,-1000000
bank_txn_income_otherincome_category_retail_min_182d,model_vars_income,-1000000
bank_txn_income_otherincome_category_retail_std_182d,model_vars_income,-1000000
bank_txn_income_otherincome_category_retail_cv_182d,model_vars_income,-1000000
bank_txn_income_otherincome_category_subscriptiontv_sum_182d,model_vars_income,-1000000
bank_txn_income_otherincome_category_subscriptiontv_count_182d,model_vars_income,-1000000
bank_txn_income_otherincome_category_subscriptiontv_mean_182d,model_vars_income,-1000000
bank_txn_income_otherincome_category_subscriptiontv_median_182d,model_vars_income,-1000000
bank_txn_income_otherincome_category_subscriptiontv_max_182d,model_vars_income,-1000000
bank_txn_income_otherincome_category_subscriptiontv_min_182d,model_vars_income,-1000000
bank_txn_income_otherincome_category_subscriptiontv_std_182d,model_vars_income,-1000000
bank_txn_income_otherincome_category_subscriptiontv_cv_182d,model_vars_income,-1000000
bank_txn_income_otherincome_category_telecommunications_sum_182d,model_vars_income,-1000000
bank_txn_income_otherincome_category_telecommunications_count_182d,model_vars_income,-1000000
bank_txn_income_otherincome_category_telecommunications_mean_182d,model_vars_income,-1000000
bank_txn_income_otherincome_category_telecommunications_median_182d,model_vars_income,-1000000
bank_txn_income_otherincome_category_telecommunications_max_182d,model_vars_income,-1000000
bank_txn_income_otherincome_category_telecommunications_min_182d,model_vars_income,-1000000
bank_txn_income_otherincome_category_telecommunications_std_182d,model_vars_income,-1000000
bank_txn_income_otherincome_category_telecommunications_cv_182d,model_vars_income,-1000000
bank_txn_income_otherincome_category_transport_sum_182d,model_vars_income,-1000000
bank_txn_income_otherincome_category_transport_count_182d,model_vars_income,-1000000
bank_txn_income_otherincome_category_transport_mean_182d,model_vars_income,-1000000
bank_txn_income_otherincome_category_transport_median_182d,model_vars_income,-1000000
bank_txn_income_otherincome_category_transport_max_182d,model_vars_income,-1000000
bank_txn_income_otherincome_category_transport_min_182d,model_vars_income,-1000000
bank_txn_income_otherincome_category_transport_std_182d,model_vars_income,-1000000
bank_txn_income_otherincome_category_transport_cv_182d,model_vars_income,-1000000
bank_txn_income_otherincome_category_travel_sum_182d,model_vars_income,-1000000
bank_txn_income_otherincome_category_travel_count_182d,model_vars_income,-1000000
bank_txn_income_otherincome_category_travel_mean_182d,model_vars_income,-1000000
bank_txn_income_otherincome_category_travel_median_182d,model_vars_income,-1000000
bank_txn_income_otherincome_category_travel_max_182d,model_vars_income,-1000000
bank_txn_income_otherincome_category_travel_min_182d,model_vars_income,-1000000
bank_txn_income_otherincome_category_travel_std_182d,model_vars_income,-1000000
bank_txn_income_otherincome_category_travel_cv_182d,model_vars_income,-1000000
bank_txn_income_otherincome_category_utilities_sum_182d,model_vars_income,-1000000
bank_txn_income_otherincome_category_utilities_count_182d,model_vars_income,-1000000
bank_txn_income_otherincome_category_utilities_mean_182d,model_vars_income,-1000000
bank_txn_income_otherincome_category_utilities_median_182d,model_vars_income,-1000000
bank_txn_income_otherincome_category_utilities_max_182d,model_vars_income,-1000000
bank_txn_income_otherincome_category_utilities_min_182d,model_vars_income,-1000000
bank_txn_income_otherincome_category_utilities_std_182d,model_vars_income,-1000000
bank_txn_income_otherincome_category_utilities_cv_182d,model_vars_income,-1000000
bank_txn_income_otherincome_category_allothercredits_ratio_7d,model_vars_income,-1000000
bank_txn_income_otherincome_category_allothercredits_ratio_total_7d,model_vars_income,-1000000
bank_txn_income_otherincome_category_automotive_ratio_7d,model_vars_income,-1000000
bank_txn_income_otherincome_category_automotive_ratio_total_7d,model_vars_income,-1000000
bank_txn_income_otherincome_category_departmentstores_ratio_7d,model_vars_income,-1000000
bank_txn_income_otherincome_category_departmentstores_ratio_total_7d,model_vars_income,-1000000
bank_txn_income_otherincome_category_diningout_ratio_7d,model_vars_income,-1000000
bank_txn_income_otherincome_category_diningout_ratio_total_7d,model_vars_income,-1000000
bank_txn_income_otherincome_category_donations_ratio_7d,model_vars_income,-1000000
bank_txn_income_otherincome_category_donations_ratio_total_7d,model_vars_income,-1000000
bank_txn_income_otherincome_category_education_ratio_7d,model_vars_income,-1000000
bank_txn_income_otherincome_category_education_ratio_total_7d,model_vars_income,-1000000
bank_txn_income_otherincome_category_entertainment_ratio_7d,model_vars_income,-1000000
bank_txn_income_otherincome_category_entertainment_ratio_total_7d,model_vars_income,-1000000
bank_txn_income_otherincome_category_fees_ratio_7d,model_vars_income,-1000000
bank_txn_income_otherincome_category_fees_ratio_total_7d,model_vars_income,-1000000
bank_txn_income_otherincome_category_gambling_ratio_7d,model_vars_income,-1000000
bank_txn_income_otherincome_category_gambling_ratio_total_7d,model_vars_income,-1000000
bank_txn_income_otherincome_category_groceries_ratio_7d,model_vars_income,-1000000
bank_txn_income_otherincome_category_groceries_ratio_total_7d,model_vars_income,-1000000
bank_txn_income_otherincome_category_gymsandothermemberships_ratio_7d,model_vars_income,-1000000
bank_txn_income_otherincome_category_gymsandothermemberships_ratio_total_7d,model_vars_income,-1000000
bank_txn_income_otherincome_category_health_ratio_7d,model_vars_income,-1000000
bank_txn_income_otherincome_category_health_ratio_total_7d,model_vars_income,-1000000
bank_txn_income_otherincome_category_homeimprovement_ratio_7d,model_vars_income,-1000000
bank_txn_income_otherincome_category_homeimprovement_ratio_total_7d,model_vars_income,-1000000
bank_txn_income_otherincome_category_insurance_ratio_7d,model_vars_income,-1000000
bank_txn_income_otherincome_category_insurance_ratio_total_7d,model_vars_income,-1000000
bank_txn_income_otherincome_category_internaltransfer_ratio_7d,model_vars_income,-1000000
bank_txn_income_otherincome_category_internaltransfer_ratio_total_7d,model_vars_income,-1000000
bank_txn_income_otherincome_category_overdrawn_ratio_7d,model_vars_income,-1000000
bank_txn_income_otherincome_category_overdrawn_ratio_total_7d,model_vars_income,-1000000
bank_txn_income_otherincome_category_personalcare_ratio_7d,model_vars_income,-1000000
bank_txn_income_otherincome_category_personalcare_ratio_total_7d,model_vars_income,-1000000
bank_txn_income_otherincome_category_petcare_ratio_7d,model_vars_income,-1000000
bank_txn_income_otherincome_category_petcare_ratio_total_7d,model_vars_income,-1000000
bank_txn_income_otherincome_category_rent_ratio_7d,model_vars_income,-1000000
bank_txn_income_otherincome_category_rent_ratio_total_7d,model_vars_income,-1000000
bank_txn_income_otherincome_category_retail_ratio_7d,model_vars_income,-1000000
bank_txn_income_otherincome_category_retail_ratio_total_7d,model_vars_income,-1000000
bank_txn_income_otherincome_category_subscriptiontv_ratio_7d,model_vars_income,-1000000
bank_txn_income_otherincome_category_subscriptiontv_ratio_total_7d,model_vars_income,-1000000
bank_txn_income_otherincome_category_telecommunications_ratio_7d,model_vars_income,-1000000
bank_txn_income_otherincome_category_telecommunications_ratio_total_7d,model_vars_income,-1000000
bank_txn_income_otherincome_category_transport_ratio_7d,model_vars_income,-1000000
bank_txn_income_otherincome_category_transport_ratio_total_7d,model_vars_income,-1000000
bank_txn_income_otherincome_category_travel_ratio_7d,model_vars_income,-1000000
bank_txn_income_otherincome_category_travel_ratio_total_7d,model_vars_income,-1000000
bank_txn_income_otherincome_category_utilities_ratio_7d,model_vars_income,-1000000
bank_txn_income_otherincome_category_utilities_ratio_total_7d,model_vars_income,-1000000
bank_txn_income_otherincome_category_allothercredits_ratio_14d,model_vars_income,-1000000
bank_txn_income_otherincome_category_allothercredits_ratio_total_14d,model_vars_income,-1000000
bank_txn_income_otherincome_category_automotive_ratio_14d,model_vars_income,-1000000
bank_txn_income_otherincome_category_automotive_ratio_total_14d,model_vars_income,-1000000
bank_txn_income_otherincome_category_departmentstores_ratio_14d,model_vars_income,-1000000
bank_txn_income_otherincome_category_departmentstores_ratio_total_14d,model_vars_income,-1000000
bank_txn_income_otherincome_category_diningout_ratio_14d,model_vars_income,-1000000
bank_txn_income_otherincome_category_diningout_ratio_total_14d,model_vars_income,-1000000
bank_txn_income_otherincome_category_donations_ratio_14d,model_vars_income,-1000000
bank_txn_income_otherincome_category_donations_ratio_total_14d,model_vars_income,-1000000
bank_txn_income_otherincome_category_education_ratio_14d,model_vars_income,-1000000
bank_txn_income_otherincome_category_education_ratio_total_14d,model_vars_income,-1000000
bank_txn_income_otherincome_category_entertainment_ratio_14d,model_vars_income,-1000000
bank_txn_income_otherincome_category_entertainment_ratio_total_14d,model_vars_income,-1000000
bank_txn_income_otherincome_category_fees_ratio_14d,model_vars_income,-1000000
bank_txn_income_otherincome_category_fees_ratio_total_14d,model_vars_income,-1000000
bank_txn_income_otherincome_category_gambling_ratio_14d,model_vars_income,-1000000
bank_txn_income_otherincome_category_gambling_ratio_total_14d,model_vars_income,-1000000
bank_txn_income_otherincome_category_groceries_ratio_14d,model_vars_income,-1000000
bank_txn_income_otherincome_category_groceries_ratio_total_14d,model_vars_income,-1000000
bank_txn_income_otherincome_category_gymsandothermemberships_ratio_14d,model_vars_income,-1000000
bank_txn_income_otherincome_category_gymsandothermemberships_ratio_total_14d,model_vars_income,-1000000
bank_txn_income_otherincome_category_health_ratio_14d,model_vars_income,-1000000
bank_txn_income_otherincome_category_health_ratio_total_14d,model_vars_income,-1000000
bank_txn_income_otherincome_category_homeimprovement_ratio_14d,model_vars_income,-1000000
bank_txn_income_otherincome_category_homeimprovement_ratio_total_14d,model_vars_income,-1000000
bank_txn_income_otherincome_category_insurance_ratio_14d,model_vars_income,-1000000
bank_txn_income_otherincome_category_insurance_ratio_total_14d,model_vars_income,-1000000
bank_txn_income_otherincome_category_internaltransfer_ratio_14d,model_vars_income,-1000000
bank_txn_income_otherincome_category_internaltransfer_ratio_total_14d,model_vars_income,-1000000
bank_txn_income_otherincome_category_overdrawn_ratio_14d,model_vars_income,-1000000
bank_txn_income_otherincome_category_overdrawn_ratio_total_14d,model_vars_income,-1000000
bank_txn_income_otherincome_category_personalcare_ratio_14d,model_vars_income,-1000000
bank_txn_income_otherincome_category_personalcare_ratio_total_14d,model_vars_income,-1000000
bank_txn_income_otherincome_category_petcare_ratio_14d,model_vars_income,-1000000
bank_txn_income_otherincome_category_petcare_ratio_total_14d,model_vars_income,-1000000
bank_txn_income_otherincome_category_rent_ratio_14d,model_vars_income,-1000000
bank_txn_income_otherincome_category_rent_ratio_total_14d,model_vars_income,-1000000
bank_txn_income_otherincome_category_retail_ratio_14d,model_vars_income,-1000000
bank_txn_income_otherincome_category_retail_ratio_total_14d,model_vars_income,-1000000
bank_txn_income_otherincome_category_subscriptiontv_ratio_14d,model_vars_income,-1000000
bank_txn_income_otherincome_category_subscriptiontv_ratio_total_14d,model_vars_income,-1000000
bank_txn_income_otherincome_category_telecommunications_ratio_14d,model_vars_income,-1000000
bank_txn_income_otherincome_category_telecommunications_ratio_total_14d,model_vars_income,-1000000
bank_txn_income_otherincome_category_transport_ratio_14d,model_vars_income,-1000000
bank_txn_income_otherincome_category_transport_ratio_total_14d,model_vars_income,-1000000
bank_txn_income_otherincome_category_travel_ratio_14d,model_vars_income,-1000000
bank_txn_income_otherincome_category_travel_ratio_total_14d,model_vars_income,-1000000
bank_txn_income_otherincome_category_utilities_ratio_14d,model_vars_income,-1000000
bank_txn_income_otherincome_category_utilities_ratio_total_14d,model_vars_income,-1000000
bank_txn_income_otherincome_category_allothercredits_ratio_28d,model_vars_income,-1000000
bank_txn_income_otherincome_category_allothercredits_ratio_total_28d,model_vars_income,-1000000
bank_txn_income_otherincome_category_automotive_ratio_28d,model_vars_income,-1000000
bank_txn_income_otherincome_category_automotive_ratio_total_28d,model_vars_income,-1000000
bank_txn_income_otherincome_category_departmentstores_ratio_28d,model_vars_income,-1000000
bank_txn_income_otherincome_category_departmentstores_ratio_total_28d,model_vars_income,-1000000
bank_txn_income_otherincome_category_diningout_ratio_28d,model_vars_income,-1000000
bank_txn_income_otherincome_category_diningout_ratio_total_28d,model_vars_income,-1000000
bank_txn_income_otherincome_category_donations_ratio_28d,model_vars_income,-1000000
bank_txn_income_otherincome_category_donations_ratio_total_28d,model_vars_income,-1000000
bank_txn_income_otherincome_category_education_ratio_28d,model_vars_income,-1000000
bank_txn_income_otherincome_category_education_ratio_total_28d,model_vars_income,-1000000
bank_txn_income_otherincome_category_entertainment_ratio_28d,model_vars_income,-1000000
bank_txn_income_otherincome_category_entertainment_ratio_total_28d,model_vars_income,-1000000
bank_txn_income_otherincome_category_fees_ratio_28d,model_vars_income,-1000000
bank_txn_income_otherincome_category_fees_ratio_total_28d,model_vars_income,-1000000
bank_txn_income_otherincome_category_gambling_ratio_28d,model_vars_income,-1000000
bank_txn_income_otherincome_category_gambling_ratio_total_28d,model_vars_income,-1000000
bank_txn_income_otherincome_category_groceries_ratio_28d,model_vars_income,-1000000
bank_txn_income_otherincome_category_groceries_ratio_total_28d,model_vars_income,-1000000
bank_txn_income_otherincome_category_gymsandothermemberships_ratio_28d,model_vars_income,-1000000
bank_txn_income_otherincome_category_gymsandothermemberships_ratio_total_28d,model_vars_income,-1000000
bank_txn_income_otherincome_category_health_ratio_28d,model_vars_income,-1000000
bank_txn_income_otherincome_category_health_ratio_total_28d,model_vars_income,-1000000
bank_txn_income_otherincome_category_homeimprovement_ratio_28d,model_vars_income,-1000000
bank_txn_income_otherincome_category_homeimprovement_ratio_total_28d,model_vars_income,-1000000
bank_txn_income_otherincome_category_insurance_ratio_28d,model_vars_income,-1000000
bank_txn_income_otherincome_category_insurance_ratio_total_28d,model_vars_income,-1000000
bank_txn_income_otherincome_category_internaltransfer_ratio_28d,model_vars_income,-1000000
bank_txn_income_otherincome_category_internaltransfer_ratio_total_28d,model_vars_income,-1000000
bank_txn_income_otherincome_category_overdrawn_ratio_28d,model_vars_income,-1000000
bank_txn_income_otherincome_category_overdrawn_ratio_total_28d,model_vars_income,-1000000
bank_txn_income_otherincome_category_personalcare_ratio_28d,model_vars_income,-1000000
bank_txn_income_otherincome_category_personalcare_ratio_total_28d,model_vars_income,-1000000
bank_txn_income_otherincome_category_petcare_ratio_28d,model_vars_income,-1000000
bank_txn_income_otherincome_category_petcare_ratio_total_28d,model_vars_income,-1000000
bank_txn_income_otherincome_category_rent_ratio_28d,model_vars_income,-1000000
bank_txn_income_otherincome_category_rent_ratio_total_28d,model_vars_income,-1000000
bank_txn_income_otherincome_category_retail_ratio_28d,model_vars_income,-1000000
bank_txn_income_otherincome_category_retail_ratio_total_28d,model_vars_income,-1000000
bank_txn_income_otherincome_category_subscriptiontv_ratio_28d,model_vars_income,-1000000
bank_txn_income_otherincome_category_subscriptiontv_ratio_total_28d,model_vars_income,-1000000
bank_txn_income_otherincome_category_telecommunications_ratio_28d,model_vars_income,-1000000
bank_txn_income_otherincome_category_telecommunications_ratio_total_28d,model_vars_income,-1000000
bank_txn_income_otherincome_category_transport_ratio_28d,model_vars_income,-1000000
bank_txn_income_otherincome_category_transport_ratio_total_28d,model_vars_income,-1000000
bank_txn_income_otherincome_category_travel_ratio_28d,model_vars_income,-1000000
bank_txn_income_otherincome_category_travel_ratio_total_28d,model_vars_income,-1000000
bank_txn_income_otherincome_category_utilities_ratio_28d,model_vars_income,-1000000
bank_txn_income_otherincome_category_utilities_ratio_total_28d,model_vars_income,-1000000
bank_txn_income_otherincome_category_allothercredits_ratio_56d,model_vars_income,-1000000
bank_txn_income_otherincome_category_allothercredits_ratio_total_56d,model_vars_income,-1000000
bank_txn_income_otherincome_category_automotive_ratio_56d,model_vars_income,-1000000
bank_txn_income_otherincome_category_automotive_ratio_total_56d,model_vars_income,-1000000
bank_txn_income_otherincome_category_departmentstores_ratio_56d,model_vars_income,-1000000
bank_txn_income_otherincome_category_departmentstores_ratio_total_56d,model_vars_income,-1000000
bank_txn_income_otherincome_category_diningout_ratio_56d,model_vars_income,-1000000
bank_txn_income_otherincome_category_diningout_ratio_total_56d,model_vars_income,-1000000
bank_txn_income_otherincome_category_donations_ratio_56d,model_vars_income,-1000000
bank_txn_income_otherincome_category_donations_ratio_total_56d,model_vars_income,-1000000
bank_txn_income_otherincome_category_education_ratio_56d,model_vars_income,-1000000
bank_txn_income_otherincome_category_education_ratio_total_56d,model_vars_income,-1000000
bank_txn_income_otherincome_category_entertainment_ratio_56d,model_vars_income,-1000000
bank_txn_income_otherincome_category_entertainment_ratio_total_56d,model_vars_income,-1000000
bank_txn_income_otherincome_category_fees_ratio_56d,model_vars_income,-1000000
bank_txn_income_otherincome_category_fees_ratio_total_56d,model_vars_income,-1000000
bank_txn_income_otherincome_category_gambling_ratio_56d,model_vars_income,-1000000
bank_txn_income_otherincome_category_gambling_ratio_total_56d,model_vars_income,-1000000
bank_txn_income_otherincome_category_groceries_ratio_56d,model_vars_income,-1000000
bank_txn_income_otherincome_category_groceries_ratio_total_56d,model_vars_income,-1000000
bank_txn_income_otherincome_category_gymsandothermemberships_ratio_56d,model_vars_income,-1000000
bank_txn_income_otherincome_category_gymsandothermemberships_ratio_total_56d,model_vars_income,-1000000
bank_txn_income_otherincome_category_health_ratio_56d,model_vars_income,-1000000
bank_txn_income_otherincome_category_health_ratio_total_56d,model_vars_income,-1000000
bank_txn_income_otherincome_category_homeimprovement_ratio_56d,model_vars_income,-1000000
bank_txn_income_otherincome_category_homeimprovement_ratio_total_56d,model_vars_income,-1000000
bank_txn_income_otherincome_category_insurance_ratio_56d,model_vars_income,-1000000
bank_txn_income_otherincome_category_insurance_ratio_total_56d,model_vars_income,-1000000
bank_txn_income_otherincome_category_internaltransfer_ratio_56d,model_vars_income,-1000000
bank_txn_income_otherincome_category_internaltransfer_ratio_total_56d,model_vars_income,-1000000
bank_txn_income_otherincome_category_overdrawn_ratio_56d,model_vars_income,-1000000
bank_txn_income_otherincome_category_overdrawn_ratio_total_56d,model_vars_income,-1000000
bank_txn_income_otherincome_category_personalcare_ratio_56d,model_vars_income,-1000000
bank_txn_income_otherincome_category_personalcare_ratio_total_56d,model_vars_income,-1000000
bank_txn_income_otherincome_category_petcare_ratio_56d,model_vars_income,-1000000
bank_txn_income_otherincome_category_petcare_ratio_total_56d,model_vars_income,-1000000
bank_txn_income_otherincome_category_rent_ratio_56d,model_vars_income,-1000000
bank_txn_income_otherincome_category_rent_ratio_total_56d,model_vars_income,-1000000
bank_txn_income_otherincome_category_retail_ratio_56d,model_vars_income,-1000000
bank_txn_income_otherincome_category_retail_ratio_total_56d,model_vars_income,-1000000
bank_txn_income_otherincome_category_subscriptiontv_ratio_56d,model_vars_income,-1000000
bank_txn_income_otherincome_category_subscriptiontv_ratio_total_56d,model_vars_income,-1000000
bank_txn_income_otherincome_category_telecommunications_ratio_56d,model_vars_income,-1000000
bank_txn_income_otherincome_category_telecommunications_ratio_total_56d,model_vars_income,-1000000
bank_txn_income_otherincome_category_transport_ratio_56d,model_vars_income,-1000000
bank_txn_income_otherincome_category_transport_ratio_total_56d,model_vars_income,-1000000
bank_txn_income_otherincome_category_travel_ratio_56d,model_vars_income,-1000000
bank_txn_income_otherincome_category_travel_ratio_total_56d,model_vars_income,-1000000
bank_txn_income_otherincome_category_utilities_ratio_56d,model_vars_income,-1000000
bank_txn_income_otherincome_category_utilities_ratio_total_56d,model_vars_income,-1000000
bank_txn_income_otherincome_category_allothercredits_ratio_84d,model_vars_income,-1000000
bank_txn_income_otherincome_category_allothercredits_ratio_total_84d,model_vars_income,-1000000
bank_txn_income_otherincome_category_automotive_ratio_84d,model_vars_income,-1000000
bank_txn_income_otherincome_category_automotive_ratio_total_84d,model_vars_income,-1000000
bank_txn_income_otherincome_category_departmentstores_ratio_84d,model_vars_income,-1000000
bank_txn_income_otherincome_category_departmentstores_ratio_total_84d,model_vars_income,-1000000
bank_txn_income_otherincome_category_diningout_ratio_84d,model_vars_income,-1000000
bank_txn_income_otherincome_category_diningout_ratio_total_84d,model_vars_income,-1000000
bank_txn_income_otherincome_category_donations_ratio_84d,model_vars_income,-1000000
bank_txn_income_otherincome_category_donations_ratio_total_84d,model_vars_income,-1000000
bank_txn_income_otherincome_category_education_ratio_84d,model_vars_income,-1000000
bank_txn_income_otherincome_category_education_ratio_total_84d,model_vars_income,-1000000
bank_txn_income_otherincome_category_entertainment_ratio_84d,model_vars_income,-1000000
bank_txn_income_otherincome_category_entertainment_ratio_total_84d,model_vars_income,-1000000
bank_txn_income_otherincome_category_fees_ratio_84d,model_vars_income,-1000000
bank_txn_income_otherincome_category_fees_ratio_total_84d,model_vars_income,-1000000
bank_txn_income_otherincome_category_gambling_ratio_84d,model_vars_income,-1000000
bank_txn_income_otherincome_category_gambling_ratio_total_84d,model_vars_income,-1000000
bank_txn_income_otherincome_category_groceries_ratio_84d,model_vars_income,-1000000
bank_txn_income_otherincome_category_groceries_ratio_total_84d,model_vars_income,-1000000
bank_txn_income_otherincome_category_gymsandothermemberships_ratio_84d,model_vars_income,-1000000
bank_txn_income_otherincome_category_gymsandothermemberships_ratio_total_84d,model_vars_income,-1000000
bank_txn_income_otherincome_category_health_ratio_84d,model_vars_income,-1000000
bank_txn_income_otherincome_category_health_ratio_total_84d,model_vars_income,-1000000
bank_txn_income_otherincome_category_homeimprovement_ratio_84d,model_vars_income,-1000000
bank_txn_income_otherincome_category_homeimprovement_ratio_total_84d,model_vars_income,-1000000
bank_txn_income_otherincome_category_insurance_ratio_84d,model_vars_income,-1000000
bank_txn_income_otherincome_category_insurance_ratio_total_84d,model_vars_income,-1000000
bank_txn_income_otherincome_category_internaltransfer_ratio_84d,model_vars_income,-1000000
bank_txn_income_otherincome_category_internaltransfer_ratio_total_84d,model_vars_income,-1000000
bank_txn_income_otherincome_category_overdrawn_ratio_84d,model_vars_income,-1000000
bank_txn_income_otherincome_category_overdrawn_ratio_total_84d,model_vars_income,-1000000
bank_txn_income_otherincome_category_personalcare_ratio_84d,model_vars_income,-1000000
bank_txn_income_otherincome_category_personalcare_ratio_total_84d,model_vars_income,-1000000
bank_txn_income_otherincome_category_petcare_ratio_84d,model_vars_income,-1000000
bank_txn_income_otherincome_category_petcare_ratio_total_84d,model_vars_income,-1000000
bank_txn_income_otherincome_category_rent_ratio_84d,model_vars_income,-1000000
bank_txn_income_otherincome_category_rent_ratio_total_84d,model_vars_income,-1000000
bank_txn_income_otherincome_category_retail_ratio_84d,model_vars_income,-1000000
bank_txn_income_otherincome_category_retail_ratio_total_84d,model_vars_income,-1000000
bank_txn_income_otherincome_category_subscriptiontv_ratio_84d,model_vars_income,-1000000
bank_txn_income_otherincome_category_subscriptiontv_ratio_total_84d,model_vars_income,-1000000
bank_txn_income_otherincome_category_telecommunications_ratio_84d,model_vars_income,-1000000
bank_txn_income_otherincome_category_telecommunications_ratio_total_84d,model_vars_income,-1000000
bank_txn_income_otherincome_category_transport_ratio_84d,model_vars_income,-1000000
bank_txn_income_otherincome_category_transport_ratio_total_84d,model_vars_income,-1000000
bank_txn_income_otherincome_category_travel_ratio_84d,model_vars_income,-1000000
bank_txn_income_otherincome_category_travel_ratio_total_84d,model_vars_income,-1000000
bank_txn_income_otherincome_category_utilities_ratio_84d,model_vars_income,-1000000
bank_txn_income_otherincome_category_utilities_ratio_total_84d,model_vars_income,-1000000
bank_txn_income_otherincome_category_allothercredits_ratio_168d,model_vars_income,-1000000
bank_txn_income_otherincome_category_allothercredits_ratio_total_168d,model_vars_income,-1000000
bank_txn_income_otherincome_category_automotive_ratio_168d,model_vars_income,-1000000
bank_txn_income_otherincome_category_automotive_ratio_total_168d,model_vars_income,-1000000
bank_txn_income_otherincome_category_departmentstores_ratio_168d,model_vars_income,-1000000
bank_txn_income_otherincome_category_departmentstores_ratio_total_168d,model_vars_income,-1000000
bank_txn_income_otherincome_category_diningout_ratio_168d,model_vars_income,-1000000
bank_txn_income_otherincome_category_diningout_ratio_total_168d,model_vars_income,-1000000
bank_txn_income_otherincome_category_donations_ratio_168d,model_vars_income,-1000000
bank_txn_income_otherincome_category_donations_ratio_total_168d,model_vars_income,-1000000
bank_txn_income_otherincome_category_education_ratio_168d,model_vars_income,-1000000
bank_txn_income_otherincome_category_education_ratio_total_168d,model_vars_income,-1000000
bank_txn_income_otherincome_category_entertainment_ratio_168d,model_vars_income,-1000000
bank_txn_income_otherincome_category_entertainment_ratio_total_168d,model_vars_income,-1000000
bank_txn_income_otherincome_category_fees_ratio_168d,model_vars_income,-1000000
bank_txn_income_otherincome_category_fees_ratio_total_168d,model_vars_income,-1000000
bank_txn_income_otherincome_category_gambling_ratio_168d,model_vars_income,-1000000
bank_txn_income_otherincome_category_gambling_ratio_total_168d,model_vars_income,-1000000
bank_txn_income_otherincome_category_groceries_ratio_168d,model_vars_income,-1000000
bank_txn_income_otherincome_category_groceries_ratio_total_168d,model_vars_income,-1000000
bank_txn_income_otherincome_category_gymsandothermemberships_ratio_168d,model_vars_income,-1000000
bank_txn_income_otherincome_category_gymsandothermemberships_ratio_total_168d,model_vars_income,-1000000
bank_txn_income_otherincome_category_health_ratio_168d,model_vars_income,-1000000
bank_txn_income_otherincome_category_health_ratio_total_168d,model_vars_income,-1000000
bank_txn_income_otherincome_category_homeimprovement_ratio_168d,model_vars_income,-1000000
bank_txn_income_otherincome_category_homeimprovement_ratio_total_168d,model_vars_income,-1000000
bank_txn_income_otherincome_category_insurance_ratio_168d,model_vars_income,-1000000
bank_txn_income_otherincome_category_insurance_ratio_total_168d,model_vars_income,-1000000
bank_txn_income_otherincome_category_internaltransfer_ratio_168d,model_vars_income,-1000000
bank_txn_income_otherincome_category_internaltransfer_ratio_total_168d,model_vars_income,-1000000
bank_txn_income_otherincome_category_overdrawn_ratio_168d,model_vars_income,-1000000
bank_txn_income_otherincome_category_overdrawn_ratio_total_168d,model_vars_income,-1000000
bank_txn_income_otherincome_category_personalcare_ratio_168d,model_vars_income,-1000000
bank_txn_income_otherincome_category_personalcare_ratio_total_168d,model_vars_income,-1000000
bank_txn_income_otherincome_category_petcare_ratio_168d,model_vars_income,-1000000
bank_txn_income_otherincome_category_petcare_ratio_total_168d,model_vars_income,-1000000
bank_txn_income_otherincome_category_rent_ratio_168d,model_vars_income,-1000000
bank_txn_income_otherincome_category_rent_ratio_total_168d,model_vars_income,-1000000
bank_txn_income_otherincome_category_retail_ratio_168d,model_vars_income,-1000000
bank_txn_income_otherincome_category_retail_ratio_total_168d,model_vars_income,-1000000
bank_txn_income_otherincome_category_subscriptiontv_ratio_168d,model_vars_income,-1000000
bank_txn_income_otherincome_category_subscriptiontv_ratio_total_168d,model_vars_income,-1000000
bank_txn_income_otherincome_category_telecommunications_ratio_168d,model_vars_income,-1000000
bank_txn_income_otherincome_category_telecommunications_ratio_total_168d,model_vars_income,-1000000
bank_txn_income_otherincome_category_transport_ratio_168d,model_vars_income,-1000000
bank_txn_income_otherincome_category_transport_ratio_total_168d,model_vars_income,-1000000
bank_txn_income_otherincome_category_travel_ratio_168d,model_vars_income,-1000000
bank_txn_income_otherincome_category_travel_ratio_total_168d,model_vars_income,-1000000
bank_txn_income_otherincome_category_utilities_ratio_168d,model_vars_income,-1000000
bank_txn_income_otherincome_category_utilities_ratio_total_168d,model_vars_income,-1000000
bank_txn_income_otherincome_category_allothercredits_ratio_182d,model_vars_income,-1000000
bank_txn_income_otherincome_category_allothercredits_ratio_total_182d,model_vars_income,-1000000
bank_txn_income_otherincome_category_automotive_ratio_182d,model_vars_income,-1000000
bank_txn_income_otherincome_category_automotive_ratio_total_182d,model_vars_income,-1000000
bank_txn_income_otherincome_category_departmentstores_ratio_182d,model_vars_income,-1000000
bank_txn_income_otherincome_category_departmentstores_ratio_total_182d,model_vars_income,-1000000
bank_txn_income_otherincome_category_diningout_ratio_182d,model_vars_income,-1000000
bank_txn_income_otherincome_category_diningout_ratio_total_182d,model_vars_income,-1000000
bank_txn_income_otherincome_category_donations_ratio_182d,model_vars_income,-1000000
bank_txn_income_otherincome_category_donations_ratio_total_182d,model_vars_income,-1000000
bank_txn_income_otherincome_category_education_ratio_182d,model_vars_income,-1000000
bank_txn_income_otherincome_category_education_ratio_total_182d,model_vars_income,-1000000
bank_txn_income_otherincome_category_entertainment_ratio_182d,model_vars_income,-1000000
bank_txn_income_otherincome_category_entertainment_ratio_total_182d,model_vars_income,-1000000
bank_txn_income_otherincome_category_fees_ratio_182d,model_vars_income,-1000000
bank_txn_income_otherincome_category_fees_ratio_total_182d,model_vars_income,-1000000
bank_txn_income_otherincome_category_gambling_ratio_182d,model_vars_income,-1000000
bank_txn_income_otherincome_category_gambling_ratio_total_182d,model_vars_income,-1000000
bank_txn_income_otherincome_category_groceries_ratio_182d,model_vars_income,-1000000
bank_txn_income_otherincome_category_groceries_ratio_total_182d,model_vars_income,-1000000
bank_txn_income_otherincome_category_gymsandothermemberships_ratio_182d,model_vars_income,-1000000
bank_txn_income_otherincome_category_gymsandothermemberships_ratio_total_182d,model_vars_income,-1000000
bank_txn_income_otherincome_category_health_ratio_182d,model_vars_income,-1000000
bank_txn_income_otherincome_category_health_ratio_total_182d,model_vars_income,-1000000
bank_txn_income_otherincome_category_homeimprovement_ratio_182d,model_vars_income,-1000000
bank_txn_income_otherincome_category_homeimprovement_ratio_total_182d,model_vars_income,-1000000
bank_txn_income_otherincome_category_insurance_ratio_182d,model_vars_income,-1000000
bank_txn_income_otherincome_category_insurance_ratio_total_182d,model_vars_income,-1000000
bank_txn_income_otherincome_category_internaltransfer_ratio_182d,model_vars_income,-1000000
bank_txn_income_otherincome_category_internaltransfer_ratio_total_182d,model_vars_income,-1000000
bank_txn_income_otherincome_category_overdrawn_ratio_182d,model_vars_income,-1000000
bank_txn_income_otherincome_category_overdrawn_ratio_total_182d,model_vars_income,-1000000
bank_txn_income_otherincome_category_personalcare_ratio_182d,model_vars_income,-1000000
bank_txn_income_otherincome_category_personalcare_ratio_total_182d,model_vars_income,-1000000
bank_txn_income_otherincome_category_petcare_ratio_182d,model_vars_income,-1000000
bank_txn_income_otherincome_category_petcare_ratio_total_182d,model_vars_income,-1000000
bank_txn_income_otherincome_category_rent_ratio_182d,model_vars_income,-1000000
bank_txn_income_otherincome_category_rent_ratio_total_182d,model_vars_income,-1000000
bank_txn_income_otherincome_category_retail_ratio_182d,model_vars_income,-1000000
bank_txn_income_otherincome_category_retail_ratio_total_182d,model_vars_income,-1000000
bank_txn_income_otherincome_category_subscriptiontv_ratio_182d,model_vars_income,-1000000
bank_txn_income_otherincome_category_subscriptiontv_ratio_total_182d,model_vars_income,-1000000
bank_txn_income_otherincome_category_telecommunications_ratio_182d,model_vars_income,-1000000
bank_txn_income_otherincome_category_telecommunications_ratio_total_182d,model_vars_income,-1000000
bank_txn_income_otherincome_category_transport_ratio_182d,model_vars_income,-1000000
bank_txn_income_otherincome_category_transport_ratio_total_182d,model_vars_income,-1000000
bank_txn_income_otherincome_category_travel_ratio_182d,model_vars_income,-1000000
bank_txn_income_otherincome_category_travel_ratio_total_182d,model_vars_income,-1000000
bank_txn_income_otherincome_category_utilities_ratio_182d,model_vars_income,-1000000
bank_txn_income_otherincome_category_utilities_ratio_total_182d,model_vars_income,-1000000
bank_txn_income_otherincome_category_allothercredits_latest_amount,model_vars_income,-1000000
bank_txn_income_otherincome_category_automotive_latest_amount,model_vars_income,-1000000
bank_txn_income_otherincome_category_departmentstores_latest_amount,model_vars_income,-1000000
bank_txn_income_otherincome_category_diningout_latest_amount,model_vars_income,-1000000
bank_txn_income_otherincome_category_donations_latest_amount,model_vars_income,-1000000
bank_txn_income_otherincome_category_education_latest_amount,model_vars_income,-1000000
bank_txn_income_otherincome_category_entertainment_latest_amount,model_vars_income,-1000000
bank_txn_income_otherincome_category_fees_latest_amount,model_vars_income,-1000000
bank_txn_income_otherincome_category_gambling_latest_amount,model_vars_income,-1000000
bank_txn_income_otherincome_category_groceries_latest_amount,model_vars_income,-1000000
bank_txn_income_otherincome_category_gymsandothermemberships_latest_amount,model_vars_income,-1000000
bank_txn_income_otherincome_category_health_latest_amount,model_vars_income,-1000000
bank_txn_income_otherincome_category_homeimprovement_latest_amount,model_vars_income,-1000000
bank_txn_income_otherincome_category_insurance_latest_amount,model_vars_income,-1000000
bank_txn_income_otherincome_category_internaltransfer_latest_amount,model_vars_income,-1000000
bank_txn_income_otherincome_category_overdrawn_latest_amount,model_vars_income,-1000000
bank_txn_income_otherincome_category_personalcare_latest_amount,model_vars_income,-1000000
bank_txn_income_otherincome_category_petcare_latest_amount,model_vars_income,-1000000
bank_txn_income_otherincome_category_rent_latest_amount,model_vars_income,-1000000
bank_txn_income_otherincome_category_retail_latest_amount,model_vars_income,-1000000
bank_txn_income_otherincome_category_subscriptiontv_latest_amount,model_vars_income,-1000000
bank_txn_income_otherincome_category_telecommunications_latest_amount,model_vars_income,-1000000
bank_txn_income_otherincome_category_transport_latest_amount,model_vars_income,-1000000
bank_txn_income_otherincome_category_travel_latest_amount,model_vars_income,-1000000
bank_txn_income_otherincome_category_utilities_latest_amount,model_vars_income,-1000000
bank_txn_income_otherincome_category_allothercredits_latest_vs_3m,model_vars_income,-1000000
bank_txn_income_otherincome_category_allothercredits_1m_vs_3m,model_vars_income,-1000000
bank_txn_income_otherincome_category_allothercredits_3m_vs_6m,model_vars_income,-1000000
bank_txn_income_otherincome_category_automotive_latest_vs_3m,model_vars_income,-1000000
bank_txn_income_otherincome_category_automotive_1m_vs_3m,model_vars_income,-1000000
bank_txn_income_otherincome_category_automotive_3m_vs_6m,model_vars_income,-1000000
bank_txn_income_otherincome_category_departmentstores_latest_vs_3m,model_vars_income,-1000000
bank_txn_income_otherincome_category_departmentstores_1m_vs_3m,model_vars_income,-1000000
bank_txn_income_otherincome_category_departmentstores_3m_vs_6m,model_vars_income,-1000000
bank_txn_income_otherincome_category_diningout_latest_vs_3m,model_vars_income,-1000000
bank_txn_income_otherincome_category_diningout_1m_vs_3m,model_vars_income,-1000000
bank_txn_income_otherincome_category_diningout_3m_vs_6m,model_vars_income,-1000000
bank_txn_income_otherincome_category_donations_latest_vs_3m,model_vars_income,-1000000
bank_txn_income_otherincome_category_donations_1m_vs_3m,model_vars_income,-1000000
bank_txn_income_otherincome_category_donations_3m_vs_6m,model_vars_income,-1000000
bank_txn_income_otherincome_category_education_latest_vs_3m,model_vars_income,-1000000
bank_txn_income_otherincome_category_education_1m_vs_3m,model_vars_income,-1000000
bank_txn_income_otherincome_category_education_3m_vs_6m,model_vars_income,-1000000
bank_txn_income_otherincome_category_entertainment_latest_vs_3m,model_vars_income,-1000000
bank_txn_income_otherincome_category_entertainment_1m_vs_3m,model_vars_income,-1000000
bank_txn_income_otherincome_category_entertainment_3m_vs_6m,model_vars_income,-1000000
bank_txn_income_otherincome_category_fees_latest_vs_3m,model_vars_income,-1000000
bank_txn_income_otherincome_category_fees_1m_vs_3m,model_vars_income,-1000000
bank_txn_income_otherincome_category_fees_3m_vs_6m,model_vars_income,-1000000
bank_txn_income_otherincome_category_gambling_latest_vs_3m,model_vars_income,-1000000
bank_txn_income_otherincome_category_gambling_1m_vs_3m,model_vars_income,-1000000
bank_txn_income_otherincome_category_gambling_3m_vs_6m,model_vars_income,-1000000
bank_txn_income_otherincome_category_groceries_latest_vs_3m,model_vars_income,-1000000
bank_txn_income_otherincome_category_groceries_1m_vs_3m,model_vars_income,-1000000
bank_txn_income_otherincome_category_groceries_3m_vs_6m,model_vars_income,-1000000
bank_txn_income_otherincome_category_gymsandothermemberships_latest_vs_3m,model_vars_income,-1000000
bank_txn_income_otherincome_category_gymsandothermemberships_1m_vs_3m,model_vars_income,-1000000
bank_txn_income_otherincome_category_gymsandothermemberships_3m_vs_6m,model_vars_income,-1000000
bank_txn_income_otherincome_category_health_latest_vs_3m,model_vars_income,-1000000
bank_txn_income_otherincome_category_health_1m_vs_3m,model_vars_income,-1000000
bank_txn_income_otherincome_category_health_3m_vs_6m,model_vars_income,-1000000
bank_txn_income_otherincome_category_homeimprovement_latest_vs_3m,model_vars_income,-1000000
bank_txn_income_otherincome_category_homeimprovement_1m_vs_3m,model_vars_income,-1000000
bank_txn_income_otherincome_category_homeimprovement_3m_vs_6m,model_vars_income,-1000000
bank_txn_income_otherincome_category_insurance_latest_vs_3m,model_vars_income,-1000000
bank_txn_income_otherincome_category_insurance_1m_vs_3m,model_vars_income,-1000000
bank_txn_income_otherincome_category_insurance_3m_vs_6m,model_vars_income,-1000000
bank_txn_income_otherincome_category_internaltransfer_latest_vs_3m,model_vars_income,-1000000
bank_txn_income_otherincome_category_internaltransfer_1m_vs_3m,model_vars_income,-1000000
bank_txn_income_otherincome_category_internaltransfer_3m_vs_6m,model_vars_income,-1000000
bank_txn_income_otherincome_category_overdrawn_latest_vs_3m,model_vars_income,-1000000
bank_txn_income_otherincome_category_overdrawn_1m_vs_3m,model_vars_income,-1000000
bank_txn_income_otherincome_category_overdrawn_3m_vs_6m,model_vars_income,-1000000
bank_txn_income_otherincome_category_personalcare_latest_vs_3m,model_vars_income,-1000000
bank_txn_income_otherincome_category_personalcare_1m_vs_3m,model_vars_income,-1000000
bank_txn_income_otherincome_category_personalcare_3m_vs_6m,model_vars_income,-1000000
bank_txn_income_otherincome_category_petcare_latest_vs_3m,model_vars_income,-1000000
bank_txn_income_otherincome_category_petcare_1m_vs_3m,model_vars_income,-1000000
bank_txn_income_otherincome_category_petcare_3m_vs_6m,model_vars_income,-1000000
bank_txn_income_otherincome_category_rent_latest_vs_3m,model_vars_income,-1000000
bank_txn_income_otherincome_category_rent_1m_vs_3m,model_vars_income,-1000000
bank_txn_income_otherincome_category_rent_3m_vs_6m,model_vars_income,-1000000
bank_txn_income_otherincome_category_retail_latest_vs_3m,model_vars_income,-1000000
bank_txn_income_otherincome_category_retail_1m_vs_3m,model_vars_income,-1000000
bank_txn_income_otherincome_category_retail_3m_vs_6m,model_vars_income,-1000000
bank_txn_income_otherincome_category_subscriptiontv_latest_vs_3m,model_vars_income,-1000000
bank_txn_income_otherincome_category_subscriptiontv_1m_vs_3m,model_vars_income,-1000000
bank_txn_income_otherincome_category_subscriptiontv_3m_vs_6m,model_vars_income,-1000000
bank_txn_income_otherincome_category_telecommunications_latest_vs_3m,model_vars_income,-1000000
bank_txn_income_otherincome_category_telecommunications_1m_vs_3m,model_vars_income,-1000000
bank_txn_income_otherincome_category_telecommunications_3m_vs_6m,model_vars_income,-1000000
bank_txn_income_otherincome_category_transport_latest_vs_3m,model_vars_income,-1000000
bank_txn_income_otherincome_category_transport_1m_vs_3m,model_vars_income,-1000000
bank_txn_income_otherincome_category_transport_3m_vs_6m,model_vars_income,-1000000
bank_txn_income_otherincome_category_travel_latest_vs_3m,model_vars_income,-1000000
bank_txn_income_otherincome_category_travel_1m_vs_3m,model_vars_income,-1000000
bank_txn_income_otherincome_category_travel_3m_vs_6m,model_vars_income,-1000000
bank_txn_income_otherincome_category_utilities_latest_vs_3m,model_vars_income,-1000000
bank_txn_income_otherincome_category_utilities_1m_vs_3m,model_vars_income,-1000000
bank_txn_income_otherincome_category_utilities_3m_vs_6m,model_vars_income,-1000000
bank_txn_income_otherincome_category_allothercredits_interval_std,model_vars_income,-1000000
bank_txn_income_otherincome_category_allothercredits_interval_max,model_vars_income,-1000000
bank_txn_income_otherincome_category_allothercredits_interval_gap_30_count,model_vars_income,-1000000
bank_txn_income_otherincome_category_automotive_interval_std,model_vars_income,-1000000
bank_txn_income_otherincome_category_automotive_interval_max,model_vars_income,-1000000
bank_txn_income_otherincome_category_automotive_interval_gap_30_count,model_vars_income,-1000000
bank_txn_income_otherincome_category_departmentstores_interval_std,model_vars_income,-1000000
bank_txn_income_otherincome_category_departmentstores_interval_max,model_vars_income,-1000000
bank_txn_income_otherincome_category_departmentstores_interval_gap_30_count,model_vars_income,-1000000
bank_txn_income_otherincome_category_diningout_interval_std,model_vars_income,-1000000
bank_txn_income_otherincome_category_diningout_interval_max,model_vars_income,-1000000
bank_txn_income_otherincome_category_diningout_interval_gap_30_count,model_vars_income,-1000000
bank_txn_income_otherincome_category_donations_interval_std,model_vars_income,-1000000
bank_txn_income_otherincome_category_donations_interval_max,model_vars_income,-1000000
bank_txn_income_otherincome_category_donations_interval_gap_30_count,model_vars_income,-1000000
bank_txn_income_otherincome_category_education_interval_std,model_vars_income,-1000000
bank_txn_income_otherincome_category_education_interval_max,model_vars_income,-1000000
bank_txn_income_otherincome_category_education_interval_gap_30_count,model_vars_income,-1000000
bank_txn_income_otherincome_category_entertainment_interval_std,model_vars_income,-1000000
bank_txn_income_otherincome_category_entertainment_interval_max,model_vars_income,-1000000
bank_txn_income_otherincome_category_entertainment_interval_gap_30_count,model_vars_income,-1000000
bank_txn_income_otherincome_category_fees_interval_std,model_vars_income,-1000000
bank_txn_income_otherincome_category_fees_interval_max,model_vars_income,-1000000
bank_txn_income_otherincome_category_fees_interval_gap_30_count,model_vars_income,-1000000
bank_txn_income_otherincome_category_gambling_interval_std,model_vars_income,-1000000
bank_txn_income_otherincome_category_gambling_interval_max,model_vars_income,-1000000
bank_txn_income_otherincome_category_gambling_interval_gap_30_count,model_vars_income,-1000000
bank_txn_income_otherincome_category_groceries_interval_std,model_vars_income,-1000000
bank_txn_income_otherincome_category_groceries_interval_max,model_vars_income,-1000000
bank_txn_income_otherincome_category_groceries_interval_gap_30_count,model_vars_income,-1000000
bank_txn_income_otherincome_category_gymsandothermemberships_interval_std,model_vars_income,-1000000
bank_txn_income_otherincome_category_gymsandothermemberships_interval_max,model_vars_income,-1000000
bank_txn_income_otherincome_category_gymsandothermemberships_interval_gap_30_count,model_vars_income,-1000000
bank_txn_income_otherincome_category_health_interval_std,model_vars_income,-1000000
bank_txn_income_otherincome_category_health_interval_max,model_vars_income,-1000000
bank_txn_income_otherincome_category_health_interval_gap_30_count,model_vars_income,-1000000
bank_txn_income_otherincome_category_homeimprovement_interval_std,model_vars_income,-1000000
bank_txn_income_otherincome_category_homeimprovement_interval_max,model_vars_income,-1000000
bank_txn_income_otherincome_category_homeimprovement_interval_gap_30_count,model_vars_income,-1000000
bank_txn_income_otherincome_category_insurance_interval_std,model_vars_income,-1000000
bank_txn_income_otherincome_category_insurance_interval_max,model_vars_income,-1000000
bank_txn_income_otherincome_category_insurance_interval_gap_30_count,model_vars_income,-1000000
bank_txn_income_otherincome_category_internaltransfer_interval_std,model_vars_income,-1000000
bank_txn_income_otherincome_category_internaltransfer_interval_max,model_vars_income,-1000000
bank_txn_income_otherincome_category_internaltransfer_interval_gap_30_count,model_vars_income,-1000000
bank_txn_income_otherincome_category_overdrawn_interval_std,model_vars_income,-1000000
bank_txn_income_otherincome_category_overdrawn_interval_max,model_vars_income,-1000000
bank_txn_income_otherincome_category_overdrawn_interval_gap_30_count,model_vars_income,-1000000
bank_txn_income_otherincome_category_personalcare_interval_std,model_vars_income,-1000000
bank_txn_income_otherincome_category_personalcare_interval_max,model_vars_income,-1000000
bank_txn_income_otherincome_category_personalcare_interval_gap_30_count,model_vars_income,-1000000
bank_txn_income_otherincome_category_petcare_interval_std,model_vars_income,-1000000
bank_txn_income_otherincome_category_petcare_interval_max,model_vars_income,-1000000
bank_txn_income_otherincome_category_petcare_interval_gap_30_count,model_vars_income,-1000000
bank_txn_income_otherincome_category_rent_interval_std,model_vars_income,-1000000
bank_txn_income_otherincome_category_rent_interval_max,model_vars_income,-1000000
bank_txn_income_otherincome_category_rent_interval_gap_30_count,model_vars_income,-1000000
bank_txn_income_otherincome_category_retail_interval_std,model_vars_income,-1000000
bank_txn_income_otherincome_category_retail_interval_max,model_vars_income,-1000000
bank_txn_income_otherincome_category_retail_interval_gap_30_count,model_vars_income,-1000000
bank_txn_income_otherincome_category_subscriptiontv_interval_std,model_vars_income,-1000000
bank_txn_income_otherincome_category_subscriptiontv_interval_max,model_vars_income,-1000000
bank_txn_income_otherincome_category_subscriptiontv_interval_gap_30_count,model_vars_income,-1000000
bank_txn_income_otherincome_category_telecommunications_interval_std,model_vars_income,-1000000
bank_txn_income_otherincome_category_telecommunications_interval_max,model_vars_income,-1000000
bank_txn_income_otherincome_category_telecommunications_interval_gap_30_count,model_vars_income,-1000000
bank_txn_income_otherincome_category_transport_interval_std,model_vars_income,-1000000
bank_txn_income_otherincome_category_transport_interval_max,model_vars_income,-1000000
bank_txn_income_otherincome_category_transport_interval_gap_30_count,model_vars_income,-1000000
bank_txn_income_otherincome_category_travel_interval_std,model_vars_income,-1000000
bank_txn_income_otherincome_category_travel_interval_max,model_vars_income,-1000000
bank_txn_income_otherincome_category_travel_interval_gap_30_count,model_vars_income,-1000000
bank_txn_income_otherincome_category_utilities_interval_std,model_vars_income,-1000000
bank_txn_income_otherincome_category_utilities_interval_max,model_vars_income,-1000000
bank_txn_income_otherincome_category_utilities_interval_gap_30_count,model_vars_income,-1000000
bank_txn_income_otherincome_category_allothercredits_growth_rate_max,model_vars_income,-1000000
bank_txn_income_otherincome_category_allothercredits_growth_rate_min,model_vars_income,-1000000
bank_txn_income_otherincome_category_automotive_growth_rate_max,model_vars_income,-1000000
bank_txn_income_otherincome_category_automotive_growth_rate_min,model_vars_income,-1000000
bank_txn_income_otherincome_category_departmentstores_growth_rate_max,model_vars_income,-1000000
bank_txn_income_otherincome_category_departmentstores_growth_rate_min,model_vars_income,-1000000
bank_txn_income_otherincome_category_diningout_growth_rate_max,model_vars_income,-1000000
bank_txn_income_otherincome_category_diningout_growth_rate_min,model_vars_income,-1000000
bank_txn_income_otherincome_category_donations_growth_rate_max,model_vars_income,-1000000
bank_txn_income_otherincome_category_donations_growth_rate_min,model_vars_income,-1000000
bank_txn_income_otherincome_category_education_growth_rate_max,model_vars_income,-1000000
bank_txn_income_otherincome_category_education_growth_rate_min,model_vars_income,-1000000
bank_txn_income_otherincome_category_entertainment_growth_rate_max,model_vars_income,-1000000
bank_txn_income_otherincome_category_entertainment_growth_rate_min,model_vars_income,-1000000
bank_txn_income_otherincome_category_fees_growth_rate_max,model_vars_income,-1000000
bank_txn_income_otherincome_category_fees_growth_rate_min,model_vars_income,-1000000
bank_txn_income_otherincome_category_gambling_growth_rate_max,model_vars_income,-1000000
bank_txn_income_otherincome_category_gambling_growth_rate_min,model_vars_income,-1000000
bank_txn_income_otherincome_category_groceries_growth_rate_max,model_vars_income,-1000000
bank_txn_income_otherincome_category_groceries_growth_rate_min,model_vars_income,-1000000
bank_txn_income_otherincome_category_gymsandothermemberships_growth_rate_max,model_vars_income,-1000000
bank_txn_income_otherincome_category_gymsandothermemberships_growth_rate_min,model_vars_income,-1000000
bank_txn_income_otherincome_category_health_growth_rate_max,model_vars_income,-1000000
bank_txn_income_otherincome_category_health_growth_rate_min,model_vars_income,-1000000
bank_txn_income_otherincome_category_homeimprovement_growth_rate_max,model_vars_income,-1000000
bank_txn_income_otherincome_category_homeimprovement_growth_rate_min,model_vars_income,-1000000
bank_txn_income_otherincome_category_insurance_growth_rate_max,model_vars_income,-1000000
bank_txn_income_otherincome_category_insurance_growth_rate_min,model_vars_income,-1000000
bank_txn_income_otherincome_category_internaltransfer_growth_rate_max,model_vars_income,-1000000
bank_txn_income_otherincome_category_internaltransfer_growth_rate_min,model_vars_income,-1000000
bank_txn_income_otherincome_category_overdrawn_growth_rate_max,model_vars_income,-1000000
bank_txn_income_otherincome_category_overdrawn_growth_rate_min,model_vars_income,-1000000
bank_txn_income_otherincome_category_personalcare_growth_rate_max,model_vars_income,-1000000
bank_txn_income_otherincome_category_personalcare_growth_rate_min,model_vars_income,-1000000
bank_txn_income_otherincome_category_petcare_growth_rate_max,model_vars_income,-1000000
bank_txn_income_otherincome_category_petcare_growth_rate_min,model_vars_income,-1000000
bank_txn_income_otherincome_category_rent_growth_rate_max,model_vars_income,-1000000
bank_txn_income_otherincome_category_rent_growth_rate_min,model_vars_income,-1000000
bank_txn_income_otherincome_category_retail_growth_rate_max,model_vars_income,-1000000
bank_txn_income_otherincome_category_retail_growth_rate_min,model_vars_income,-1000000
bank_txn_income_otherincome_category_subscriptiontv_growth_rate_max,model_vars_income,-1000000
bank_txn_income_otherincome_category_subscriptiontv_growth_rate_min,model_vars_income,-1000000
bank_txn_income_otherincome_category_telecommunications_growth_rate_max,model_vars_income,-1000000
bank_txn_income_otherincome_category_telecommunications_growth_rate_min,model_vars_income,-1000000
bank_txn_income_otherincome_category_transport_growth_rate_max,model_vars_income,-1000000
bank_txn_income_otherincome_category_transport_growth_rate_min,model_vars_income,-1000000
bank_txn_income_otherincome_category_travel_growth_rate_max,model_vars_income,-1000000
bank_txn_income_otherincome_category_travel_growth_rate_min,model_vars_income,-1000000
bank_txn_income_otherincome_category_utilities_growth_rate_max,model_vars_income,-1000000
bank_txn_income_otherincome_category_utilities_growth_rate_min,model_vars_income,-1000000
bank_txn_income_otherincome_category_allothercredits_max_consecutive_months,model_vars_income,-1000000
bank_txn_income_otherincome_category_automotive_max_consecutive_months,model_vars_income,-1000000
bank_txn_income_otherincome_category_departmentstores_max_consecutive_months,model_vars_income,-1000000
bank_txn_income_otherincome_category_diningout_max_consecutive_months,model_vars_income,-1000000
bank_txn_income_otherincome_category_donations_max_consecutive_months,model_vars_income,-1000000
bank_txn_income_otherincome_category_education_max_consecutive_months,model_vars_income,-1000000
bank_txn_income_otherincome_category_entertainment_max_consecutive_months,model_vars_income,-1000000
bank_txn_income_otherincome_category_fees_max_consecutive_months,model_vars_income,-1000000
bank_txn_income_otherincome_category_gambling_max_consecutive_months,model_vars_income,-1000000
bank_txn_income_otherincome_category_groceries_max_consecutive_months,model_vars_income,-1000000
bank_txn_income_otherincome_category_gymsandothermemberships_max_consecutive_months,model_vars_income,-1000000
bank_txn_income_otherincome_category_health_max_consecutive_months,model_vars_income,-1000000
bank_txn_income_otherincome_category_homeimprovement_max_consecutive_months,model_vars_income,-1000000
bank_txn_income_otherincome_category_insurance_max_consecutive_months,model_vars_income,-1000000
bank_txn_income_otherincome_category_internaltransfer_max_consecutive_months,model_vars_income,-1000000
bank_txn_income_otherincome_category_overdrawn_max_consecutive_months,model_vars_income,-1000000
bank_txn_income_otherincome_category_personalcare_max_consecutive_months,model_vars_income,-1000000
bank_txn_income_otherincome_category_petcare_max_consecutive_months,model_vars_income,-1000000
bank_txn_income_otherincome_category_rent_max_consecutive_months,model_vars_income,-1000000
bank_txn_income_otherincome_category_retail_max_consecutive_months,model_vars_income,-1000000
bank_txn_income_otherincome_category_subscriptiontv_max_consecutive_months,model_vars_income,-1000000
bank_txn_income_otherincome_category_telecommunications_max_consecutive_months,model_vars_income,-1000000
bank_txn_income_otherincome_category_transport_max_consecutive_months,model_vars_income,-1000000
bank_txn_income_otherincome_category_travel_max_consecutive_months,model_vars_income,-1000000
bank_txn_income_otherincome_category_utilities_max_consecutive_months,model_vars_income,-1000000
bank_txn_income_otherincome_category_allothercredits_trend_slope_7d,model_vars_income,-1000000
bank_txn_income_otherincome_category_automotive_trend_slope_7d,model_vars_income,-1000000
bank_txn_income_otherincome_category_departmentstores_trend_slope_7d,model_vars_income,-1000000
bank_txn_income_otherincome_category_diningout_trend_slope_7d,model_vars_income,-1000000
bank_txn_income_otherincome_category_donations_trend_slope_7d,model_vars_income,-1000000
bank_txn_income_otherincome_category_education_trend_slope_7d,model_vars_income,-1000000
bank_txn_income_otherincome_category_entertainment_trend_slope_7d,model_vars_income,-1000000
bank_txn_income_otherincome_category_fees_trend_slope_7d,model_vars_income,-1000000
bank_txn_income_otherincome_category_gambling_trend_slope_7d,model_vars_income,-1000000
bank_txn_income_otherincome_category_groceries_trend_slope_7d,model_vars_income,-1000000
bank_txn_income_otherincome_category_gymsandothermemberships_trend_slope_7d,model_vars_income,-1000000
bank_txn_income_otherincome_category_health_trend_slope_7d,model_vars_income,-1000000
bank_txn_income_otherincome_category_homeimprovement_trend_slope_7d,model_vars_income,-1000000
bank_txn_income_otherincome_category_insurance_trend_slope_7d,model_vars_income,-1000000
bank_txn_income_otherincome_category_internaltransfer_trend_slope_7d,model_vars_income,-1000000
bank_txn_income_otherincome_category_overdrawn_trend_slope_7d,model_vars_income,-1000000
bank_txn_income_otherincome_category_personalcare_trend_slope_7d,model_vars_income,-1000000
bank_txn_income_otherincome_category_petcare_trend_slope_7d,model_vars_income,-1000000
bank_txn_income_otherincome_category_rent_trend_slope_7d,model_vars_income,-1000000
bank_txn_income_otherincome_category_retail_trend_slope_7d,model_vars_income,-1000000
bank_txn_income_otherincome_category_subscriptiontv_trend_slope_7d,model_vars_income,-1000000
bank_txn_income_otherincome_category_telecommunications_trend_slope_7d,model_vars_income,-1000000
bank_txn_income_otherincome_category_transport_trend_slope_7d,model_vars_income,-1000000
bank_txn_income_otherincome_category_travel_trend_slope_7d,model_vars_income,-1000000
bank_txn_income_otherincome_category_utilities_trend_slope_7d,model_vars_income,-1000000
bank_txn_income_otherincome_category_allothercredits_trend_slope_14d,model_vars_income,-1000000
bank_txn_income_otherincome_category_automotive_trend_slope_14d,model_vars_income,-1000000
bank_txn_income_otherincome_category_departmentstores_trend_slope_14d,model_vars_income,-1000000
bank_txn_income_otherincome_category_diningout_trend_slope_14d,model_vars_income,-1000000
bank_txn_income_otherincome_category_donations_trend_slope_14d,model_vars_income,-1000000
bank_txn_income_otherincome_category_education_trend_slope_14d,model_vars_income,-1000000
bank_txn_income_otherincome_category_entertainment_trend_slope_14d,model_vars_income,-1000000
bank_txn_income_otherincome_category_fees_trend_slope_14d,model_vars_income,-1000000
bank_txn_income_otherincome_category_gambling_trend_slope_14d,model_vars_income,-1000000
bank_txn_income_otherincome_category_groceries_trend_slope_14d,model_vars_income,-1000000
bank_txn_income_otherincome_category_gymsandothermemberships_trend_slope_14d,model_vars_income,-1000000
bank_txn_income_otherincome_category_health_trend_slope_14d,model_vars_income,-1000000
bank_txn_income_otherincome_category_homeimprovement_trend_slope_14d,model_vars_income,-1000000
bank_txn_income_otherincome_category_insurance_trend_slope_14d,model_vars_income,-1000000
bank_txn_income_otherincome_category_internaltransfer_trend_slope_14d,model_vars_income,-1000000
bank_txn_income_otherincome_category_overdrawn_trend_slope_14d,model_vars_income,-1000000
bank_txn_income_otherincome_category_personalcare_trend_slope_14d,model_vars_income,-1000000
bank_txn_income_otherincome_category_petcare_trend_slope_14d,model_vars_income,-1000000
bank_txn_income_otherincome_category_rent_trend_slope_14d,model_vars_income,-1000000
bank_txn_income_otherincome_category_retail_trend_slope_14d,model_vars_income,-1000000
bank_txn_income_otherincome_category_subscriptiontv_trend_slope_14d,model_vars_income,-1000000
bank_txn_income_otherincome_category_telecommunications_trend_slope_14d,model_vars_income,-1000000
bank_txn_income_otherincome_category_transport_trend_slope_14d,model_vars_income,-1000000
bank_txn_income_otherincome_category_travel_trend_slope_14d,model_vars_income,-1000000
bank_txn_income_otherincome_category_utilities_trend_slope_14d,model_vars_income,-1000000
bank_txn_income_otherincome_category_allothercredits_trend_slope_28d,model_vars_income,-1000000
bank_txn_income_otherincome_category_automotive_trend_slope_28d,model_vars_income,-1000000
bank_txn_income_otherincome_category_departmentstores_trend_slope_28d,model_vars_income,-1000000
bank_txn_income_otherincome_category_diningout_trend_slope_28d,model_vars_income,-1000000
bank_txn_income_otherincome_category_donations_trend_slope_28d,model_vars_income,-1000000
bank_txn_income_otherincome_category_education_trend_slope_28d,model_vars_income,-1000000
bank_txn_income_otherincome_category_entertainment_trend_slope_28d,model_vars_income,-1000000
bank_txn_income_otherincome_category_fees_trend_slope_28d,model_vars_income,-1000000
bank_txn_income_otherincome_category_gambling_trend_slope_28d,model_vars_income,-1000000
bank_txn_income_otherincome_category_groceries_trend_slope_28d,model_vars_income,-1000000
bank_txn_income_otherincome_category_gymsandothermemberships_trend_slope_28d,model_vars_income,-1000000
bank_txn_income_otherincome_category_health_trend_slope_28d,model_vars_income,-1000000
bank_txn_income_otherincome_category_homeimprovement_trend_slope_28d,model_vars_income,-1000000
bank_txn_income_otherincome_category_insurance_trend_slope_28d,model_vars_income,-1000000
bank_txn_income_otherincome_category_internaltransfer_trend_slope_28d,model_vars_income,-1000000
bank_txn_income_otherincome_category_overdrawn_trend_slope_28d,model_vars_income,-1000000
bank_txn_income_otherincome_category_personalcare_trend_slope_28d,model_vars_income,-1000000
bank_txn_income_otherincome_category_petcare_trend_slope_28d,model_vars_income,-1000000
bank_txn_income_otherincome_category_rent_trend_slope_28d,model_vars_income,-1000000
bank_txn_income_otherincome_category_retail_trend_slope_28d,model_vars_income,-1000000
bank_txn_income_otherincome_category_subscriptiontv_trend_slope_28d,model_vars_income,-1000000
bank_txn_income_otherincome_category_telecommunications_trend_slope_28d,model_vars_income,-1000000
bank_txn_income_otherincome_category_transport_trend_slope_28d,model_vars_income,-1000000
bank_txn_income_otherincome_category_travel_trend_slope_28d,model_vars_income,-1000000
bank_txn_income_otherincome_category_utilities_trend_slope_28d,model_vars_income,-1000000
bank_txn_income_otherincome_category_allothercredits_trend_slope_56d,model_vars_income,-1000000
bank_txn_income_otherincome_category_automotive_trend_slope_56d,model_vars_income,-1000000
bank_txn_income_otherincome_category_departmentstores_trend_slope_56d,model_vars_income,-1000000
bank_txn_income_otherincome_category_diningout_trend_slope_56d,model_vars_income,-1000000
bank_txn_income_otherincome_category_donations_trend_slope_56d,model_vars_income,-1000000
bank_txn_income_otherincome_category_education_trend_slope_56d,model_vars_income,-1000000
bank_txn_income_otherincome_category_entertainment_trend_slope_56d,model_vars_income,-1000000
bank_txn_income_otherincome_category_fees_trend_slope_56d,model_vars_income,-1000000
bank_txn_income_otherincome_category_gambling_trend_slope_56d,model_vars_income,-1000000
bank_txn_income_otherincome_category_groceries_trend_slope_56d,model_vars_income,-1000000
bank_txn_income_otherincome_category_gymsandothermemberships_trend_slope_56d,model_vars_income,-1000000
bank_txn_income_otherincome_category_health_trend_slope_56d,model_vars_income,-1000000
bank_txn_income_otherincome_category_homeimprovement_trend_slope_56d,model_vars_income,-1000000
bank_txn_income_otherincome_category_insurance_trend_slope_56d,model_vars_income,-1000000
bank_txn_income_otherincome_category_internaltransfer_trend_slope_56d,model_vars_income,-1000000
bank_txn_income_otherincome_category_overdrawn_trend_slope_56d,model_vars_income,-1000000
bank_txn_income_otherincome_category_personalcare_trend_slope_56d,model_vars_income,-1000000
bank_txn_income_otherincome_category_petcare_trend_slope_56d,model_vars_income,-1000000
bank_txn_income_otherincome_category_rent_trend_slope_56d,model_vars_income,-1000000
bank_txn_income_otherincome_category_retail_trend_slope_56d,model_vars_income,-1000000
bank_txn_income_otherincome_category_subscriptiontv_trend_slope_56d,model_vars_income,-1000000
bank_txn_income_otherincome_category_telecommunications_trend_slope_56d,model_vars_income,-1000000
bank_txn_income_otherincome_category_transport_trend_slope_56d,model_vars_income,-1000000
bank_txn_income_otherincome_category_travel_trend_slope_56d,model_vars_income,-1000000
bank_txn_income_otherincome_category_utilities_trend_slope_56d,model_vars_income,-1000000
bank_txn_income_otherincome_category_allothercredits_trend_slope_84d,model_vars_income,-1000000
bank_txn_income_otherincome_category_automotive_trend_slope_84d,model_vars_income,-1000000
bank_txn_income_otherincome_category_departmentstores_trend_slope_84d,model_vars_income,-1000000
bank_txn_income_otherincome_category_diningout_trend_slope_84d,model_vars_income,-1000000
bank_txn_income_otherincome_category_donations_trend_slope_84d,model_vars_income,-1000000
bank_txn_income_otherincome_category_education_trend_slope_84d,model_vars_income,-1000000
bank_txn_income_otherincome_category_entertainment_trend_slope_84d,model_vars_income,-1000000
bank_txn_income_otherincome_category_fees_trend_slope_84d,model_vars_income,-1000000
bank_txn_income_otherincome_category_gambling_trend_slope_84d,model_vars_income,-1000000
bank_txn_income_otherincome_category_groceries_trend_slope_84d,model_vars_income,-1000000
bank_txn_income_otherincome_category_gymsandothermemberships_trend_slope_84d,model_vars_income,-1000000
bank_txn_income_otherincome_category_health_trend_slope_84d,model_vars_income,-1000000
bank_txn_income_otherincome_category_homeimprovement_trend_slope_84d,model_vars_income,-1000000
bank_txn_income_otherincome_category_insurance_trend_slope_84d,model_vars_income,-1000000
bank_txn_income_otherincome_category_internaltransfer_trend_slope_84d,model_vars_income,-1000000
bank_txn_income_otherincome_category_overdrawn_trend_slope_84d,model_vars_income,-1000000
bank_txn_income_otherincome_category_personalcare_trend_slope_84d,model_vars_income,-1000000
bank_txn_income_otherincome_category_petcare_trend_slope_84d,model_vars_income,-1000000
bank_txn_income_otherincome_category_rent_trend_slope_84d,model_vars_income,-1000000
bank_txn_income_otherincome_category_retail_trend_slope_84d,model_vars_income,-1000000
bank_txn_income_otherincome_category_subscriptiontv_trend_slope_84d,model_vars_income,-1000000
bank_txn_income_otherincome_category_telecommunications_trend_slope_84d,model_vars_income,-1000000
bank_txn_income_otherincome_category_transport_trend_slope_84d,model_vars_income,-1000000
bank_txn_income_otherincome_category_travel_trend_slope_84d,model_vars_income,-1000000
bank_txn_income_otherincome_category_utilities_trend_slope_84d,model_vars_income,-1000000
bank_txn_income_otherincome_category_allothercredits_trend_slope_168d,model_vars_income,-1000000
bank_txn_income_otherincome_category_automotive_trend_slope_168d,model_vars_income,-1000000
bank_txn_income_otherincome_category_departmentstores_trend_slope_168d,model_vars_income,-1000000
bank_txn_income_otherincome_category_diningout_trend_slope_168d,model_vars_income,-1000000
bank_txn_income_otherincome_category_donations_trend_slope_168d,model_vars_income,-1000000
bank_txn_income_otherincome_category_education_trend_slope_168d,model_vars_income,-1000000
bank_txn_income_otherincome_category_entertainment_trend_slope_168d,model_vars_income,-1000000
bank_txn_income_otherincome_category_fees_trend_slope_168d,model_vars_income,-1000000
bank_txn_income_otherincome_category_gambling_trend_slope_168d,model_vars_income,-1000000
bank_txn_income_otherincome_category_groceries_trend_slope_168d,model_vars_income,-1000000
bank_txn_income_otherincome_category_gymsandothermemberships_trend_slope_168d,model_vars_income,-1000000
bank_txn_income_otherincome_category_health_trend_slope_168d,model_vars_income,-1000000
bank_txn_income_otherincome_category_homeimprovement_trend_slope_168d,model_vars_income,-1000000
bank_txn_income_otherincome_category_insurance_trend_slope_168d,model_vars_income,-1000000
bank_txn_income_otherincome_category_internaltransfer_trend_slope_168d,model_vars_income,-1000000
bank_txn_income_otherincome_category_overdrawn_trend_slope_168d,model_vars_income,-1000000
bank_txn_income_otherincome_category_personalcare_trend_slope_168d,model_vars_income,-1000000
bank_txn_income_otherincome_category_petcare_trend_slope_168d,model_vars_income,-1000000
bank_txn_income_otherincome_category_rent_trend_slope_168d,model_vars_income,-1000000
bank_txn_income_otherincome_category_retail_trend_slope_168d,model_vars_income,-1000000
bank_txn_income_otherincome_category_subscriptiontv_trend_slope_168d,model_vars_income,-1000000
bank_txn_income_otherincome_category_telecommunications_trend_slope_168d,model_vars_income,-1000000
bank_txn_income_otherincome_category_transport_trend_slope_168d,model_vars_income,-1000000
bank_txn_income_otherincome_category_travel_trend_slope_168d,model_vars_income,-1000000
bank_txn_income_otherincome_category_utilities_trend_slope_168d,model_vars_income,-1000000
bank_txn_income_otherincome_category_allothercredits_trend_slope_182d,model_vars_income,-1000000
bank_txn_income_otherincome_category_automotive_trend_slope_182d,model_vars_income,-1000000
bank_txn_income_otherincome_category_departmentstores_trend_slope_182d,model_vars_income,-1000000
bank_txn_income_otherincome_category_diningout_trend_slope_182d,model_vars_income,-1000000
bank_txn_income_otherincome_category_donations_trend_slope_182d,model_vars_income,-1000000
bank_txn_income_otherincome_category_education_trend_slope_182d,model_vars_income,-1000000
bank_txn_income_otherincome_category_entertainment_trend_slope_182d,model_vars_income,-1000000
bank_txn_income_otherincome_category_fees_trend_slope_182d,model_vars_income,-1000000
bank_txn_income_otherincome_category_gambling_trend_slope_182d,model_vars_income,-1000000
bank_txn_income_otherincome_category_groceries_trend_slope_182d,model_vars_income,-1000000
bank_txn_income_otherincome_category_gymsandothermemberships_trend_slope_182d,model_vars_income,-1000000
bank_txn_income_otherincome_category_health_trend_slope_182d,model_vars_income,-1000000
bank_txn_income_otherincome_category_homeimprovement_trend_slope_182d,model_vars_income,-1000000
bank_txn_income_otherincome_category_insurance_trend_slope_182d,model_vars_income,-1000000
bank_txn_income_otherincome_category_internaltransfer_trend_slope_182d,model_vars_income,-1000000
bank_txn_income_otherincome_category_overdrawn_trend_slope_182d,model_vars_income,-1000000
bank_txn_income_otherincome_category_personalcare_trend_slope_182d,model_vars_income,-1000000
bank_txn_income_otherincome_category_petcare_trend_slope_182d,model_vars_income,-1000000
bank_txn_income_otherincome_category_rent_trend_slope_182d,model_vars_income,-1000000
bank_txn_income_otherincome_category_retail_trend_slope_182d,model_vars_income,-1000000
bank_txn_income_otherincome_category_subscriptiontv_trend_slope_182d,model_vars_income,-1000000
bank_txn_income_otherincome_category_telecommunications_trend_slope_182d,model_vars_income,-1000000
bank_txn_income_otherincome_category_transport_trend_slope_182d,model_vars_income,-1000000
bank_txn_income_otherincome_category_travel_trend_slope_182d,model_vars_income,-1000000
bank_txn_income_otherincome_category_utilities_trend_slope_182d,model_vars_income,-1000000
bank_txn_income_otherincome_category_allothercredits_max_daily_consumption_7d,model_vars_income,-1000000
bank_txn_income_otherincome_category_allothercredits_max_consumption_rate_7d,model_vars_income,-1000000
bank_txn_income_otherincome_category_allothercredits_min_consumption_rate_7d,model_vars_income,-1000000
bank_txn_income_otherincome_category_allothercredits_mean_consumption_rate_7d,model_vars_income,-1000000
bank_txn_income_otherincome_category_allothercredits_max_consumption_rate_14d,model_vars_income,-1000000
bank_txn_income_otherincome_category_allothercredits_min_consumption_rate_14d,model_vars_income,-1000000
bank_txn_income_otherincome_category_allothercredits_mean_consumption_rate_14d,model_vars_income,-1000000
bank_txn_income_otherincome_category_allothercredits_max_consumption_rate_28d,model_vars_income,-1000000
bank_txn_income_otherincome_category_allothercredits_min_consumption_rate_28d,model_vars_income,-1000000
bank_txn_income_otherincome_category_allothercredits_mean_consumption_rate_28d,model_vars_income,-1000000
bank_txn_income_otherincome_category_allothercredits_max_consumption_rate_56d,model_vars_income,-1000000
bank_txn_income_otherincome_category_allothercredits_min_consumption_rate_56d,model_vars_income,-1000000
bank_txn_income_otherincome_category_allothercredits_mean_consumption_rate_56d,model_vars_income,-1000000
bank_txn_income_otherincome_category_allothercredits_max_consumption_rate_84d,model_vars_income,-1000000
bank_txn_income_otherincome_category_allothercredits_min_consumption_rate_84d,model_vars_income,-1000000
bank_txn_income_otherincome_category_allothercredits_mean_consumption_rate_84d,model_vars_income,-1000000
bank_txn_income_otherincome_category_allothercredits_max_consumption_rate_168d,model_vars_income,-1000000
bank_txn_income_otherincome_category_allothercredits_min_consumption_rate_168d,model_vars_income,-1000000
bank_txn_income_otherincome_category_allothercredits_mean_consumption_rate_168d,model_vars_income,-1000000
bank_txn_income_otherincome_category_allothercredits_max_consumption_rate_182d,model_vars_income,-1000000
bank_txn_income_otherincome_category_allothercredits_min_consumption_rate_182d,model_vars_income,-1000000
bank_txn_income_otherincome_category_allothercredits_mean_consumption_rate_182d,model_vars_income,-1000000
bank_txn_income_otherincome_category_automotive_max_daily_consumption_7d,model_vars_income,-1000000
bank_txn_income_otherincome_category_automotive_max_consumption_rate_7d,model_vars_income,-1000000
bank_txn_income_otherincome_category_automotive_min_consumption_rate_7d,model_vars_income,-1000000
bank_txn_income_otherincome_category_automotive_mean_consumption_rate_7d,model_vars_income,-1000000
bank_txn_income_otherincome_category_automotive_max_consumption_rate_14d,model_vars_income,-1000000
bank_txn_income_otherincome_category_automotive_min_consumption_rate_14d,model_vars_income,-1000000
bank_txn_income_otherincome_category_automotive_mean_consumption_rate_14d,model_vars_income,-1000000
bank_txn_income_otherincome_category_automotive_max_consumption_rate_28d,model_vars_income,-1000000
bank_txn_income_otherincome_category_automotive_min_consumption_rate_28d,model_vars_income,-1000000
bank_txn_income_otherincome_category_automotive_mean_consumption_rate_28d,model_vars_income,-1000000
bank_txn_income_otherincome_category_automotive_max_consumption_rate_56d,model_vars_income,-1000000
bank_txn_income_otherincome_category_automotive_min_consumption_rate_56d,model_vars_income,-1000000
bank_txn_income_otherincome_category_automotive_mean_consumption_rate_56d,model_vars_income,-1000000
bank_txn_income_otherincome_category_automotive_max_consumption_rate_84d,model_vars_income,-1000000
bank_txn_income_otherincome_category_automotive_min_consumption_rate_84d,model_vars_income,-1000000
bank_txn_income_otherincome_category_automotive_mean_consumption_rate_84d,model_vars_income,-1000000
bank_txn_income_otherincome_category_automotive_max_consumption_rate_168d,model_vars_income,-1000000
bank_txn_income_otherincome_category_automotive_min_consumption_rate_168d,model_vars_income,-1000000
bank_txn_income_otherincome_category_automotive_mean_consumption_rate_168d,model_vars_income,-1000000
bank_txn_income_otherincome_category_automotive_max_consumption_rate_182d,model_vars_income,-1000000
bank_txn_income_otherincome_category_automotive_min_consumption_rate_182d,model_vars_income,-1000000
bank_txn_income_otherincome_category_automotive_mean_consumption_rate_182d,model_vars_income,-1000000
bank_txn_income_otherincome_category_departmentstores_max_daily_consumption_7d,model_vars_income,-1000000
bank_txn_income_otherincome_category_departmentstores_max_consumption_rate_7d,model_vars_income,-1000000
bank_txn_income_otherincome_category_departmentstores_min_consumption_rate_7d,model_vars_income,-1000000
bank_txn_income_otherincome_category_departmentstores_mean_consumption_rate_7d,model_vars_income,-1000000
bank_txn_income_otherincome_category_departmentstores_max_consumption_rate_14d,model_vars_income,-1000000
bank_txn_income_otherincome_category_departmentstores_min_consumption_rate_14d,model_vars_income,-1000000
bank_txn_income_otherincome_category_departmentstores_mean_consumption_rate_14d,model_vars_income,-1000000
bank_txn_income_otherincome_category_departmentstores_max_consumption_rate_28d,model_vars_income,-1000000
bank_txn_income_otherincome_category_departmentstores_min_consumption_rate_28d,model_vars_income,-1000000
bank_txn_income_otherincome_category_departmentstores_mean_consumption_rate_28d,model_vars_income,-1000000
bank_txn_income_otherincome_category_departmentstores_max_consumption_rate_56d,model_vars_income,-1000000
bank_txn_income_otherincome_category_departmentstores_min_consumption_rate_56d,model_vars_income,-1000000
bank_txn_income_otherincome_category_departmentstores_mean_consumption_rate_56d,model_vars_income,-1000000
bank_txn_income_otherincome_category_departmentstores_max_consumption_rate_84d,model_vars_income,-1000000
bank_txn_income_otherincome_category_departmentstores_min_consumption_rate_84d,model_vars_income,-1000000
bank_txn_income_otherincome_category_departmentstores_mean_consumption_rate_84d,model_vars_income,-1000000
bank_txn_income_otherincome_category_departmentstores_max_consumption_rate_168d,model_vars_income,-1000000
bank_txn_income_otherincome_category_departmentstores_min_consumption_rate_168d,model_vars_income,-1000000
bank_txn_income_otherincome_category_departmentstores_mean_consumption_rate_168d,model_vars_income,-1000000
bank_txn_income_otherincome_category_departmentstores_max_consumption_rate_182d,model_vars_income,-1000000
bank_txn_income_otherincome_category_departmentstores_min_consumption_rate_182d,model_vars_income,-1000000
bank_txn_income_otherincome_category_departmentstores_mean_consumption_rate_182d,model_vars_income,-1000000
bank_txn_income_otherincome_category_diningout_max_daily_consumption_7d,model_vars_income,-1000000
bank_txn_income_otherincome_category_diningout_max_consumption_rate_7d,model_vars_income,-1000000
bank_txn_income_otherincome_category_diningout_min_consumption_rate_7d,model_vars_income,-1000000
bank_txn_income_otherincome_category_diningout_mean_consumption_rate_7d,model_vars_income,-1000000
bank_txn_income_otherincome_category_diningout_max_consumption_rate_14d,model_vars_income,-1000000
bank_txn_income_otherincome_category_diningout_min_consumption_rate_14d,model_vars_income,-1000000
bank_txn_income_otherincome_category_diningout_mean_consumption_rate_14d,model_vars_income,-1000000
bank_txn_income_otherincome_category_diningout_max_consumption_rate_28d,model_vars_income,-1000000
bank_txn_income_otherincome_category_diningout_min_consumption_rate_28d,model_vars_income,-1000000
bank_txn_income_otherincome_category_diningout_mean_consumption_rate_28d,model_vars_income,-1000000
bank_txn_income_otherincome_category_diningout_max_consumption_rate_56d,model_vars_income,-1000000
bank_txn_income_otherincome_category_diningout_min_consumption_rate_56d,model_vars_income,-1000000
bank_txn_income_otherincome_category_diningout_mean_consumption_rate_56d,model_vars_income,-1000000
bank_txn_income_otherincome_category_diningout_max_consumption_rate_84d,model_vars_income,-1000000
bank_txn_income_otherincome_category_diningout_min_consumption_rate_84d,model_vars_income,-1000000
bank_txn_income_otherincome_category_diningout_mean_consumption_rate_84d,model_vars_income,-1000000
bank_txn_income_otherincome_category_diningout_max_consumption_rate_168d,model_vars_income,-1000000
bank_txn_income_otherincome_category_diningout_min_consumption_rate_168d,model_vars_income,-1000000
bank_txn_income_otherincome_category_diningout_mean_consumption_rate_168d,model_vars_income,-1000000
bank_txn_income_otherincome_category_diningout_max_consumption_rate_182d,model_vars_income,-1000000
bank_txn_income_otherincome_category_diningout_min_consumption_rate_182d,model_vars_income,-1000000
bank_txn_income_otherincome_category_diningout_mean_consumption_rate_182d,model_vars_income,-1000000
bank_txn_income_otherincome_category_donations_max_daily_consumption_7d,model_vars_income,-1000000
bank_txn_income_otherincome_category_donations_max_consumption_rate_7d,model_vars_income,-1000000
bank_txn_income_otherincome_category_donations_min_consumption_rate_7d,model_vars_income,-1000000
bank_txn_income_otherincome_category_donations_mean_consumption_rate_7d,model_vars_income,-1000000
bank_txn_income_otherincome_category_donations_max_consumption_rate_14d,model_vars_income,-1000000
bank_txn_income_otherincome_category_donations_min_consumption_rate_14d,model_vars_income,-1000000
bank_txn_income_otherincome_category_donations_mean_consumption_rate_14d,model_vars_income,-1000000
bank_txn_income_otherincome_category_donations_max_consumption_rate_28d,model_vars_income,-1000000
bank_txn_income_otherincome_category_donations_min_consumption_rate_28d,model_vars_income,-1000000
bank_txn_income_otherincome_category_donations_mean_consumption_rate_28d,model_vars_income,-1000000
bank_txn_income_otherincome_category_donations_max_consumption_rate_56d,model_vars_income,-1000000
bank_txn_income_otherincome_category_donations_min_consumption_rate_56d,model_vars_income,-1000000
bank_txn_income_otherincome_category_donations_mean_consumption_rate_56d,model_vars_income,-1000000
bank_txn_income_otherincome_category_donations_max_consumption_rate_84d,model_vars_income,-1000000
bank_txn_income_otherincome_category_donations_min_consumption_rate_84d,model_vars_income,-1000000
bank_txn_income_otherincome_category_donations_mean_consumption_rate_84d,model_vars_income,-1000000
bank_txn_income_otherincome_category_donations_max_consumption_rate_168d,model_vars_income,-1000000
bank_txn_income_otherincome_category_donations_min_consumption_rate_168d,model_vars_income,-1000000
bank_txn_income_otherincome_category_donations_mean_consumption_rate_168d,model_vars_income,-1000000
bank_txn_income_otherincome_category_donations_max_consumption_rate_182d,model_vars_income,-1000000
bank_txn_income_otherincome_category_donations_min_consumption_rate_182d,model_vars_income,-1000000
bank_txn_income_otherincome_category_donations_mean_consumption_rate_182d,model_vars_income,-1000000
bank_txn_income_otherincome_category_education_max_daily_consumption_7d,model_vars_income,-1000000
bank_txn_income_otherincome_category_education_max_consumption_rate_7d,model_vars_income,-1000000
bank_txn_income_otherincome_category_education_min_consumption_rate_7d,model_vars_income,-1000000
bank_txn_income_otherincome_category_education_mean_consumption_rate_7d,model_vars_income,-1000000
bank_txn_income_otherincome_category_education_max_consumption_rate_14d,model_vars_income,-1000000
bank_txn_income_otherincome_category_education_min_consumption_rate_14d,model_vars_income,-1000000
bank_txn_income_otherincome_category_education_mean_consumption_rate_14d,model_vars_income,-1000000
bank_txn_income_otherincome_category_education_max_consumption_rate_28d,model_vars_income,-1000000
bank_txn_income_otherincome_category_education_min_consumption_rate_28d,model_vars_income,-1000000
bank_txn_income_otherincome_category_education_mean_consumption_rate_28d,model_vars_income,-1000000
bank_txn_income_otherincome_category_education_max_consumption_rate_56d,model_vars_income,-1000000
bank_txn_income_otherincome_category_education_min_consumption_rate_56d,model_vars_income,-1000000
bank_txn_income_otherincome_category_education_mean_consumption_rate_56d,model_vars_income,-1000000
bank_txn_income_otherincome_category_education_max_consumption_rate_84d,model_vars_income,-1000000
bank_txn_income_otherincome_category_education_min_consumption_rate_84d,model_vars_income,-1000000
bank_txn_income_otherincome_category_education_mean_consumption_rate_84d,model_vars_income,-1000000
bank_txn_income_otherincome_category_education_max_consumption_rate_168d,model_vars_income,-1000000
bank_txn_income_otherincome_category_education_min_consumption_rate_168d,model_vars_income,-1000000
bank_txn_income_otherincome_category_education_mean_consumption_rate_168d,model_vars_income,-1000000
bank_txn_income_otherincome_category_education_max_consumption_rate_182d,model_vars_income,-1000000
bank_txn_income_otherincome_category_education_min_consumption_rate_182d,model_vars_income,-1000000
bank_txn_income_otherincome_category_education_mean_consumption_rate_182d,model_vars_income,-1000000
bank_txn_income_otherincome_category_entertainment_max_daily_consumption_7d,model_vars_income,-1000000
bank_txn_income_otherincome_category_entertainment_max_consumption_rate_7d,model_vars_income,-1000000
bank_txn_income_otherincome_category_entertainment_min_consumption_rate_7d,model_vars_income,-1000000
bank_txn_income_otherincome_category_entertainment_mean_consumption_rate_7d,model_vars_income,-1000000
bank_txn_income_otherincome_category_entertainment_max_consumption_rate_14d,model_vars_income,-1000000
bank_txn_income_otherincome_category_entertainment_min_consumption_rate_14d,model_vars_income,-1000000
bank_txn_income_otherincome_category_entertainment_mean_consumption_rate_14d,model_vars_income,-1000000
bank_txn_income_otherincome_category_entertainment_max_consumption_rate_28d,model_vars_income,-1000000
bank_txn_income_otherincome_category_entertainment_min_consumption_rate_28d,model_vars_income,-1000000
bank_txn_income_otherincome_category_entertainment_mean_consumption_rate_28d,model_vars_income,-1000000
bank_txn_income_otherincome_category_entertainment_max_consumption_rate_56d,model_vars_income,-1000000
bank_txn_income_otherincome_category_entertainment_min_consumption_rate_56d,model_vars_income,-1000000
bank_txn_income_otherincome_category_entertainment_mean_consumption_rate_56d,model_vars_income,-1000000
bank_txn_income_otherincome_category_entertainment_max_consumption_rate_84d,model_vars_income,-1000000
bank_txn_income_otherincome_category_entertainment_min_consumption_rate_84d,model_vars_income,-1000000
bank_txn_income_otherincome_category_entertainment_mean_consumption_rate_84d,model_vars_income,-1000000
bank_txn_income_otherincome_category_entertainment_max_consumption_rate_168d,model_vars_income,-1000000
bank_txn_income_otherincome_category_entertainment_min_consumption_rate_168d,model_vars_income,-1000000
bank_txn_income_otherincome_category_entertainment_mean_consumption_rate_168d,model_vars_income,-1000000
bank_txn_income_otherincome_category_entertainment_max_consumption_rate_182d,model_vars_income,-1000000
bank_txn_income_otherincome_category_entertainment_min_consumption_rate_182d,model_vars_income,-1000000
bank_txn_income_otherincome_category_entertainment_mean_consumption_rate_182d,model_vars_income,-1000000
bank_txn_income_otherincome_category_fees_max_daily_consumption_7d,model_vars_income,-1000000
bank_txn_income_otherincome_category_fees_max_consumption_rate_7d,model_vars_income,-1000000
bank_txn_income_otherincome_category_fees_min_consumption_rate_7d,model_vars_income,-1000000
bank_txn_income_otherincome_category_fees_mean_consumption_rate_7d,model_vars_income,-1000000
bank_txn_income_otherincome_category_fees_max_consumption_rate_14d,model_vars_income,-1000000
bank_txn_income_otherincome_category_fees_min_consumption_rate_14d,model_vars_income,-1000000
bank_txn_income_otherincome_category_fees_mean_consumption_rate_14d,model_vars_income,-1000000
bank_txn_income_otherincome_category_fees_max_consumption_rate_28d,model_vars_income,-1000000
bank_txn_income_otherincome_category_fees_min_consumption_rate_28d,model_vars_income,-1000000
bank_txn_income_otherincome_category_fees_mean_consumption_rate_28d,model_vars_income,-1000000
bank_txn_income_otherincome_category_fees_max_consumption_rate_56d,model_vars_income,-1000000
bank_txn_income_otherincome_category_fees_min_consumption_rate_56d,model_vars_income,-1000000
bank_txn_income_otherincome_category_fees_mean_consumption_rate_56d,model_vars_income,-1000000
bank_txn_income_otherincome_category_fees_max_consumption_rate_84d,model_vars_income,-1000000
bank_txn_income_otherincome_category_fees_min_consumption_rate_84d,model_vars_income,-1000000
bank_txn_income_otherincome_category_fees_mean_consumption_rate_84d,model_vars_income,-1000000
bank_txn_income_otherincome_category_fees_max_consumption_rate_168d,model_vars_income,-1000000
bank_txn_income_otherincome_category_fees_min_consumption_rate_168d,model_vars_income,-1000000
bank_txn_income_otherincome_category_fees_mean_consumption_rate_168d,model_vars_income,-1000000
bank_txn_income_otherincome_category_fees_max_consumption_rate_182d,model_vars_income,-1000000
bank_txn_income_otherincome_category_fees_min_consumption_rate_182d,model_vars_income,-1000000
bank_txn_income_otherincome_category_fees_mean_consumption_rate_182d,model_vars_income,-1000000
bank_txn_income_otherincome_category_gambling_max_daily_consumption_7d,model_vars_income,-1000000
bank_txn_income_otherincome_category_gambling_max_consumption_rate_7d,model_vars_income,-1000000
bank_txn_income_otherincome_category_gambling_min_consumption_rate_7d,model_vars_income,-1000000
bank_txn_income_otherincome_category_gambling_mean_consumption_rate_7d,model_vars_income,-1000000
bank_txn_income_otherincome_category_gambling_max_consumption_rate_14d,model_vars_income,-1000000
bank_txn_income_otherincome_category_gambling_min_consumption_rate_14d,model_vars_income,-1000000
bank_txn_income_otherincome_category_gambling_mean_consumption_rate_14d,model_vars_income,-1000000
bank_txn_income_otherincome_category_gambling_max_consumption_rate_28d,model_vars_income,-1000000
bank_txn_income_otherincome_category_gambling_min_consumption_rate_28d,model_vars_income,-1000000
bank_txn_income_otherincome_category_gambling_mean_consumption_rate_28d,model_vars_income,-1000000
bank_txn_income_otherincome_category_gambling_max_consumption_rate_56d,model_vars_income,-1000000
bank_txn_income_otherincome_category_gambling_min_consumption_rate_56d,model_vars_income,-1000000
bank_txn_income_otherincome_category_gambling_mean_consumption_rate_56d,model_vars_income,-1000000
bank_txn_income_otherincome_category_gambling_max_consumption_rate_84d,model_vars_income,-1000000
bank_txn_income_otherincome_category_gambling_min_consumption_rate_84d,model_vars_income,-1000000
bank_txn_income_otherincome_category_gambling_mean_consumption_rate_84d,model_vars_income,-1000000
bank_txn_income_otherincome_category_gambling_max_consumption_rate_168d,model_vars_income,-1000000
bank_txn_income_otherincome_category_gambling_min_consumption_rate_168d,model_vars_income,-1000000
bank_txn_income_otherincome_category_gambling_mean_consumption_rate_168d,model_vars_income,-1000000
bank_txn_income_otherincome_category_gambling_max_consumption_rate_182d,model_vars_income,-1000000
bank_txn_income_otherincome_category_gambling_min_consumption_rate_182d,model_vars_income,-1000000
bank_txn_income_otherincome_category_gambling_mean_consumption_rate_182d,model_vars_income,-1000000
bank_txn_income_otherincome_category_groceries_max_daily_consumption_7d,model_vars_income,-1000000
bank_txn_income_otherincome_category_groceries_max_consumption_rate_7d,model_vars_income,-1000000
bank_txn_income_otherincome_category_groceries_min_consumption_rate_7d,model_vars_income,-1000000
bank_txn_income_otherincome_category_groceries_mean_consumption_rate_7d,model_vars_income,-1000000
bank_txn_income_otherincome_category_groceries_max_consumption_rate_14d,model_vars_income,-1000000
bank_txn_income_otherincome_category_groceries_min_consumption_rate_14d,model_vars_income,-1000000
bank_txn_income_otherincome_category_groceries_mean_consumption_rate_14d,model_vars_income,-1000000
bank_txn_income_otherincome_category_groceries_max_consumption_rate_28d,model_vars_income,-1000000
bank_txn_income_otherincome_category_groceries_min_consumption_rate_28d,model_vars_income,-1000000
bank_txn_income_otherincome_category_groceries_mean_consumption_rate_28d,model_vars_income,-1000000
bank_txn_income_otherincome_category_groceries_max_consumption_rate_56d,model_vars_income,-1000000
bank_txn_income_otherincome_category_groceries_min_consumption_rate_56d,model_vars_income,-1000000
bank_txn_income_otherincome_category_groceries_mean_consumption_rate_56d,model_vars_income,-1000000
bank_txn_income_otherincome_category_groceries_max_consumption_rate_84d,model_vars_income,-1000000
bank_txn_income_otherincome_category_groceries_min_consumption_rate_84d,model_vars_income,-1000000
bank_txn_income_otherincome_category_groceries_mean_consumption_rate_84d,model_vars_income,-1000000
bank_txn_income_otherincome_category_groceries_max_consumption_rate_168d,model_vars_income,-1000000
bank_txn_income_otherincome_category_groceries_min_consumption_rate_168d,model_vars_income,-1000000
bank_txn_income_otherincome_category_groceries_mean_consumption_rate_168d,model_vars_income,-1000000
bank_txn_income_otherincome_category_groceries_max_consumption_rate_182d,model_vars_income,-1000000
bank_txn_income_otherincome_category_groceries_min_consumption_rate_182d,model_vars_income,-1000000
bank_txn_income_otherincome_category_groceries_mean_consumption_rate_182d,model_vars_income,-1000000
bank_txn_income_otherincome_category_gymsandothermemberships_max_daily_consumption_7d,model_vars_income,-1000000
bank_txn_income_otherincome_category_gymsandothermemberships_max_consumption_rate_7d,model_vars_income,-1000000
bank_txn_income_otherincome_category_gymsandothermemberships_min_consumption_rate_7d,model_vars_income,-1000000
bank_txn_income_otherincome_category_gymsandothermemberships_mean_consumption_rate_7d,model_vars_income,-1000000
bank_txn_income_otherincome_category_gymsandothermemberships_max_consumption_rate_14d,model_vars_income,-1000000
bank_txn_income_otherincome_category_gymsandothermemberships_min_consumption_rate_14d,model_vars_income,-1000000
bank_txn_income_otherincome_category_gymsandothermemberships_mean_consumption_rate_14d,model_vars_income,-1000000
bank_txn_income_otherincome_category_gymsandothermemberships_max_consumption_rate_28d,model_vars_income,-1000000
bank_txn_income_otherincome_category_gymsandothermemberships_min_consumption_rate_28d,model_vars_income,-1000000
bank_txn_income_otherincome_category_gymsandothermemberships_mean_consumption_rate_28d,model_vars_income,-1000000
bank_txn_income_otherincome_category_gymsandothermemberships_max_consumption_rate_56d,model_vars_income,-1000000
bank_txn_income_otherincome_category_gymsandothermemberships_min_consumption_rate_56d,model_vars_income,-1000000
bank_txn_income_otherincome_category_gymsandothermemberships_mean_consumption_rate_56d,model_vars_income,-1000000
bank_txn_income_otherincome_category_gymsandothermemberships_max_consumption_rate_84d,model_vars_income,-1000000
bank_txn_income_otherincome_category_gymsandothermemberships_min_consumption_rate_84d,model_vars_income,-1000000
bank_txn_income_otherincome_category_gymsandothermemberships_mean_consumption_rate_84d,model_vars_income,-1000000
bank_txn_income_otherincome_category_gymsandothermemberships_max_consumption_rate_168d,model_vars_income,-1000000
bank_txn_income_otherincome_category_gymsandothermemberships_min_consumption_rate_168d,model_vars_income,-1000000
bank_txn_income_otherincome_category_gymsandothermemberships_mean_consumption_rate_168d,model_vars_income,-1000000
bank_txn_income_otherincome_category_gymsandothermemberships_max_consumption_rate_182d,model_vars_income,-1000000
bank_txn_income_otherincome_category_gymsandothermemberships_min_consumption_rate_182d,model_vars_income,-1000000
bank_txn_income_otherincome_category_gymsandothermemberships_mean_consumption_rate_182d,model_vars_income,-1000000
bank_txn_income_otherincome_category_health_max_daily_consumption_7d,model_vars_income,-1000000
bank_txn_income_otherincome_category_health_max_consumption_rate_7d,model_vars_income,-1000000
bank_txn_income_otherincome_category_health_min_consumption_rate_7d,model_vars_income,-1000000
bank_txn_income_otherincome_category_health_mean_consumption_rate_7d,model_vars_income,-1000000
bank_txn_income_otherincome_category_health_max_consumption_rate_14d,model_vars_income,-1000000
bank_txn_income_otherincome_category_health_min_consumption_rate_14d,model_vars_income,-1000000
bank_txn_income_otherincome_category_health_mean_consumption_rate_14d,model_vars_income,-1000000
bank_txn_income_otherincome_category_health_max_consumption_rate_28d,model_vars_income,-1000000
bank_txn_income_otherincome_category_health_min_consumption_rate_28d,model_vars_income,-1000000
bank_txn_income_otherincome_category_health_mean_consumption_rate_28d,model_vars_income,-1000000
bank_txn_income_otherincome_category_health_max_consumption_rate_56d,model_vars_income,-1000000
bank_txn_income_otherincome_category_health_min_consumption_rate_56d,model_vars_income,-1000000
bank_txn_income_otherincome_category_health_mean_consumption_rate_56d,model_vars_income,-1000000
bank_txn_income_otherincome_category_health_max_consumption_rate_84d,model_vars_income,-1000000
bank_txn_income_otherincome_category_health_min_consumption_rate_84d,model_vars_income,-1000000
bank_txn_income_otherincome_category_health_mean_consumption_rate_84d,model_vars_income,-1000000
bank_txn_income_otherincome_category_health_max_consumption_rate_168d,model_vars_income,-1000000
bank_txn_income_otherincome_category_health_min_consumption_rate_168d,model_vars_income,-1000000
bank_txn_income_otherincome_category_health_mean_consumption_rate_168d,model_vars_income,-1000000
bank_txn_income_otherincome_category_health_max_consumption_rate_182d,model_vars_income,-1000000
bank_txn_income_otherincome_category_health_min_consumption_rate_182d,model_vars_income,-1000000
bank_txn_income_otherincome_category_health_mean_consumption_rate_182d,model_vars_income,-1000000
bank_txn_income_otherincome_category_homeimprovement_max_daily_consumption_7d,model_vars_income,-1000000
bank_txn_income_otherincome_category_homeimprovement_max_consumption_rate_7d,model_vars_income,-1000000
bank_txn_income_otherincome_category_homeimprovement_min_consumption_rate_7d,model_vars_income,-1000000
bank_txn_income_otherincome_category_homeimprovement_mean_consumption_rate_7d,model_vars_income,-1000000
bank_txn_income_otherincome_category_homeimprovement_max_consumption_rate_14d,model_vars_income,-1000000
bank_txn_income_otherincome_category_homeimprovement_min_consumption_rate_14d,model_vars_income,-1000000
bank_txn_income_otherincome_category_homeimprovement_mean_consumption_rate_14d,model_vars_income,-1000000
bank_txn_income_otherincome_category_homeimprovement_max_consumption_rate_28d,model_vars_income,-1000000
bank_txn_income_otherincome_category_homeimprovement_min_consumption_rate_28d,model_vars_income,-1000000
bank_txn_income_otherincome_category_homeimprovement_mean_consumption_rate_28d,model_vars_income,-1000000
bank_txn_income_otherincome_category_homeimprovement_max_consumption_rate_56d,model_vars_income,-1000000
bank_txn_income_otherincome_category_homeimprovement_min_consumption_rate_56d,model_vars_income,-1000000
bank_txn_income_otherincome_category_homeimprovement_mean_consumption_rate_56d,model_vars_income,-1000000
bank_txn_income_otherincome_category_homeimprovement_max_consumption_rate_84d,model_vars_income,-1000000
bank_txn_income_otherincome_category_homeimprovement_min_consumption_rate_84d,model_vars_income,-1000000
bank_txn_income_otherincome_category_homeimprovement_mean_consumption_rate_84d,model_vars_income,-1000000
bank_txn_income_otherincome_category_homeimprovement_max_consumption_rate_168d,model_vars_income,-1000000
bank_txn_income_otherincome_category_homeimprovement_min_consumption_rate_168d,model_vars_income,-1000000
bank_txn_income_otherincome_category_homeimprovement_mean_consumption_rate_168d,model_vars_income,-1000000
bank_txn_income_otherincome_category_homeimprovement_max_consumption_rate_182d,model_vars_income,-1000000
bank_txn_income_otherincome_category_homeimprovement_min_consumption_rate_182d,model_vars_income,-1000000
bank_txn_income_otherincome_category_homeimprovement_mean_consumption_rate_182d,model_vars_income,-1000000
bank_txn_income_otherincome_category_insurance_max_daily_consumption_7d,model_vars_income,-1000000
bank_txn_income_otherincome_category_insurance_max_consumption_rate_7d,model_vars_income,-1000000
bank_txn_income_otherincome_category_insurance_min_consumption_rate_7d,model_vars_income,-1000000
bank_txn_income_otherincome_category_insurance_mean_consumption_rate_7d,model_vars_income,-1000000
bank_txn_income_otherincome_category_insurance_max_consumption_rate_14d,model_vars_income,-1000000
bank_txn_income_otherincome_category_insurance_min_consumption_rate_14d,model_vars_income,-1000000
bank_txn_income_otherincome_category_insurance_mean_consumption_rate_14d,model_vars_income,-1000000
bank_txn_income_otherincome_category_insurance_max_consumption_rate_28d,model_vars_income,-1000000
bank_txn_income_otherincome_category_insurance_min_consumption_rate_28d,model_vars_income,-1000000
bank_txn_income_otherincome_category_insurance_mean_consumption_rate_28d,model_vars_income,-1000000
bank_txn_income_otherincome_category_insurance_max_consumption_rate_56d,model_vars_income,-1000000
bank_txn_income_otherincome_category_insurance_min_consumption_rate_56d,model_vars_income,-1000000
bank_txn_income_otherincome_category_insurance_mean_consumption_rate_56d,model_vars_income,-1000000
bank_txn_income_otherincome_category_insurance_max_consumption_rate_84d,model_vars_income,-1000000
bank_txn_income_otherincome_category_insurance_min_consumption_rate_84d,model_vars_income,-1000000
bank_txn_income_otherincome_category_insurance_mean_consumption_rate_84d,model_vars_income,-1000000
bank_txn_income_otherincome_category_insurance_max_consumption_rate_168d,model_vars_income,-1000000
bank_txn_income_otherincome_category_insurance_min_consumption_rate_168d,model_vars_income,-1000000
bank_txn_income_otherincome_category_insurance_mean_consumption_rate_168d,model_vars_income,-1000000
bank_txn_income_otherincome_category_insurance_max_consumption_rate_182d,model_vars_income,-1000000
bank_txn_income_otherincome_category_insurance_min_consumption_rate_182d,model_vars_income,-1000000
bank_txn_income_otherincome_category_insurance_mean_consumption_rate_182d,model_vars_income,-1000000
bank_txn_income_otherincome_category_internaltransfer_max_daily_consumption_7d,model_vars_income,-1000000
bank_txn_income_otherincome_category_internaltransfer_max_consumption_rate_7d,model_vars_income,-1000000
bank_txn_income_otherincome_category_internaltransfer_min_consumption_rate_7d,model_vars_income,-1000000
bank_txn_income_otherincome_category_internaltransfer_mean_consumption_rate_7d,model_vars_income,-1000000
bank_txn_income_otherincome_category_internaltransfer_max_consumption_rate_14d,model_vars_income,-1000000
bank_txn_income_otherincome_category_internaltransfer_min_consumption_rate_14d,model_vars_income,-1000000
bank_txn_income_otherincome_category_internaltransfer_mean_consumption_rate_14d,model_vars_income,-1000000
bank_txn_income_otherincome_category_internaltransfer_max_consumption_rate_28d,model_vars_income,-1000000
bank_txn_income_otherincome_category_internaltransfer_min_consumption_rate_28d,model_vars_income,-1000000
bank_txn_income_otherincome_category_internaltransfer_mean_consumption_rate_28d,model_vars_income,-1000000
bank_txn_income_otherincome_category_internaltransfer_max_consumption_rate_56d,model_vars_income,-1000000
bank_txn_income_otherincome_category_internaltransfer_min_consumption_rate_56d,model_vars_income,-1000000
bank_txn_income_otherincome_category_internaltransfer_mean_consumption_rate_56d,model_vars_income,-1000000
bank_txn_income_otherincome_category_internaltransfer_max_consumption_rate_84d,model_vars_income,-1000000
bank_txn_income_otherincome_category_internaltransfer_min_consumption_rate_84d,model_vars_income,-1000000
bank_txn_income_otherincome_category_internaltransfer_mean_consumption_rate_84d,model_vars_income,-1000000
bank_txn_income_otherincome_category_internaltransfer_max_consumption_rate_168d,model_vars_income,-1000000
bank_txn_income_otherincome_category_internaltransfer_min_consumption_rate_168d,model_vars_income,-1000000
bank_txn_income_otherincome_category_internaltransfer_mean_consumption_rate_168d,model_vars_income,-1000000
bank_txn_income_otherincome_category_internaltransfer_max_consumption_rate_182d,model_vars_income,-1000000
bank_txn_income_otherincome_category_internaltransfer_min_consumption_rate_182d,model_vars_income,-1000000
bank_txn_income_otherincome_category_internaltransfer_mean_consumption_rate_182d,model_vars_income,-1000000
bank_txn_income_otherincome_category_overdrawn_max_daily_consumption_7d,model_vars_income,-1000000
bank_txn_income_otherincome_category_overdrawn_max_consumption_rate_7d,model_vars_income,-1000000
bank_txn_income_otherincome_category_overdrawn_min_consumption_rate_7d,model_vars_income,-1000000
bank_txn_income_otherincome_category_overdrawn_mean_consumption_rate_7d,model_vars_income,-1000000
bank_txn_income_otherincome_category_overdrawn_max_consumption_rate_14d,model_vars_income,-1000000
bank_txn_income_otherincome_category_overdrawn_min_consumption_rate_14d,model_vars_income,-1000000
bank_txn_income_otherincome_category_overdrawn_mean_consumption_rate_14d,model_vars_income,-1000000
bank_txn_income_otherincome_category_overdrawn_max_consumption_rate_28d,model_vars_income,-1000000
bank_txn_income_otherincome_category_overdrawn_min_consumption_rate_28d,model_vars_income,-1000000
bank_txn_income_otherincome_category_overdrawn_mean_consumption_rate_28d,model_vars_income,-1000000
bank_txn_income_otherincome_category_overdrawn_max_consumption_rate_56d,model_vars_income,-1000000
bank_txn_income_otherincome_category_overdrawn_min_consumption_rate_56d,model_vars_income,-1000000
bank_txn_income_otherincome_category_overdrawn_mean_consumption_rate_56d,model_vars_income,-1000000
bank_txn_income_otherincome_category_overdrawn_max_consumption_rate_84d,model_vars_income,-1000000
bank_txn_income_otherincome_category_overdrawn_min_consumption_rate_84d,model_vars_income,-1000000
bank_txn_income_otherincome_category_overdrawn_mean_consumption_rate_84d,model_vars_income,-1000000
bank_txn_income_otherincome_category_overdrawn_max_consumption_rate_168d,model_vars_income,-1000000
bank_txn_income_otherincome_category_overdrawn_min_consumption_rate_168d,model_vars_income,-1000000
bank_txn_income_otherincome_category_overdrawn_mean_consumption_rate_168d,model_vars_income,-1000000
bank_txn_income_otherincome_category_overdrawn_max_consumption_rate_182d,model_vars_income,-1000000
bank_txn_income_otherincome_category_overdrawn_min_consumption_rate_182d,model_vars_income,-1000000
bank_txn_income_otherincome_category_overdrawn_mean_consumption_rate_182d,model_vars_income,-1000000
bank_txn_income_otherincome_category_personalcare_max_daily_consumption_7d,model_vars_income,-1000000
bank_txn_income_otherincome_category_personalcare_max_consumption_rate_7d,model_vars_income,-1000000
bank_txn_income_otherincome_category_personalcare_min_consumption_rate_7d,model_vars_income,-1000000
bank_txn_income_otherincome_category_personalcare_mean_consumption_rate_7d,model_vars_income,-1000000
bank_txn_income_otherincome_category_personalcare_max_consumption_rate_14d,model_vars_income,-1000000
bank_txn_income_otherincome_category_personalcare_min_consumption_rate_14d,model_vars_income,-1000000
bank_txn_income_otherincome_category_personalcare_mean_consumption_rate_14d,model_vars_income,-1000000
bank_txn_income_otherincome_category_personalcare_max_consumption_rate_28d,model_vars_income,-1000000
bank_txn_income_otherincome_category_personalcare_min_consumption_rate_28d,model_vars_income,-1000000
bank_txn_income_otherincome_category_personalcare_mean_consumption_rate_28d,model_vars_income,-1000000
bank_txn_income_otherincome_category_personalcare_max_consumption_rate_56d,model_vars_income,-1000000
bank_txn_income_otherincome_category_personalcare_min_consumption_rate_56d,model_vars_income,-1000000
bank_txn_income_otherincome_category_personalcare_mean_consumption_rate_56d,model_vars_income,-1000000
bank_txn_income_otherincome_category_personalcare_max_consumption_rate_84d,model_vars_income,-1000000
bank_txn_income_otherincome_category_personalcare_min_consumption_rate_84d,model_vars_income,-1000000
bank_txn_income_otherincome_category_personalcare_mean_consumption_rate_84d,model_vars_income,-1000000
bank_txn_income_otherincome_category_personalcare_max_consumption_rate_168d,model_vars_income,-1000000
bank_txn_income_otherincome_category_personalcare_min_consumption_rate_168d,model_vars_income,-1000000
bank_txn_income_otherincome_category_personalcare_mean_consumption_rate_168d,model_vars_income,-1000000
bank_txn_income_otherincome_category_personalcare_max_consumption_rate_182d,model_vars_income,-1000000
bank_txn_income_otherincome_category_personalcare_min_consumption_rate_182d,model_vars_income,-1000000
bank_txn_income_otherincome_category_personalcare_mean_consumption_rate_182d,model_vars_income,-1000000
bank_txn_income_otherincome_category_petcare_max_daily_consumption_7d,model_vars_income,-1000000
bank_txn_income_otherincome_category_petcare_max_consumption_rate_7d,model_vars_income,-1000000
bank_txn_income_otherincome_category_petcare_min_consumption_rate_7d,model_vars_income,-1000000
bank_txn_income_otherincome_category_petcare_mean_consumption_rate_7d,model_vars_income,-1000000
bank_txn_income_otherincome_category_petcare_max_consumption_rate_14d,model_vars_income,-1000000
bank_txn_income_otherincome_category_petcare_min_consumption_rate_14d,model_vars_income,-1000000
bank_txn_income_otherincome_category_petcare_mean_consumption_rate_14d,model_vars_income,-1000000
bank_txn_income_otherincome_category_petcare_max_consumption_rate_28d,model_vars_income,-1000000
bank_txn_income_otherincome_category_petcare_min_consumption_rate_28d,model_vars_income,-1000000
bank_txn_income_otherincome_category_petcare_mean_consumption_rate_28d,model_vars_income,-1000000
bank_txn_income_otherincome_category_petcare_max_consumption_rate_56d,model_vars_income,-1000000
bank_txn_income_otherincome_category_petcare_min_consumption_rate_56d,model_vars_income,-1000000
bank_txn_income_otherincome_category_petcare_mean_consumption_rate_56d,model_vars_income,-1000000
bank_txn_income_otherincome_category_petcare_max_consumption_rate_84d,model_vars_income,-1000000
bank_txn_income_otherincome_category_petcare_min_consumption_rate_84d,model_vars_income,-1000000
bank_txn_income_otherincome_category_petcare_mean_consumption_rate_84d,model_vars_income,-1000000
bank_txn_income_otherincome_category_petcare_max_consumption_rate_168d,model_vars_income,-1000000
bank_txn_income_otherincome_category_petcare_min_consumption_rate_168d,model_vars_income,-1000000
bank_txn_income_otherincome_category_petcare_mean_consumption_rate_168d,model_vars_income,-1000000
bank_txn_income_otherincome_category_petcare_max_consumption_rate_182d,model_vars_income,-1000000
bank_txn_income_otherincome_category_petcare_min_consumption_rate_182d,model_vars_income,-1000000
bank_txn_income_otherincome_category_petcare_mean_consumption_rate_182d,model_vars_income,-1000000
bank_txn_income_otherincome_category_rent_max_daily_consumption_7d,model_vars_income,-1000000
bank_txn_income_otherincome_category_rent_max_consumption_rate_7d,model_vars_income,-1000000
bank_txn_income_otherincome_category_rent_min_consumption_rate_7d,model_vars_income,-1000000
bank_txn_income_otherincome_category_rent_mean_consumption_rate_7d,model_vars_income,-1000000
bank_txn_income_otherincome_category_rent_max_consumption_rate_14d,model_vars_income,-1000000
bank_txn_income_otherincome_category_rent_min_consumption_rate_14d,model_vars_income,-1000000
bank_txn_income_otherincome_category_rent_mean_consumption_rate_14d,model_vars_income,-1000000
bank_txn_income_otherincome_category_rent_max_consumption_rate_28d,model_vars_income,-1000000
bank_txn_income_otherincome_category_rent_min_consumption_rate_28d,model_vars_income,-1000000
bank_txn_income_otherincome_category_rent_mean_consumption_rate_28d,model_vars_income,-1000000
bank_txn_income_otherincome_category_rent_max_consumption_rate_56d,model_vars_income,-1000000
bank_txn_income_otherincome_category_rent_min_consumption_rate_56d,model_vars_income,-1000000
bank_txn_income_otherincome_category_rent_mean_consumption_rate_56d,model_vars_income,-1000000
bank_txn_income_otherincome_category_rent_max_consumption_rate_84d,model_vars_income,-1000000
bank_txn_income_otherincome_category_rent_min_consumption_rate_84d,model_vars_income,-1000000
bank_txn_income_otherincome_category_rent_mean_consumption_rate_84d,model_vars_income,-1000000
bank_txn_income_otherincome_category_rent_max_consumption_rate_168d,model_vars_income,-1000000
bank_txn_income_otherincome_category_rent_min_consumption_rate_168d,model_vars_income,-1000000
bank_txn_income_otherincome_category_rent_mean_consumption_rate_168d,model_vars_income,-1000000
bank_txn_income_otherincome_category_rent_max_consumption_rate_182d,model_vars_income,-1000000
bank_txn_income_otherincome_category_rent_min_consumption_rate_182d,model_vars_income,-1000000
bank_txn_income_otherincome_category_rent_mean_consumption_rate_182d,model_vars_income,-1000000
bank_txn_income_otherincome_category_retail_max_daily_consumption_7d,model_vars_income,-1000000
bank_txn_income_otherincome_category_retail_max_consumption_rate_7d,model_vars_income,-1000000
bank_txn_income_otherincome_category_retail_min_consumption_rate_7d,model_vars_income,-1000000
bank_txn_income_otherincome_category_retail_mean_consumption_rate_7d,model_vars_income,-1000000
bank_txn_income_otherincome_category_retail_max_consumption_rate_14d,model_vars_income,-1000000
bank_txn_income_otherincome_category_retail_min_consumption_rate_14d,model_vars_income,-1000000
bank_txn_income_otherincome_category_retail_mean_consumption_rate_14d,model_vars_income,-1000000
bank_txn_income_otherincome_category_retail_max_consumption_rate_28d,model_vars_income,-1000000
bank_txn_income_otherincome_category_retail_min_consumption_rate_28d,model_vars_income,-1000000
bank_txn_income_otherincome_category_retail_mean_consumption_rate_28d,model_vars_income,-1000000
bank_txn_income_otherincome_category_retail_max_consumption_rate_56d,model_vars_income,-1000000
bank_txn_income_otherincome_category_retail_min_consumption_rate_56d,model_vars_income,-1000000
bank_txn_income_otherincome_category_retail_mean_consumption_rate_56d,model_vars_income,-1000000
bank_txn_income_otherincome_category_retail_max_consumption_rate_84d,model_vars_income,-1000000
bank_txn_income_otherincome_category_retail_min_consumption_rate_84d,model_vars_income,-1000000
bank_txn_income_otherincome_category_retail_mean_consumption_rate_84d,model_vars_income,-1000000
bank_txn_income_otherincome_category_retail_max_consumption_rate_168d,model_vars_income,-1000000
bank_txn_income_otherincome_category_retail_min_consumption_rate_168d,model_vars_income,-1000000
bank_txn_income_otherincome_category_retail_mean_consumption_rate_168d,model_vars_income,-1000000
bank_txn_income_otherincome_category_retail_max_consumption_rate_182d,model_vars_income,-1000000
bank_txn_income_otherincome_category_retail_min_consumption_rate_182d,model_vars_income,-1000000
bank_txn_income_otherincome_category_retail_mean_consumption_rate_182d,model_vars_income,-1000000
bank_txn_income_otherincome_category_subscriptiontv_max_daily_consumption_7d,model_vars_income,-1000000
bank_txn_income_otherincome_category_subscriptiontv_max_consumption_rate_7d,model_vars_income,-1000000
bank_txn_income_otherincome_category_subscriptiontv_min_consumption_rate_7d,model_vars_income,-1000000
bank_txn_income_otherincome_category_subscriptiontv_mean_consumption_rate_7d,model_vars_income,-1000000
bank_txn_income_otherincome_category_subscriptiontv_max_consumption_rate_14d,model_vars_income,-1000000
bank_txn_income_otherincome_category_subscriptiontv_min_consumption_rate_14d,model_vars_income,-1000000
bank_txn_income_otherincome_category_subscriptiontv_mean_consumption_rate_14d,model_vars_income,-1000000
bank_txn_income_otherincome_category_subscriptiontv_max_consumption_rate_28d,model_vars_income,-1000000
bank_txn_income_otherincome_category_subscriptiontv_min_consumption_rate_28d,model_vars_income,-1000000
bank_txn_income_otherincome_category_subscriptiontv_mean_consumption_rate_28d,model_vars_income,-1000000
bank_txn_income_otherincome_category_subscriptiontv_max_consumption_rate_56d,model_vars_income,-1000000
bank_txn_income_otherincome_category_subscriptiontv_min_consumption_rate_56d,model_vars_income,-1000000
bank_txn_income_otherincome_category_subscriptiontv_mean_consumption_rate_56d,model_vars_income,-1000000
bank_txn_income_otherincome_category_subscriptiontv_max_consumption_rate_84d,model_vars_income,-1000000
bank_txn_income_otherincome_category_subscriptiontv_min_consumption_rate_84d,model_vars_income,-1000000
bank_txn_income_otherincome_category_subscriptiontv_mean_consumption_rate_84d,model_vars_income,-1000000
bank_txn_income_otherincome_category_subscriptiontv_max_consumption_rate_168d,model_vars_income,-1000000
bank_txn_income_otherincome_category_subscriptiontv_min_consumption_rate_168d,model_vars_income,-1000000
bank_txn_income_otherincome_category_subscriptiontv_mean_consumption_rate_168d,model_vars_income,-1000000
bank_txn_income_otherincome_category_subscriptiontv_max_consumption_rate_182d,model_vars_income,-1000000
bank_txn_income_otherincome_category_subscriptiontv_min_consumption_rate_182d,model_vars_income,-1000000
bank_txn_income_otherincome_category_subscriptiontv_mean_consumption_rate_182d,model_vars_income,-1000000
bank_txn_income_otherincome_category_telecommunications_max_daily_consumption_7d,model_vars_income,-1000000
bank_txn_income_otherincome_category_telecommunications_max_consumption_rate_7d,model_vars_income,-1000000
bank_txn_income_otherincome_category_telecommunications_min_consumption_rate_7d,model_vars_income,-1000000
bank_txn_income_otherincome_category_telecommunications_mean_consumption_rate_7d,model_vars_income,-1000000
bank_txn_income_otherincome_category_telecommunications_max_consumption_rate_14d,model_vars_income,-1000000
bank_txn_income_otherincome_category_telecommunications_min_consumption_rate_14d,model_vars_income,-1000000
bank_txn_income_otherincome_category_telecommunications_mean_consumption_rate_14d,model_vars_income,-1000000
bank_txn_income_otherincome_category_telecommunications_max_consumption_rate_28d,model_vars_income,-1000000
bank_txn_income_otherincome_category_telecommunications_min_consumption_rate_28d,model_vars_income,-1000000
bank_txn_income_otherincome_category_telecommunications_mean_consumption_rate_28d,model_vars_income,-1000000
bank_txn_income_otherincome_category_telecommunications_max_consumption_rate_56d,model_vars_income,-1000000
bank_txn_income_otherincome_category_telecommunications_min_consumption_rate_56d,model_vars_income,-1000000
bank_txn_income_otherincome_category_telecommunications_mean_consumption_rate_56d,model_vars_income,-1000000
bank_txn_income_otherincome_category_telecommunications_max_consumption_rate_84d,model_vars_income,-1000000
bank_txn_income_otherincome_category_telecommunications_min_consumption_rate_84d,model_vars_income,-1000000
bank_txn_income_otherincome_category_telecommunications_mean_consumption_rate_84d,model_vars_income,-1000000
bank_txn_income_otherincome_category_telecommunications_max_consumption_rate_168d,model_vars_income,-1000000
bank_txn_income_otherincome_category_telecommunications_min_consumption_rate_168d,model_vars_income,-1000000
bank_txn_income_otherincome_category_telecommunications_mean_consumption_rate_168d,model_vars_income,-1000000
bank_txn_income_otherincome_category_telecommunications_max_consumption_rate_182d,model_vars_income,-1000000
bank_txn_income_otherincome_category_telecommunications_min_consumption_rate_182d,model_vars_income,-1000000
bank_txn_income_otherincome_category_telecommunications_mean_consumption_rate_182d,model_vars_income,-1000000
bank_txn_income_otherincome_category_transport_max_daily_consumption_7d,model_vars_income,-1000000
bank_txn_income_otherincome_category_transport_max_consumption_rate_7d,model_vars_income,-1000000
bank_txn_income_otherincome_category_transport_min_consumption_rate_7d,model_vars_income,-1000000
bank_txn_income_otherincome_category_transport_mean_consumption_rate_7d,model_vars_income,-1000000
bank_txn_income_otherincome_category_transport_max_consumption_rate_14d,model_vars_income,-1000000
bank_txn_income_otherincome_category_transport_min_consumption_rate_14d,model_vars_income,-1000000
bank_txn_income_otherincome_category_transport_mean_consumption_rate_14d,model_vars_income,-1000000
bank_txn_income_otherincome_category_transport_max_consumption_rate_28d,model_vars_income,-1000000
bank_txn_income_otherincome_category_transport_min_consumption_rate_28d,model_vars_income,-1000000
bank_txn_income_otherincome_category_transport_mean_consumption_rate_28d,model_vars_income,-1000000
bank_txn_income_otherincome_category_transport_max_consumption_rate_56d,model_vars_income,-1000000
bank_txn_income_otherincome_category_transport_min_consumption_rate_56d,model_vars_income,-1000000
bank_txn_income_otherincome_category_transport_mean_consumption_rate_56d,model_vars_income,-1000000
bank_txn_income_otherincome_category_transport_max_consumption_rate_84d,model_vars_income,-1000000
bank_txn_income_otherincome_category_transport_min_consumption_rate_84d,model_vars_income,-1000000
bank_txn_income_otherincome_category_transport_mean_consumption_rate_84d,model_vars_income,-1000000
bank_txn_income_otherincome_category_transport_max_consumption_rate_168d,model_vars_income,-1000000
bank_txn_income_otherincome_category_transport_min_consumption_rate_168d,model_vars_income,-1000000
bank_txn_income_otherincome_category_transport_mean_consumption_rate_168d,model_vars_income,-1000000
bank_txn_income_otherincome_category_transport_max_consumption_rate_182d,model_vars_income,-1000000
bank_txn_income_otherincome_category_transport_min_consumption_rate_182d,model_vars_income,-1000000
bank_txn_income_otherincome_category_transport_mean_consumption_rate_182d,model_vars_income,-1000000
bank_txn_income_otherincome_category_travel_max_daily_consumption_7d,model_vars_income,-1000000
bank_txn_income_otherincome_category_travel_max_consumption_rate_7d,model_vars_income,-1000000
bank_txn_income_otherincome_category_travel_min_consumption_rate_7d,model_vars_income,-1000000
bank_txn_income_otherincome_category_travel_mean_consumption_rate_7d,model_vars_income,-1000000
bank_txn_income_otherincome_category_travel_max_consumption_rate_14d,model_vars_income,-1000000
bank_txn_income_otherincome_category_travel_min_consumption_rate_14d,model_vars_income,-1000000
bank_txn_income_otherincome_category_travel_mean_consumption_rate_14d,model_vars_income,-1000000
bank_txn_income_otherincome_category_travel_max_consumption_rate_28d,model_vars_income,-1000000
bank_txn_income_otherincome_category_travel_min_consumption_rate_28d,model_vars_income,-1000000
bank_txn_income_otherincome_category_travel_mean_consumption_rate_28d,model_vars_income,-1000000
bank_txn_income_otherincome_category_travel_max_consumption_rate_56d,model_vars_income,-1000000
bank_txn_income_otherincome_category_travel_min_consumption_rate_56d,model_vars_income,-1000000
bank_txn_income_otherincome_category_travel_mean_consumption_rate_56d,model_vars_income,-1000000
bank_txn_income_otherincome_category_travel_max_consumption_rate_84d,model_vars_income,-1000000
bank_txn_income_otherincome_category_travel_min_consumption_rate_84d,model_vars_income,-1000000
bank_txn_income_otherincome_category_travel_mean_consumption_rate_84d,model_vars_income,-1000000
bank_txn_income_otherincome_category_travel_max_consumption_rate_168d,model_vars_income,-1000000
bank_txn_income_otherincome_category_travel_min_consumption_rate_168d,model_vars_income,-1000000
bank_txn_income_otherincome_category_travel_mean_consumption_rate_168d,model_vars_income,-1000000
bank_txn_income_otherincome_category_travel_max_consumption_rate_182d,model_vars_income,-1000000
bank_txn_income_otherincome_category_travel_min_consumption_rate_182d,model_vars_income,-1000000
bank_txn_income_otherincome_category_travel_mean_consumption_rate_182d,model_vars_income,-1000000
bank_txn_income_otherincome_category_utilities_max_daily_consumption_7d,model_vars_income,-1000000
bank_txn_income_otherincome_category_utilities_max_consumption_rate_7d,model_vars_income,-1000000
bank_txn_income_otherincome_category_utilities_min_consumption_rate_7d,model_vars_income,-1000000
bank_txn_income_otherincome_category_utilities_mean_consumption_rate_7d,model_vars_income,-1000000
bank_txn_income_otherincome_category_utilities_max_consumption_rate_14d,model_vars_income,-1000000
bank_txn_income_otherincome_category_utilities_min_consumption_rate_14d,model_vars_income,-1000000
bank_txn_income_otherincome_category_utilities_mean_consumption_rate_14d,model_vars_income,-1000000
bank_txn_income_otherincome_category_utilities_max_consumption_rate_28d,model_vars_income,-1000000
bank_txn_income_otherincome_category_utilities_min_consumption_rate_28d,model_vars_income,-1000000
bank_txn_income_otherincome_category_utilities_mean_consumption_rate_28d,model_vars_income,-1000000
bank_txn_income_otherincome_category_utilities_max_consumption_rate_56d,model_vars_income,-1000000
bank_txn_income_otherincome_category_utilities_min_consumption_rate_56d,model_vars_income,-1000000
bank_txn_income_otherincome_category_utilities_mean_consumption_rate_56d,model_vars_income,-1000000
bank_txn_income_otherincome_category_utilities_max_consumption_rate_84d,model_vars_income,-1000000
bank_txn_income_otherincome_category_utilities_min_consumption_rate_84d,model_vars_income,-1000000
bank_txn_income_otherincome_category_utilities_mean_consumption_rate_84d,model_vars_income,-1000000
bank_txn_income_otherincome_category_utilities_max_consumption_rate_168d,model_vars_income,-1000000
bank_txn_income_otherincome_category_utilities_min_consumption_rate_168d,model_vars_income,-1000000
bank_txn_income_otherincome_category_utilities_mean_consumption_rate_168d,model_vars_income,-1000000
bank_txn_income_otherincome_category_utilities_max_consumption_rate_182d,model_vars_income,-1000000
bank_txn_income_otherincome_category_utilities_min_consumption_rate_182d,model_vars_income,-1000000
bank_txn_income_otherincome_category_utilities_mean_consumption_rate_182d,model_vars_income,-1000000
bank_txn_expense_global_sum_7d,model_vars_expense,-1000000
bank_txn_expense_global_count_7d,model_vars_expense,-1000000
bank_txn_expense_global_mean_7d,model_vars_expense,-1000000
bank_txn_expense_global_median_7d,model_vars_expense,-1000000
bank_txn_expense_global_max_7d,model_vars_expense,-1000000
bank_txn_expense_global_min_7d,model_vars_expense,-1000000
bank_txn_expense_global_std_7d,model_vars_expense,-1000000
bank_txn_expense_global_cv_7d,model_vars_expense,-1000000
bank_txn_expense_global_sum_14d,model_vars_expense,-1000000
bank_txn_expense_global_count_14d,model_vars_expense,-1000000
bank_txn_expense_global_mean_14d,model_vars_expense,-1000000
bank_txn_expense_global_median_14d,model_vars_expense,-1000000
bank_txn_expense_global_max_14d,model_vars_expense,-1000000
bank_txn_expense_global_min_14d,model_vars_expense,-1000000
bank_txn_expense_global_std_14d,model_vars_expense,-1000000
bank_txn_expense_global_cv_14d,model_vars_expense,-1000000
bank_txn_expense_global_sum_28d,model_vars_expense,-1000000
bank_txn_expense_global_count_28d,model_vars_expense,-1000000
bank_txn_expense_global_mean_28d,model_vars_expense,-1000000
bank_txn_expense_global_median_28d,model_vars_expense,-1000000
bank_txn_expense_global_max_28d,model_vars_expense,-1000000
bank_txn_expense_global_min_28d,model_vars_expense,-1000000
bank_txn_expense_global_std_28d,model_vars_expense,-1000000
bank_txn_expense_global_cv_28d,model_vars_expense,-1000000
bank_txn_expense_global_sum_56d,model_vars_expense,-1000000
bank_txn_expense_global_count_56d,model_vars_expense,-1000000
bank_txn_expense_global_mean_56d,model_vars_expense,-1000000
bank_txn_expense_global_median_56d,model_vars_expense,-1000000
bank_txn_expense_global_max_56d,model_vars_expense,-1000000
bank_txn_expense_global_min_56d,model_vars_expense,-1000000
bank_txn_expense_global_std_56d,model_vars_expense,-1000000
bank_txn_expense_global_cv_56d,model_vars_expense,-1000000
bank_txn_expense_global_sum_84d,model_vars_expense,-1000000
bank_txn_expense_global_count_84d,model_vars_expense,-1000000
bank_txn_expense_global_mean_84d,model_vars_expense,-1000000
bank_txn_expense_global_median_84d,model_vars_expense,-1000000
bank_txn_expense_global_max_84d,model_vars_expense,-1000000
bank_txn_expense_global_min_84d,model_vars_expense,-1000000
bank_txn_expense_global_std_84d,model_vars_expense,-1000000
bank_txn_expense_global_cv_84d,model_vars_expense,-1000000
bank_txn_expense_global_sum_168d,model_vars_expense,-1000000
bank_txn_expense_global_count_168d,model_vars_expense,-1000000
bank_txn_expense_global_mean_168d,model_vars_expense,-1000000
bank_txn_expense_global_median_168d,model_vars_expense,-1000000
bank_txn_expense_global_max_168d,model_vars_expense,-1000000
bank_txn_expense_global_min_168d,model_vars_expense,-1000000
bank_txn_expense_global_std_168d,model_vars_expense,-1000000
bank_txn_expense_global_cv_168d,model_vars_expense,-1000000
bank_txn_expense_global_sum_182d,model_vars_expense,-1000000
bank_txn_expense_global_count_182d,model_vars_expense,-1000000
bank_txn_expense_global_mean_182d,model_vars_expense,-1000000
bank_txn_expense_global_median_182d,model_vars_expense,-1000000
bank_txn_expense_global_max_182d,model_vars_expense,-1000000
bank_txn_expense_global_min_182d,model_vars_expense,-1000000
bank_txn_expense_global_std_182d,model_vars_expense,-1000000
bank_txn_expense_global_cv_182d,model_vars_expense,-1000000
bank_txn_expense_diningout_sum_7d,model_vars_expense,-1000000
bank_txn_expense_diningout_count_7d,model_vars_expense,-1000000
bank_txn_expense_diningout_mean_7d,model_vars_expense,-1000000
bank_txn_expense_diningout_median_7d,model_vars_expense,-1000000
bank_txn_expense_diningout_max_7d,model_vars_expense,-1000000
bank_txn_expense_diningout_min_7d,model_vars_expense,-1000000
bank_txn_expense_diningout_std_7d,model_vars_expense,-1000000
bank_txn_expense_diningout_cv_7d,model_vars_expense,-1000000
bank_txn_expense_externaltransfers_sum_7d,model_vars_expense,-1000000
bank_txn_expense_externaltransfers_count_7d,model_vars_expense,-1000000
bank_txn_expense_externaltransfers_mean_7d,model_vars_expense,-1000000
bank_txn_expense_externaltransfers_median_7d,model_vars_expense,-1000000
bank_txn_expense_externaltransfers_max_7d,model_vars_expense,-1000000
bank_txn_expense_externaltransfers_min_7d,model_vars_expense,-1000000
bank_txn_expense_externaltransfers_std_7d,model_vars_expense,-1000000
bank_txn_expense_externaltransfers_cv_7d,model_vars_expense,-1000000
bank_txn_expense_internaltransfer_sum_7d,model_vars_expense,-1000000
bank_txn_expense_internaltransfer_count_7d,model_vars_expense,-1000000
bank_txn_expense_internaltransfer_mean_7d,model_vars_expense,-1000000
bank_txn_expense_internaltransfer_median_7d,model_vars_expense,-1000000
bank_txn_expense_internaltransfer_max_7d,model_vars_expense,-1000000
bank_txn_expense_internaltransfer_min_7d,model_vars_expense,-1000000
bank_txn_expense_internaltransfer_std_7d,model_vars_expense,-1000000
bank_txn_expense_internaltransfer_cv_7d,model_vars_expense,-1000000
bank_txn_expense_groceries_sum_7d,model_vars_expense,-1000000
bank_txn_expense_groceries_count_7d,model_vars_expense,-1000000
bank_txn_expense_groceries_mean_7d,model_vars_expense,-1000000
bank_txn_expense_groceries_median_7d,model_vars_expense,-1000000
bank_txn_expense_groceries_max_7d,model_vars_expense,-1000000
bank_txn_expense_groceries_min_7d,model_vars_expense,-1000000
bank_txn_expense_groceries_std_7d,model_vars_expense,-1000000
bank_txn_expense_groceries_cv_7d,model_vars_expense,-1000000
bank_txn_expense_retail_sum_7d,model_vars_expense,-1000000
bank_txn_expense_retail_count_7d,model_vars_expense,-1000000
bank_txn_expense_retail_mean_7d,model_vars_expense,-1000000
bank_txn_expense_retail_median_7d,model_vars_expense,-1000000
bank_txn_expense_retail_max_7d,model_vars_expense,-1000000
bank_txn_expense_retail_min_7d,model_vars_expense,-1000000
bank_txn_expense_retail_std_7d,model_vars_expense,-1000000
bank_txn_expense_retail_cv_7d,model_vars_expense,-1000000
bank_txn_expense_departmentstores_sum_7d,model_vars_expense,-1000000
bank_txn_expense_departmentstores_count_7d,model_vars_expense,-1000000
bank_txn_expense_departmentstores_mean_7d,model_vars_expense,-1000000
bank_txn_expense_departmentstores_median_7d,model_vars_expense,-1000000
bank_txn_expense_departmentstores_max_7d,model_vars_expense,-1000000
bank_txn_expense_departmentstores_min_7d,model_vars_expense,-1000000
bank_txn_expense_departmentstores_std_7d,model_vars_expense,-1000000
bank_txn_expense_departmentstores_cv_7d,model_vars_expense,-1000000
bank_txn_expense_automotive_sum_7d,model_vars_expense,-1000000
bank_txn_expense_automotive_count_7d,model_vars_expense,-1000000
bank_txn_expense_automotive_mean_7d,model_vars_expense,-1000000
bank_txn_expense_automotive_median_7d,model_vars_expense,-1000000
bank_txn_expense_automotive_max_7d,model_vars_expense,-1000000
bank_txn_expense_automotive_min_7d,model_vars_expense,-1000000
bank_txn_expense_automotive_std_7d,model_vars_expense,-1000000
bank_txn_expense_automotive_cv_7d,model_vars_expense,-1000000
bank_txn_expense_rent_sum_7d,model_vars_expense,-1000000
bank_txn_expense_rent_count_7d,model_vars_expense,-1000000
bank_txn_expense_rent_mean_7d,model_vars_expense,-1000000
bank_txn_expense_rent_median_7d,model_vars_expense,-1000000
bank_txn_expense_rent_max_7d,model_vars_expense,-1000000
bank_txn_expense_rent_min_7d,model_vars_expense,-1000000
bank_txn_expense_rent_std_7d,model_vars_expense,-1000000
bank_txn_expense_rent_cv_7d,model_vars_expense,-1000000
bank_txn_expense_health_sum_7d,model_vars_expense,-1000000
bank_txn_expense_health_count_7d,model_vars_expense,-1000000
bank_txn_expense_health_mean_7d,model_vars_expense,-1000000
bank_txn_expense_health_median_7d,model_vars_expense,-1000000
bank_txn_expense_health_max_7d,model_vars_expense,-1000000
bank_txn_expense_health_min_7d,model_vars_expense,-1000000
bank_txn_expense_health_std_7d,model_vars_expense,-1000000
bank_txn_expense_health_cv_7d,model_vars_expense,-1000000
bank_txn_expense_utilities_sum_7d,model_vars_expense,-1000000
bank_txn_expense_utilities_count_7d,model_vars_expense,-1000000
bank_txn_expense_utilities_mean_7d,model_vars_expense,-1000000
bank_txn_expense_utilities_median_7d,model_vars_expense,-1000000
bank_txn_expense_utilities_max_7d,model_vars_expense,-1000000
bank_txn_expense_utilities_min_7d,model_vars_expense,-1000000
bank_txn_expense_utilities_std_7d,model_vars_expense,-1000000
bank_txn_expense_utilities_cv_7d,model_vars_expense,-1000000
bank_txn_expense_education_sum_7d,model_vars_expense,-1000000
bank_txn_expense_education_count_7d,model_vars_expense,-1000000
bank_txn_expense_education_mean_7d,model_vars_expense,-1000000
bank_txn_expense_education_median_7d,model_vars_expense,-1000000
bank_txn_expense_education_max_7d,model_vars_expense,-1000000
bank_txn_expense_education_min_7d,model_vars_expense,-1000000
bank_txn_expense_education_std_7d,model_vars_expense,-1000000
bank_txn_expense_education_cv_7d,model_vars_expense,-1000000
bank_txn_expense_telecommunications_sum_7d,model_vars_expense,-1000000
bank_txn_expense_telecommunications_count_7d,model_vars_expense,-1000000
bank_txn_expense_telecommunications_mean_7d,model_vars_expense,-1000000
bank_txn_expense_telecommunications_median_7d,model_vars_expense,-1000000
bank_txn_expense_telecommunications_max_7d,model_vars_expense,-1000000
bank_txn_expense_telecommunications_min_7d,model_vars_expense,-1000000
bank_txn_expense_telecommunications_std_7d,model_vars_expense,-1000000
bank_txn_expense_telecommunications_cv_7d,model_vars_expense,-1000000
bank_txn_expense_donations_sum_7d,model_vars_expense,-1000000
bank_txn_expense_donations_count_7d,model_vars_expense,-1000000
bank_txn_expense_donations_mean_7d,model_vars_expense,-1000000
bank_txn_expense_donations_median_7d,model_vars_expense,-1000000
bank_txn_expense_donations_max_7d,model_vars_expense,-1000000
bank_txn_expense_donations_min_7d,model_vars_expense,-1000000
bank_txn_expense_donations_std_7d,model_vars_expense,-1000000
bank_txn_expense_donations_cv_7d,model_vars_expense,-1000000
bank_txn_expense_centrelink_sum_7d,model_vars_expense,-1000000
bank_txn_expense_centrelink_count_7d,model_vars_expense,-1000000
bank_txn_expense_centrelink_mean_7d,model_vars_expense,-1000000
bank_txn_expense_centrelink_median_7d,model_vars_expense,-1000000
bank_txn_expense_centrelink_max_7d,model_vars_expense,-1000000
bank_txn_expense_centrelink_min_7d,model_vars_expense,-1000000
bank_txn_expense_centrelink_std_7d,model_vars_expense,-1000000
bank_txn_expense_centrelink_cv_7d,model_vars_expense,-1000000
bank_txn_expense_fees_sum_7d,model_vars_expense,-1000000
bank_txn_expense_fees_count_7d,model_vars_expense,-1000000
bank_txn_expense_fees_mean_7d,model_vars_expense,-1000000
bank_txn_expense_fees_median_7d,model_vars_expense,-1000000
bank_txn_expense_fees_max_7d,model_vars_expense,-1000000
bank_txn_expense_fees_min_7d,model_vars_expense,-1000000
bank_txn_expense_fees_std_7d,model_vars_expense,-1000000
bank_txn_expense_fees_cv_7d,model_vars_expense,-1000000
bank_txn_expense_entertainment_sum_7d,model_vars_expense,-1000000
bank_txn_expense_entertainment_count_7d,model_vars_expense,-1000000
bank_txn_expense_entertainment_mean_7d,model_vars_expense,-1000000
bank_txn_expense_entertainment_median_7d,model_vars_expense,-1000000
bank_txn_expense_entertainment_max_7d,model_vars_expense,-1000000
bank_txn_expense_entertainment_min_7d,model_vars_expense,-1000000
bank_txn_expense_entertainment_std_7d,model_vars_expense,-1000000
bank_txn_expense_entertainment_cv_7d,model_vars_expense,-1000000
bank_txn_expense_homeimprovement_sum_7d,model_vars_expense,-1000000
bank_txn_expense_homeimprovement_count_7d,model_vars_expense,-1000000
bank_txn_expense_homeimprovement_mean_7d,model_vars_expense,-1000000
bank_txn_expense_homeimprovement_median_7d,model_vars_expense,-1000000
bank_txn_expense_homeimprovement_max_7d,model_vars_expense,-1000000
bank_txn_expense_homeimprovement_min_7d,model_vars_expense,-1000000
bank_txn_expense_homeimprovement_std_7d,model_vars_expense,-1000000
bank_txn_expense_homeimprovement_cv_7d,model_vars_expense,-1000000
bank_txn_expense_transport_sum_7d,model_vars_expense,-1000000
bank_txn_expense_transport_count_7d,model_vars_expense,-1000000
bank_txn_expense_transport_mean_7d,model_vars_expense,-1000000
bank_txn_expense_transport_median_7d,model_vars_expense,-1000000
bank_txn_expense_transport_max_7d,model_vars_expense,-1000000
bank_txn_expense_transport_min_7d,model_vars_expense,-1000000
bank_txn_expense_transport_std_7d,model_vars_expense,-1000000
bank_txn_expense_transport_cv_7d,model_vars_expense,-1000000
bank_txn_expense_subscriptiontv_sum_7d,model_vars_expense,-1000000
bank_txn_expense_subscriptiontv_count_7d,model_vars_expense,-1000000
bank_txn_expense_subscriptiontv_mean_7d,model_vars_expense,-1000000
bank_txn_expense_subscriptiontv_median_7d,model_vars_expense,-1000000
bank_txn_expense_subscriptiontv_max_7d,model_vars_expense,-1000000
bank_txn_expense_subscriptiontv_min_7d,model_vars_expense,-1000000
bank_txn_expense_subscriptiontv_std_7d,model_vars_expense,-1000000
bank_txn_expense_subscriptiontv_cv_7d,model_vars_expense,-1000000
bank_txn_expense_diningout_sum_14d,model_vars_expense,-1000000
bank_txn_expense_diningout_count_14d,model_vars_expense,-1000000
bank_txn_expense_diningout_mean_14d,model_vars_expense,-1000000
bank_txn_expense_diningout_median_14d,model_vars_expense,-1000000
bank_txn_expense_diningout_max_14d,model_vars_expense,-1000000
bank_txn_expense_diningout_min_14d,model_vars_expense,-1000000
bank_txn_expense_diningout_std_14d,model_vars_expense,-1000000
bank_txn_expense_diningout_cv_14d,model_vars_expense,-1000000
bank_txn_expense_externaltransfers_sum_14d,model_vars_expense,-1000000
bank_txn_expense_externaltransfers_count_14d,model_vars_expense,-1000000
bank_txn_expense_externaltransfers_mean_14d,model_vars_expense,-1000000
bank_txn_expense_externaltransfers_median_14d,model_vars_expense,-1000000
bank_txn_expense_externaltransfers_max_14d,model_vars_expense,-1000000
bank_txn_expense_externaltransfers_min_14d,model_vars_expense,-1000000
bank_txn_expense_externaltransfers_std_14d,model_vars_expense,-1000000
bank_txn_expense_externaltransfers_cv_14d,model_vars_expense,-1000000
bank_txn_expense_internaltransfer_sum_14d,model_vars_expense,-1000000
bank_txn_expense_internaltransfer_count_14d,model_vars_expense,-1000000
bank_txn_expense_internaltransfer_mean_14d,model_vars_expense,-1000000
bank_txn_expense_internaltransfer_median_14d,model_vars_expense,-1000000
bank_txn_expense_internaltransfer_max_14d,model_vars_expense,-1000000
bank_txn_expense_internaltransfer_min_14d,model_vars_expense,-1000000
bank_txn_expense_internaltransfer_std_14d,model_vars_expense,-1000000
bank_txn_expense_internaltransfer_cv_14d,model_vars_expense,-1000000
bank_txn_expense_groceries_sum_14d,model_vars_expense,-1000000
bank_txn_expense_groceries_count_14d,model_vars_expense,-1000000
bank_txn_expense_groceries_mean_14d,model_vars_expense,-1000000
bank_txn_expense_groceries_median_14d,model_vars_expense,-1000000
bank_txn_expense_groceries_max_14d,model_vars_expense,-1000000
bank_txn_expense_groceries_min_14d,model_vars_expense,-1000000
bank_txn_expense_groceries_std_14d,model_vars_expense,-1000000
bank_txn_expense_groceries_cv_14d,model_vars_expense,-1000000
bank_txn_expense_retail_sum_14d,model_vars_expense,-1000000
bank_txn_expense_retail_count_14d,model_vars_expense,-1000000
bank_txn_expense_retail_mean_14d,model_vars_expense,-1000000
bank_txn_expense_retail_median_14d,model_vars_expense,-1000000
bank_txn_expense_retail_max_14d,model_vars_expense,-1000000
bank_txn_expense_retail_min_14d,model_vars_expense,-1000000
bank_txn_expense_retail_std_14d,model_vars_expense,-1000000
bank_txn_expense_retail_cv_14d,model_vars_expense,-1000000
bank_txn_expense_departmentstores_sum_14d,model_vars_expense,-1000000
bank_txn_expense_departmentstores_count_14d,model_vars_expense,-1000000
bank_txn_expense_departmentstores_mean_14d,model_vars_expense,-1000000
bank_txn_expense_departmentstores_median_14d,model_vars_expense,-1000000
bank_txn_expense_departmentstores_max_14d,model_vars_expense,-1000000
bank_txn_expense_departmentstores_min_14d,model_vars_expense,-1000000
bank_txn_expense_departmentstores_std_14d,model_vars_expense,-1000000
bank_txn_expense_departmentstores_cv_14d,model_vars_expense,-1000000
bank_txn_expense_automotive_sum_14d,model_vars_expense,-1000000
bank_txn_expense_automotive_count_14d,model_vars_expense,-1000000
bank_txn_expense_automotive_mean_14d,model_vars_expense,-1000000
bank_txn_expense_automotive_median_14d,model_vars_expense,-1000000
bank_txn_expense_automotive_max_14d,model_vars_expense,-1000000
bank_txn_expense_automotive_min_14d,model_vars_expense,-1000000
bank_txn_expense_automotive_std_14d,model_vars_expense,-1000000
bank_txn_expense_automotive_cv_14d,model_vars_expense,-1000000
bank_txn_expense_rent_sum_14d,model_vars_expense,-1000000
bank_txn_expense_rent_count_14d,model_vars_expense,-1000000
bank_txn_expense_rent_mean_14d,model_vars_expense,-1000000
bank_txn_expense_rent_median_14d,model_vars_expense,-1000000
bank_txn_expense_rent_max_14d,model_vars_expense,-1000000
bank_txn_expense_rent_min_14d,model_vars_expense,-1000000
bank_txn_expense_rent_std_14d,model_vars_expense,-1000000
bank_txn_expense_rent_cv_14d,model_vars_expense,-1000000
bank_txn_expense_health_sum_14d,model_vars_expense,-1000000
bank_txn_expense_health_count_14d,model_vars_expense,-1000000
bank_txn_expense_health_mean_14d,model_vars_expense,-1000000
bank_txn_expense_health_median_14d,model_vars_expense,-1000000
bank_txn_expense_health_max_14d,model_vars_expense,-1000000
bank_txn_expense_health_min_14d,model_vars_expense,-1000000
bank_txn_expense_health_std_14d,model_vars_expense,-1000000
bank_txn_expense_health_cv_14d,model_vars_expense,-1000000
bank_txn_expense_utilities_sum_14d,model_vars_expense,-1000000
bank_txn_expense_utilities_count_14d,model_vars_expense,-1000000
bank_txn_expense_utilities_mean_14d,model_vars_expense,-1000000
bank_txn_expense_utilities_median_14d,model_vars_expense,-1000000
bank_txn_expense_utilities_max_14d,model_vars_expense,-1000000
bank_txn_expense_utilities_min_14d,model_vars_expense,-1000000
bank_txn_expense_utilities_std_14d,model_vars_expense,-1000000
bank_txn_expense_utilities_cv_14d,model_vars_expense,-1000000
bank_txn_expense_education_sum_14d,model_vars_expense,-1000000
bank_txn_expense_education_count_14d,model_vars_expense,-1000000
bank_txn_expense_education_mean_14d,model_vars_expense,-1000000
bank_txn_expense_education_median_14d,model_vars_expense,-1000000
bank_txn_expense_education_max_14d,model_vars_expense,-1000000
bank_txn_expense_education_min_14d,model_vars_expense,-1000000
bank_txn_expense_education_std_14d,model_vars_expense,-1000000
bank_txn_expense_education_cv_14d,model_vars_expense,-1000000
bank_txn_expense_telecommunications_sum_14d,model_vars_expense,-1000000
bank_txn_expense_telecommunications_count_14d,model_vars_expense,-1000000
bank_txn_expense_telecommunications_mean_14d,model_vars_expense,-1000000
bank_txn_expense_telecommunications_median_14d,model_vars_expense,-1000000
bank_txn_expense_telecommunications_max_14d,model_vars_expense,-1000000
bank_txn_expense_telecommunications_min_14d,model_vars_expense,-1000000
bank_txn_expense_telecommunications_std_14d,model_vars_expense,-1000000
bank_txn_expense_telecommunications_cv_14d,model_vars_expense,-1000000
bank_txn_expense_donations_sum_14d,model_vars_expense,-1000000
bank_txn_expense_donations_count_14d,model_vars_expense,-1000000
bank_txn_expense_donations_mean_14d,model_vars_expense,-1000000
bank_txn_expense_donations_median_14d,model_vars_expense,-1000000
bank_txn_expense_donations_max_14d,model_vars_expense,-1000000
bank_txn_expense_donations_min_14d,model_vars_expense,-1000000
bank_txn_expense_donations_std_14d,model_vars_expense,-1000000
bank_txn_expense_donations_cv_14d,model_vars_expense,-1000000
bank_txn_expense_centrelink_sum_14d,model_vars_expense,-1000000
bank_txn_expense_centrelink_count_14d,model_vars_expense,-1000000
bank_txn_expense_centrelink_mean_14d,model_vars_expense,-1000000
bank_txn_expense_centrelink_median_14d,model_vars_expense,-1000000
bank_txn_expense_centrelink_max_14d,model_vars_expense,-1000000
bank_txn_expense_centrelink_min_14d,model_vars_expense,-1000000
bank_txn_expense_centrelink_std_14d,model_vars_expense,-1000000
bank_txn_expense_centrelink_cv_14d,model_vars_expense,-1000000
bank_txn_expense_fees_sum_14d,model_vars_expense,-1000000
bank_txn_expense_fees_count_14d,model_vars_expense,-1000000
bank_txn_expense_fees_mean_14d,model_vars_expense,-1000000
bank_txn_expense_fees_median_14d,model_vars_expense,-1000000
bank_txn_expense_fees_max_14d,model_vars_expense,-1000000
bank_txn_expense_fees_min_14d,model_vars_expense,-1000000
bank_txn_expense_fees_std_14d,model_vars_expense,-1000000
bank_txn_expense_fees_cv_14d,model_vars_expense,-1000000
bank_txn_expense_entertainment_sum_14d,model_vars_expense,-1000000
bank_txn_expense_entertainment_count_14d,model_vars_expense,-1000000
bank_txn_expense_entertainment_mean_14d,model_vars_expense,-1000000
bank_txn_expense_entertainment_median_14d,model_vars_expense,-1000000
bank_txn_expense_entertainment_max_14d,model_vars_expense,-1000000
bank_txn_expense_entertainment_min_14d,model_vars_expense,-1000000
bank_txn_expense_entertainment_std_14d,model_vars_expense,-1000000
bank_txn_expense_entertainment_cv_14d,model_vars_expense,-1000000
bank_txn_expense_homeimprovement_sum_14d,model_vars_expense,-1000000
bank_txn_expense_homeimprovement_count_14d,model_vars_expense,-1000000
bank_txn_expense_homeimprovement_mean_14d,model_vars_expense,-1000000
bank_txn_expense_homeimprovement_median_14d,model_vars_expense,-1000000
bank_txn_expense_homeimprovement_max_14d,model_vars_expense,-1000000
bank_txn_expense_homeimprovement_min_14d,model_vars_expense,-1000000
bank_txn_expense_homeimprovement_std_14d,model_vars_expense,-1000000
bank_txn_expense_homeimprovement_cv_14d,model_vars_expense,-1000000
bank_txn_expense_transport_sum_14d,model_vars_expense,-1000000
bank_txn_expense_transport_count_14d,model_vars_expense,-1000000
bank_txn_expense_transport_mean_14d,model_vars_expense,-1000000
bank_txn_expense_transport_median_14d,model_vars_expense,-1000000
bank_txn_expense_transport_max_14d,model_vars_expense,-1000000
bank_txn_expense_transport_min_14d,model_vars_expense,-1000000
bank_txn_expense_transport_std_14d,model_vars_expense,-1000000
bank_txn_expense_transport_cv_14d,model_vars_expense,-1000000
bank_txn_expense_subscriptiontv_sum_14d,model_vars_expense,-1000000
bank_txn_expense_subscriptiontv_count_14d,model_vars_expense,-1000000
bank_txn_expense_subscriptiontv_mean_14d,model_vars_expense,-1000000
bank_txn_expense_subscriptiontv_median_14d,model_vars_expense,-1000000
bank_txn_expense_subscriptiontv_max_14d,model_vars_expense,-1000000
bank_txn_expense_subscriptiontv_min_14d,model_vars_expense,-1000000
bank_txn_expense_subscriptiontv_std_14d,model_vars_expense,-1000000
bank_txn_expense_subscriptiontv_cv_14d,model_vars_expense,-1000000
bank_txn_expense_diningout_sum_28d,model_vars_expense,-1000000
bank_txn_expense_diningout_count_28d,model_vars_expense,-1000000
bank_txn_expense_diningout_mean_28d,model_vars_expense,-1000000
bank_txn_expense_diningout_median_28d,model_vars_expense,-1000000
bank_txn_expense_diningout_max_28d,model_vars_expense,-1000000
bank_txn_expense_diningout_min_28d,model_vars_expense,-1000000
bank_txn_expense_diningout_std_28d,model_vars_expense,-1000000
bank_txn_expense_diningout_cv_28d,model_vars_expense,-1000000
bank_txn_expense_externaltransfers_sum_28d,model_vars_expense,-1000000
bank_txn_expense_externaltransfers_count_28d,model_vars_expense,-1000000
bank_txn_expense_externaltransfers_mean_28d,model_vars_expense,-1000000
bank_txn_expense_externaltransfers_median_28d,model_vars_expense,-1000000
bank_txn_expense_externaltransfers_max_28d,model_vars_expense,-1000000
bank_txn_expense_externaltransfers_min_28d,model_vars_expense,-1000000
bank_txn_expense_externaltransfers_std_28d,model_vars_expense,-1000000
bank_txn_expense_externaltransfers_cv_28d,model_vars_expense,-1000000
bank_txn_expense_internaltransfer_sum_28d,model_vars_expense,-1000000
bank_txn_expense_internaltransfer_count_28d,model_vars_expense,-1000000
bank_txn_expense_internaltransfer_mean_28d,model_vars_expense,-1000000
bank_txn_expense_internaltransfer_median_28d,model_vars_expense,-1000000
bank_txn_expense_internaltransfer_max_28d,model_vars_expense,-1000000
bank_txn_expense_internaltransfer_min_28d,model_vars_expense,-1000000
bank_txn_expense_internaltransfer_std_28d,model_vars_expense,-1000000
bank_txn_expense_internaltransfer_cv_28d,model_vars_expense,-1000000
bank_txn_expense_groceries_sum_28d,model_vars_expense,-1000000
bank_txn_expense_groceries_count_28d,model_vars_expense,-1000000
bank_txn_expense_groceries_mean_28d,model_vars_expense,-1000000
bank_txn_expense_groceries_median_28d,model_vars_expense,-1000000
bank_txn_expense_groceries_max_28d,model_vars_expense,-1000000
bank_txn_expense_groceries_min_28d,model_vars_expense,-1000000
bank_txn_expense_groceries_std_28d,model_vars_expense,-1000000
bank_txn_expense_groceries_cv_28d,model_vars_expense,-1000000
bank_txn_expense_retail_sum_28d,model_vars_expense,-1000000
bank_txn_expense_retail_count_28d,model_vars_expense,-1000000
bank_txn_expense_retail_mean_28d,model_vars_expense,-1000000
bank_txn_expense_retail_median_28d,model_vars_expense,-1000000
bank_txn_expense_retail_max_28d,model_vars_expense,-1000000
bank_txn_expense_retail_min_28d,model_vars_expense,-1000000
bank_txn_expense_retail_std_28d,model_vars_expense,-1000000
bank_txn_expense_retail_cv_28d,model_vars_expense,-1000000
bank_txn_expense_departmentstores_sum_28d,model_vars_expense,-1000000
bank_txn_expense_departmentstores_count_28d,model_vars_expense,-1000000
bank_txn_expense_departmentstores_mean_28d,model_vars_expense,-1000000
bank_txn_expense_departmentstores_median_28d,model_vars_expense,-1000000
bank_txn_expense_departmentstores_max_28d,model_vars_expense,-1000000
bank_txn_expense_departmentstores_min_28d,model_vars_expense,-1000000
bank_txn_expense_departmentstores_std_28d,model_vars_expense,-1000000
bank_txn_expense_departmentstores_cv_28d,model_vars_expense,-1000000
bank_txn_expense_automotive_sum_28d,model_vars_expense,-1000000
bank_txn_expense_automotive_count_28d,model_vars_expense,-1000000
bank_txn_expense_automotive_mean_28d,model_vars_expense,-1000000
bank_txn_expense_automotive_median_28d,model_vars_expense,-1000000
bank_txn_expense_automotive_max_28d,model_vars_expense,-1000000
bank_txn_expense_automotive_min_28d,model_vars_expense,-1000000
bank_txn_expense_automotive_std_28d,model_vars_expense,-1000000
bank_txn_expense_automotive_cv_28d,model_vars_expense,-1000000
bank_txn_expense_rent_sum_28d,model_vars_expense,-1000000
bank_txn_expense_rent_count_28d,model_vars_expense,-1000000
bank_txn_expense_rent_mean_28d,model_vars_expense,-1000000
bank_txn_expense_rent_median_28d,model_vars_expense,-1000000
bank_txn_expense_rent_max_28d,model_vars_expense,-1000000
bank_txn_expense_rent_min_28d,model_vars_expense,-1000000
bank_txn_expense_rent_std_28d,model_vars_expense,-1000000
bank_txn_expense_rent_cv_28d,model_vars_expense,-1000000
bank_txn_expense_health_sum_28d,model_vars_expense,-1000000
bank_txn_expense_health_count_28d,model_vars_expense,-1000000
bank_txn_expense_health_mean_28d,model_vars_expense,-1000000
bank_txn_expense_health_median_28d,model_vars_expense,-1000000
bank_txn_expense_health_max_28d,model_vars_expense,-1000000
bank_txn_expense_health_min_28d,model_vars_expense,-1000000
bank_txn_expense_health_std_28d,model_vars_expense,-1000000
bank_txn_expense_health_cv_28d,model_vars_expense,-1000000
bank_txn_expense_utilities_sum_28d,model_vars_expense,-1000000
bank_txn_expense_utilities_count_28d,model_vars_expense,-1000000
bank_txn_expense_utilities_mean_28d,model_vars_expense,-1000000
bank_txn_expense_utilities_median_28d,model_vars_expense,-1000000
bank_txn_expense_utilities_max_28d,model_vars_expense,-1000000
bank_txn_expense_utilities_min_28d,model_vars_expense,-1000000
bank_txn_expense_utilities_std_28d,model_vars_expense,-1000000
bank_txn_expense_utilities_cv_28d,model_vars_expense,-1000000
bank_txn_expense_education_sum_28d,model_vars_expense,-1000000
bank_txn_expense_education_count_28d,model_vars_expense,-1000000
bank_txn_expense_education_mean_28d,model_vars_expense,-1000000
bank_txn_expense_education_median_28d,model_vars_expense,-1000000
bank_txn_expense_education_max_28d,model_vars_expense,-1000000
bank_txn_expense_education_min_28d,model_vars_expense,-1000000
bank_txn_expense_education_std_28d,model_vars_expense,-1000000
bank_txn_expense_education_cv_28d,model_vars_expense,-1000000
bank_txn_expense_telecommunications_sum_28d,model_vars_expense,-1000000
bank_txn_expense_telecommunications_count_28d,model_vars_expense,-1000000
bank_txn_expense_telecommunications_mean_28d,model_vars_expense,-1000000
bank_txn_expense_telecommunications_median_28d,model_vars_expense,-1000000
bank_txn_expense_telecommunications_max_28d,model_vars_expense,-1000000
bank_txn_expense_telecommunications_min_28d,model_vars_expense,-1000000
bank_txn_expense_telecommunications_std_28d,model_vars_expense,-1000000
bank_txn_expense_telecommunications_cv_28d,model_vars_expense,-1000000
bank_txn_expense_donations_sum_28d,model_vars_expense,-1000000
bank_txn_expense_donations_count_28d,model_vars_expense,-1000000
bank_txn_expense_donations_mean_28d,model_vars_expense,-1000000
bank_txn_expense_donations_median_28d,model_vars_expense,-1000000
bank_txn_expense_donations_max_28d,model_vars_expense,-1000000
bank_txn_expense_donations_min_28d,model_vars_expense,-1000000
bank_txn_expense_donations_std_28d,model_vars_expense,-1000000
bank_txn_expense_donations_cv_28d,model_vars_expense,-1000000
bank_txn_expense_centrelink_sum_28d,model_vars_expense,-1000000
bank_txn_expense_centrelink_count_28d,model_vars_expense,-1000000
bank_txn_expense_centrelink_mean_28d,model_vars_expense,-1000000
bank_txn_expense_centrelink_median_28d,model_vars_expense,-1000000
bank_txn_expense_centrelink_max_28d,model_vars_expense,-1000000
bank_txn_expense_centrelink_min_28d,model_vars_expense,-1000000
bank_txn_expense_centrelink_std_28d,model_vars_expense,-1000000
bank_txn_expense_centrelink_cv_28d,model_vars_expense,-1000000
bank_txn_expense_fees_sum_28d,model_vars_expense,-1000000
bank_txn_expense_fees_count_28d,model_vars_expense,-1000000
bank_txn_expense_fees_mean_28d,model_vars_expense,-1000000
bank_txn_expense_fees_median_28d,model_vars_expense,-1000000
bank_txn_expense_fees_max_28d,model_vars_expense,-1000000
bank_txn_expense_fees_min_28d,model_vars_expense,-1000000
bank_txn_expense_fees_std_28d,model_vars_expense,-1000000
bank_txn_expense_fees_cv_28d,model_vars_expense,-1000000
bank_txn_expense_entertainment_sum_28d,model_vars_expense,-1000000
bank_txn_expense_entertainment_count_28d,model_vars_expense,-1000000
bank_txn_expense_entertainment_mean_28d,model_vars_expense,-1000000
bank_txn_expense_entertainment_median_28d,model_vars_expense,-1000000
bank_txn_expense_entertainment_max_28d,model_vars_expense,-1000000
bank_txn_expense_entertainment_min_28d,model_vars_expense,-1000000
bank_txn_expense_entertainment_std_28d,model_vars_expense,-1000000
bank_txn_expense_entertainment_cv_28d,model_vars_expense,-1000000
bank_txn_expense_homeimprovement_sum_28d,model_vars_expense,-1000000
bank_txn_expense_homeimprovement_count_28d,model_vars_expense,-1000000
bank_txn_expense_homeimprovement_mean_28d,model_vars_expense,-1000000
bank_txn_expense_homeimprovement_median_28d,model_vars_expense,-1000000
bank_txn_expense_homeimprovement_max_28d,model_vars_expense,-1000000
bank_txn_expense_homeimprovement_min_28d,model_vars_expense,-1000000
bank_txn_expense_homeimprovement_std_28d,model_vars_expense,-1000000
bank_txn_expense_homeimprovement_cv_28d,model_vars_expense,-1000000
bank_txn_expense_transport_sum_28d,model_vars_expense,-1000000
bank_txn_expense_transport_count_28d,model_vars_expense,-1000000
bank_txn_expense_transport_mean_28d,model_vars_expense,-1000000
bank_txn_expense_transport_median_28d,model_vars_expense,-1000000
bank_txn_expense_transport_max_28d,model_vars_expense,-1000000
bank_txn_expense_transport_min_28d,model_vars_expense,-1000000
bank_txn_expense_transport_std_28d,model_vars_expense,-1000000
bank_txn_expense_transport_cv_28d,model_vars_expense,-1000000
bank_txn_expense_subscriptiontv_sum_28d,model_vars_expense,-1000000
bank_txn_expense_subscriptiontv_count_28d,model_vars_expense,-1000000
bank_txn_expense_subscriptiontv_mean_28d,model_vars_expense,-1000000
bank_txn_expense_subscriptiontv_median_28d,model_vars_expense,-1000000
bank_txn_expense_subscriptiontv_max_28d,model_vars_expense,-1000000
bank_txn_expense_subscriptiontv_min_28d,model_vars_expense,-1000000
bank_txn_expense_subscriptiontv_std_28d,model_vars_expense,-1000000
bank_txn_expense_subscriptiontv_cv_28d,model_vars_expense,-1000000
bank_txn_expense_diningout_sum_56d,model_vars_expense,-1000000
bank_txn_expense_diningout_count_56d,model_vars_expense,-1000000
bank_txn_expense_diningout_mean_56d,model_vars_expense,-1000000
bank_txn_expense_diningout_median_56d,model_vars_expense,-1000000
bank_txn_expense_diningout_max_56d,model_vars_expense,-1000000
bank_txn_expense_diningout_min_56d,model_vars_expense,-1000000
bank_txn_expense_diningout_std_56d,model_vars_expense,-1000000
bank_txn_expense_diningout_cv_56d,model_vars_expense,-1000000
bank_txn_expense_externaltransfers_sum_56d,model_vars_expense,-1000000
bank_txn_expense_externaltransfers_count_56d,model_vars_expense,-1000000
bank_txn_expense_externaltransfers_mean_56d,model_vars_expense,-1000000
bank_txn_expense_externaltransfers_median_56d,model_vars_expense,-1000000
bank_txn_expense_externaltransfers_max_56d,model_vars_expense,-1000000
bank_txn_expense_externaltransfers_min_56d,model_vars_expense,-1000000
bank_txn_expense_externaltransfers_std_56d,model_vars_expense,-1000000
bank_txn_expense_externaltransfers_cv_56d,model_vars_expense,-1000000
bank_txn_expense_internaltransfer_sum_56d,model_vars_expense,-1000000
bank_txn_expense_internaltransfer_count_56d,model_vars_expense,-1000000
bank_txn_expense_internaltransfer_mean_56d,model_vars_expense,-1000000
bank_txn_expense_internaltransfer_median_56d,model_vars_expense,-1000000
bank_txn_expense_internaltransfer_max_56d,model_vars_expense,-1000000
bank_txn_expense_internaltransfer_min_56d,model_vars_expense,-1000000
bank_txn_expense_internaltransfer_std_56d,model_vars_expense,-1000000
bank_txn_expense_internaltransfer_cv_56d,model_vars_expense,-1000000
bank_txn_expense_groceries_sum_56d,model_vars_expense,-1000000
bank_txn_expense_groceries_count_56d,model_vars_expense,-1000000
bank_txn_expense_groceries_mean_56d,model_vars_expense,-1000000
bank_txn_expense_groceries_median_56d,model_vars_expense,-1000000
bank_txn_expense_groceries_max_56d,model_vars_expense,-1000000
bank_txn_expense_groceries_min_56d,model_vars_expense,-1000000
bank_txn_expense_groceries_std_56d,model_vars_expense,-1000000
bank_txn_expense_groceries_cv_56d,model_vars_expense,-1000000
bank_txn_expense_retail_sum_56d,model_vars_expense,-1000000
bank_txn_expense_retail_count_56d,model_vars_expense,-1000000
bank_txn_expense_retail_mean_56d,model_vars_expense,-1000000
bank_txn_expense_retail_median_56d,model_vars_expense,-1000000
bank_txn_expense_retail_max_56d,model_vars_expense,-1000000
bank_txn_expense_retail_min_56d,model_vars_expense,-1000000
bank_txn_expense_retail_std_56d,model_vars_expense,-1000000
bank_txn_expense_retail_cv_56d,model_vars_expense,-1000000
bank_txn_expense_departmentstores_sum_56d,model_vars_expense,-1000000
bank_txn_expense_departmentstores_count_56d,model_vars_expense,-1000000
bank_txn_expense_departmentstores_mean_56d,model_vars_expense,-1000000
bank_txn_expense_departmentstores_median_56d,model_vars_expense,-1000000
bank_txn_expense_departmentstores_max_56d,model_vars_expense,-1000000
bank_txn_expense_departmentstores_min_56d,model_vars_expense,-1000000
bank_txn_expense_departmentstores_std_56d,model_vars_expense,-1000000
bank_txn_expense_departmentstores_cv_56d,model_vars_expense,-1000000
bank_txn_expense_automotive_sum_56d,model_vars_expense,-1000000
bank_txn_expense_automotive_count_56d,model_vars_expense,-1000000
bank_txn_expense_automotive_mean_56d,model_vars_expense,-1000000
bank_txn_expense_automotive_median_56d,model_vars_expense,-1000000
bank_txn_expense_automotive_max_56d,model_vars_expense,-1000000
bank_txn_expense_automotive_min_56d,model_vars_expense,-1000000
bank_txn_expense_automotive_std_56d,model_vars_expense,-1000000
bank_txn_expense_automotive_cv_56d,model_vars_expense,-1000000
bank_txn_expense_rent_sum_56d,model_vars_expense,-1000000
bank_txn_expense_rent_count_56d,model_vars_expense,-1000000
bank_txn_expense_rent_mean_56d,model_vars_expense,-1000000
bank_txn_expense_rent_median_56d,model_vars_expense,-1000000
bank_txn_expense_rent_max_56d,model_vars_expense,-1000000
bank_txn_expense_rent_min_56d,model_vars_expense,-1000000
bank_txn_expense_rent_std_56d,model_vars_expense,-1000000
bank_txn_expense_rent_cv_56d,model_vars_expense,-1000000
bank_txn_expense_health_sum_56d,model_vars_expense,-1000000
bank_txn_expense_health_count_56d,model_vars_expense,-1000000
bank_txn_expense_health_mean_56d,model_vars_expense,-1000000
bank_txn_expense_health_median_56d,model_vars_expense,-1000000
bank_txn_expense_health_max_56d,model_vars_expense,-1000000
bank_txn_expense_health_min_56d,model_vars_expense,-1000000
bank_txn_expense_health_std_56d,model_vars_expense,-1000000
bank_txn_expense_health_cv_56d,model_vars_expense,-1000000
bank_txn_expense_utilities_sum_56d,model_vars_expense,-1000000
bank_txn_expense_utilities_count_56d,model_vars_expense,-1000000
bank_txn_expense_utilities_mean_56d,model_vars_expense,-1000000
bank_txn_expense_utilities_median_56d,model_vars_expense,-1000000
bank_txn_expense_utilities_max_56d,model_vars_expense,-1000000
bank_txn_expense_utilities_min_56d,model_vars_expense,-1000000
bank_txn_expense_utilities_std_56d,model_vars_expense,-1000000
bank_txn_expense_utilities_cv_56d,model_vars_expense,-1000000
bank_txn_expense_education_sum_56d,model_vars_expense,-1000000
bank_txn_expense_education_count_56d,model_vars_expense,-1000000
bank_txn_expense_education_mean_56d,model_vars_expense,-1000000
bank_txn_expense_education_median_56d,model_vars_expense,-1000000
bank_txn_expense_education_max_56d,model_vars_expense,-1000000
bank_txn_expense_education_min_56d,model_vars_expense,-1000000
bank_txn_expense_education_std_56d,model_vars_expense,-1000000
bank_txn_expense_education_cv_56d,model_vars_expense,-1000000
bank_txn_expense_telecommunications_sum_56d,model_vars_expense,-1000000
bank_txn_expense_telecommunications_count_56d,model_vars_expense,-1000000
bank_txn_expense_telecommunications_mean_56d,model_vars_expense,-1000000
bank_txn_expense_telecommunications_median_56d,model_vars_expense,-1000000
bank_txn_expense_telecommunications_max_56d,model_vars_expense,-1000000
bank_txn_expense_telecommunications_min_56d,model_vars_expense,-1000000
bank_txn_expense_telecommunications_std_56d,model_vars_expense,-1000000
bank_txn_expense_telecommunications_cv_56d,model_vars_expense,-1000000
bank_txn_expense_donations_sum_56d,model_vars_expense,-1000000
bank_txn_expense_donations_count_56d,model_vars_expense,-1000000
bank_txn_expense_donations_mean_56d,model_vars_expense,-1000000
bank_txn_expense_donations_median_56d,model_vars_expense,-1000000
bank_txn_expense_donations_max_56d,model_vars_expense,-1000000
bank_txn_expense_donations_min_56d,model_vars_expense,-1000000
bank_txn_expense_donations_std_56d,model_vars_expense,-1000000
bank_txn_expense_donations_cv_56d,model_vars_expense,-1000000
bank_txn_expense_centrelink_sum_56d,model_vars_expense,-1000000
bank_txn_expense_centrelink_count_56d,model_vars_expense,-1000000
bank_txn_expense_centrelink_mean_56d,model_vars_expense,-1000000
bank_txn_expense_centrelink_median_56d,model_vars_expense,-1000000
bank_txn_expense_centrelink_max_56d,model_vars_expense,-1000000
bank_txn_expense_centrelink_min_56d,model_vars_expense,-1000000
bank_txn_expense_centrelink_std_56d,model_vars_expense,-1000000
bank_txn_expense_centrelink_cv_56d,model_vars_expense,-1000000
bank_txn_expense_fees_sum_56d,model_vars_expense,-1000000
bank_txn_expense_fees_count_56d,model_vars_expense,-1000000
bank_txn_expense_fees_mean_56d,model_vars_expense,-1000000
bank_txn_expense_fees_median_56d,model_vars_expense,-1000000
bank_txn_expense_fees_max_56d,model_vars_expense,-1000000
bank_txn_expense_fees_min_56d,model_vars_expense,-1000000
bank_txn_expense_fees_std_56d,model_vars_expense,-1000000
bank_txn_expense_fees_cv_56d,model_vars_expense,-1000000
bank_txn_expense_entertainment_sum_56d,model_vars_expense,-1000000
bank_txn_expense_entertainment_count_56d,model_vars_expense,-1000000
bank_txn_expense_entertainment_mean_56d,model_vars_expense,-1000000
bank_txn_expense_entertainment_median_56d,model_vars_expense,-1000000
bank_txn_expense_entertainment_max_56d,model_vars_expense,-1000000
bank_txn_expense_entertainment_min_56d,model_vars_expense,-1000000
bank_txn_expense_entertainment_std_56d,model_vars_expense,-1000000
bank_txn_expense_entertainment_cv_56d,model_vars_expense,-1000000
bank_txn_expense_homeimprovement_sum_56d,model_vars_expense,-1000000
bank_txn_expense_homeimprovement_count_56d,model_vars_expense,-1000000
bank_txn_expense_homeimprovement_mean_56d,model_vars_expense,-1000000
bank_txn_expense_homeimprovement_median_56d,model_vars_expense,-1000000
bank_txn_expense_homeimprovement_max_56d,model_vars_expense,-1000000
bank_txn_expense_homeimprovement_min_56d,model_vars_expense,-1000000
bank_txn_expense_homeimprovement_std_56d,model_vars_expense,-1000000
bank_txn_expense_homeimprovement_cv_56d,model_vars_expense,-1000000
bank_txn_expense_transport_sum_56d,model_vars_expense,-1000000
bank_txn_expense_transport_count_56d,model_vars_expense,-1000000
bank_txn_expense_transport_mean_56d,model_vars_expense,-1000000
bank_txn_expense_transport_median_56d,model_vars_expense,-1000000
bank_txn_expense_transport_max_56d,model_vars_expense,-1000000
bank_txn_expense_transport_min_56d,model_vars_expense,-1000000
bank_txn_expense_transport_std_56d,model_vars_expense,-1000000
bank_txn_expense_transport_cv_56d,model_vars_expense,-1000000
bank_txn_expense_subscriptiontv_sum_56d,model_vars_expense,-1000000
bank_txn_expense_subscriptiontv_count_56d,model_vars_expense,-1000000
bank_txn_expense_subscriptiontv_mean_56d,model_vars_expense,-1000000
bank_txn_expense_subscriptiontv_median_56d,model_vars_expense,-1000000
bank_txn_expense_subscriptiontv_max_56d,model_vars_expense,-1000000
bank_txn_expense_subscriptiontv_min_56d,model_vars_expense,-1000000
bank_txn_expense_subscriptiontv_std_56d,model_vars_expense,-1000000
bank_txn_expense_subscriptiontv_cv_56d,model_vars_expense,-1000000
bank_txn_expense_diningout_sum_84d,model_vars_expense,-1000000
bank_txn_expense_diningout_count_84d,model_vars_expense,-1000000
bank_txn_expense_diningout_mean_84d,model_vars_expense,-1000000
bank_txn_expense_diningout_median_84d,model_vars_expense,-1000000
bank_txn_expense_diningout_max_84d,model_vars_expense,-1000000
bank_txn_expense_diningout_min_84d,model_vars_expense,-1000000
bank_txn_expense_diningout_std_84d,model_vars_expense,-1000000
bank_txn_expense_diningout_cv_84d,model_vars_expense,-1000000
bank_txn_expense_externaltransfers_sum_84d,model_vars_expense,-1000000
bank_txn_expense_externaltransfers_count_84d,model_vars_expense,-1000000
bank_txn_expense_externaltransfers_mean_84d,model_vars_expense,-1000000
bank_txn_expense_externaltransfers_median_84d,model_vars_expense,-1000000
bank_txn_expense_externaltransfers_max_84d,model_vars_expense,-1000000
bank_txn_expense_externaltransfers_min_84d,model_vars_expense,-1000000
bank_txn_expense_externaltransfers_std_84d,model_vars_expense,-1000000
bank_txn_expense_externaltransfers_cv_84d,model_vars_expense,-1000000
bank_txn_expense_internaltransfer_sum_84d,model_vars_expense,-1000000
bank_txn_expense_internaltransfer_count_84d,model_vars_expense,-1000000
bank_txn_expense_internaltransfer_mean_84d,model_vars_expense,-1000000
bank_txn_expense_internaltransfer_median_84d,model_vars_expense,-1000000
bank_txn_expense_internaltransfer_max_84d,model_vars_expense,-1000000
bank_txn_expense_internaltransfer_min_84d,model_vars_expense,-1000000
bank_txn_expense_internaltransfer_std_84d,model_vars_expense,-1000000
bank_txn_expense_internaltransfer_cv_84d,model_vars_expense,-1000000
bank_txn_expense_groceries_sum_84d,model_vars_expense,-1000000
bank_txn_expense_groceries_count_84d,model_vars_expense,-1000000
bank_txn_expense_groceries_mean_84d,model_vars_expense,-1000000
bank_txn_expense_groceries_median_84d,model_vars_expense,-1000000
bank_txn_expense_groceries_max_84d,model_vars_expense,-1000000
bank_txn_expense_groceries_min_84d,model_vars_expense,-1000000
bank_txn_expense_groceries_std_84d,model_vars_expense,-1000000
bank_txn_expense_groceries_cv_84d,model_vars_expense,-1000000
bank_txn_expense_retail_sum_84d,model_vars_expense,-1000000
bank_txn_expense_retail_count_84d,model_vars_expense,-1000000
bank_txn_expense_retail_mean_84d,model_vars_expense,-1000000
bank_txn_expense_retail_median_84d,model_vars_expense,-1000000
bank_txn_expense_retail_max_84d,model_vars_expense,-1000000
bank_txn_expense_retail_min_84d,model_vars_expense,-1000000
bank_txn_expense_retail_std_84d,model_vars_expense,-1000000
bank_txn_expense_retail_cv_84d,model_vars_expense,-1000000
bank_txn_expense_departmentstores_sum_84d,model_vars_expense,-1000000
bank_txn_expense_departmentstores_count_84d,model_vars_expense,-1000000
bank_txn_expense_departmentstores_mean_84d,model_vars_expense,-1000000
bank_txn_expense_departmentstores_median_84d,model_vars_expense,-1000000
bank_txn_expense_departmentstores_max_84d,model_vars_expense,-1000000
bank_txn_expense_departmentstores_min_84d,model_vars_expense,-1000000
bank_txn_expense_departmentstores_std_84d,model_vars_expense,-1000000
bank_txn_expense_departmentstores_cv_84d,model_vars_expense,-1000000
bank_txn_expense_automotive_sum_84d,model_vars_expense,-1000000
bank_txn_expense_automotive_count_84d,model_vars_expense,-1000000
bank_txn_expense_automotive_mean_84d,model_vars_expense,-1000000
bank_txn_expense_automotive_median_84d,model_vars_expense,-1000000
bank_txn_expense_automotive_max_84d,model_vars_expense,-1000000
bank_txn_expense_automotive_min_84d,model_vars_expense,-1000000
bank_txn_expense_automotive_std_84d,model_vars_expense,-1000000
bank_txn_expense_automotive_cv_84d,model_vars_expense,-1000000
bank_txn_expense_rent_sum_84d,model_vars_expense,-1000000
bank_txn_expense_rent_count_84d,model_vars_expense,-1000000
bank_txn_expense_rent_mean_84d,model_vars_expense,-1000000
bank_txn_expense_rent_median_84d,model_vars_expense,-1000000
bank_txn_expense_rent_max_84d,model_vars_expense,-1000000
bank_txn_expense_rent_min_84d,model_vars_expense,-1000000
bank_txn_expense_rent_std_84d,model_vars_expense,-1000000
bank_txn_expense_rent_cv_84d,model_vars_expense,-1000000
bank_txn_expense_health_sum_84d,model_vars_expense,-1000000
bank_txn_expense_health_count_84d,model_vars_expense,-1000000
bank_txn_expense_health_mean_84d,model_vars_expense,-1000000
bank_txn_expense_health_median_84d,model_vars_expense,-1000000
bank_txn_expense_health_max_84d,model_vars_expense,-1000000
bank_txn_expense_health_min_84d,model_vars_expense,-1000000
bank_txn_expense_health_std_84d,model_vars_expense,-1000000
bank_txn_expense_health_cv_84d,model_vars_expense,-1000000
bank_txn_expense_utilities_sum_84d,model_vars_expense,-1000000
bank_txn_expense_utilities_count_84d,model_vars_expense,-1000000
bank_txn_expense_utilities_mean_84d,model_vars_expense,-1000000
bank_txn_expense_utilities_median_84d,model_vars_expense,-1000000
bank_txn_expense_utilities_max_84d,model_vars_expense,-1000000
bank_txn_expense_utilities_min_84d,model_vars_expense,-1000000
bank_txn_expense_utilities_std_84d,model_vars_expense,-1000000
bank_txn_expense_utilities_cv_84d,model_vars_expense,-1000000
bank_txn_expense_education_sum_84d,model_vars_expense,-1000000
bank_txn_expense_education_count_84d,model_vars_expense,-1000000
bank_txn_expense_education_mean_84d,model_vars_expense,-1000000
bank_txn_expense_education_median_84d,model_vars_expense,-1000000
bank_txn_expense_education_max_84d,model_vars_expense,-1000000
bank_txn_expense_education_min_84d,model_vars_expense,-1000000
bank_txn_expense_education_std_84d,model_vars_expense,-1000000
bank_txn_expense_education_cv_84d,model_vars_expense,-1000000
bank_txn_expense_telecommunications_sum_84d,model_vars_expense,-1000000
bank_txn_expense_telecommunications_count_84d,model_vars_expense,-1000000
bank_txn_expense_telecommunications_mean_84d,model_vars_expense,-1000000
bank_txn_expense_telecommunications_median_84d,model_vars_expense,-1000000
bank_txn_expense_telecommunications_max_84d,model_vars_expense,-1000000
bank_txn_expense_telecommunications_min_84d,model_vars_expense,-1000000
bank_txn_expense_telecommunications_std_84d,model_vars_expense,-1000000
bank_txn_expense_telecommunications_cv_84d,model_vars_expense,-1000000
bank_txn_expense_donations_sum_84d,model_vars_expense,-1000000
bank_txn_expense_donations_count_84d,model_vars_expense,-1000000
bank_txn_expense_donations_mean_84d,model_vars_expense,-1000000
bank_txn_expense_donations_median_84d,model_vars_expense,-1000000
bank_txn_expense_donations_max_84d,model_vars_expense,-1000000
bank_txn_expense_donations_min_84d,model_vars_expense,-1000000
bank_txn_expense_donations_std_84d,model_vars_expense,-1000000
bank_txn_expense_donations_cv_84d,model_vars_expense,-1000000
bank_txn_expense_centrelink_sum_84d,model_vars_expense,-1000000
bank_txn_expense_centrelink_count_84d,model_vars_expense,-1000000
bank_txn_expense_centrelink_mean_84d,model_vars_expense,-1000000
bank_txn_expense_centrelink_median_84d,model_vars_expense,-1000000
bank_txn_expense_centrelink_max_84d,model_vars_expense,-1000000
bank_txn_expense_centrelink_min_84d,model_vars_expense,-1000000
bank_txn_expense_centrelink_std_84d,model_vars_expense,-1000000
bank_txn_expense_centrelink_cv_84d,model_vars_expense,-1000000
bank_txn_expense_fees_sum_84d,model_vars_expense,-1000000
bank_txn_expense_fees_count_84d,model_vars_expense,-1000000
bank_txn_expense_fees_mean_84d,model_vars_expense,-1000000
bank_txn_expense_fees_median_84d,model_vars_expense,-1000000
bank_txn_expense_fees_max_84d,model_vars_expense,-1000000
bank_txn_expense_fees_min_84d,model_vars_expense,-1000000
bank_txn_expense_fees_std_84d,model_vars_expense,-1000000
bank_txn_expense_fees_cv_84d,model_vars_expense,-1000000
bank_txn_expense_entertainment_sum_84d,model_vars_expense,-1000000
bank_txn_expense_entertainment_count_84d,model_vars_expense,-1000000
bank_txn_expense_entertainment_mean_84d,model_vars_expense,-1000000
bank_txn_expense_entertainment_median_84d,model_vars_expense,-1000000
bank_txn_expense_entertainment_max_84d,model_vars_expense,-1000000
bank_txn_expense_entertainment_min_84d,model_vars_expense,-1000000
bank_txn_expense_entertainment_std_84d,model_vars_expense,-1000000
bank_txn_expense_entertainment_cv_84d,model_vars_expense,-1000000
bank_txn_expense_homeimprovement_sum_84d,model_vars_expense,-1000000
bank_txn_expense_homeimprovement_count_84d,model_vars_expense,-1000000
bank_txn_expense_homeimprovement_mean_84d,model_vars_expense,-1000000
bank_txn_expense_homeimprovement_median_84d,model_vars_expense,-1000000
bank_txn_expense_homeimprovement_max_84d,model_vars_expense,-1000000
bank_txn_expense_homeimprovement_min_84d,model_vars_expense,-1000000
bank_txn_expense_homeimprovement_std_84d,model_vars_expense,-1000000
bank_txn_expense_homeimprovement_cv_84d,model_vars_expense,-1000000
bank_txn_expense_transport_sum_84d,model_vars_expense,-1000000
bank_txn_expense_transport_count_84d,model_vars_expense,-1000000
bank_txn_expense_transport_mean_84d,model_vars_expense,-1000000
bank_txn_expense_transport_median_84d,model_vars_expense,-1000000
bank_txn_expense_transport_max_84d,model_vars_expense,-1000000
bank_txn_expense_transport_min_84d,model_vars_expense,-1000000
bank_txn_expense_transport_std_84d,model_vars_expense,-1000000
bank_txn_expense_transport_cv_84d,model_vars_expense,-1000000
bank_txn_expense_subscriptiontv_sum_84d,model_vars_expense,-1000000
bank_txn_expense_subscriptiontv_count_84d,model_vars_expense,-1000000
bank_txn_expense_subscriptiontv_mean_84d,model_vars_expense,-1000000
bank_txn_expense_subscriptiontv_median_84d,model_vars_expense,-1000000
bank_txn_expense_subscriptiontv_max_84d,model_vars_expense,-1000000
bank_txn_expense_subscriptiontv_min_84d,model_vars_expense,-1000000
bank_txn_expense_subscriptiontv_std_84d,model_vars_expense,-1000000
bank_txn_expense_subscriptiontv_cv_84d,model_vars_expense,-1000000
bank_txn_expense_diningout_sum_168d,model_vars_expense,-1000000
bank_txn_expense_diningout_count_168d,model_vars_expense,-1000000
bank_txn_expense_diningout_mean_168d,model_vars_expense,-1000000
bank_txn_expense_diningout_median_168d,model_vars_expense,-1000000
bank_txn_expense_diningout_max_168d,model_vars_expense,-1000000
bank_txn_expense_diningout_min_168d,model_vars_expense,-1000000
bank_txn_expense_diningout_std_168d,model_vars_expense,-1000000
bank_txn_expense_diningout_cv_168d,model_vars_expense,-1000000
bank_txn_expense_externaltransfers_sum_168d,model_vars_expense,-1000000
bank_txn_expense_externaltransfers_count_168d,model_vars_expense,-1000000
bank_txn_expense_externaltransfers_mean_168d,model_vars_expense,-1000000
bank_txn_expense_externaltransfers_median_168d,model_vars_expense,-1000000
bank_txn_expense_externaltransfers_max_168d,model_vars_expense,-1000000
bank_txn_expense_externaltransfers_min_168d,model_vars_expense,-1000000
bank_txn_expense_externaltransfers_std_168d,model_vars_expense,-1000000
bank_txn_expense_externaltransfers_cv_168d,model_vars_expense,-1000000
bank_txn_expense_internaltransfer_sum_168d,model_vars_expense,-1000000
bank_txn_expense_internaltransfer_count_168d,model_vars_expense,-1000000
bank_txn_expense_internaltransfer_mean_168d,model_vars_expense,-1000000
bank_txn_expense_internaltransfer_median_168d,model_vars_expense,-1000000
bank_txn_expense_internaltransfer_max_168d,model_vars_expense,-1000000
bank_txn_expense_internaltransfer_min_168d,model_vars_expense,-1000000
bank_txn_expense_internaltransfer_std_168d,model_vars_expense,-1000000
bank_txn_expense_internaltransfer_cv_168d,model_vars_expense,-1000000
bank_txn_expense_groceries_sum_168d,model_vars_expense,-1000000
bank_txn_expense_groceries_count_168d,model_vars_expense,-1000000
bank_txn_expense_groceries_mean_168d,model_vars_expense,-1000000
bank_txn_expense_groceries_median_168d,model_vars_expense,-1000000
bank_txn_expense_groceries_max_168d,model_vars_expense,-1000000
bank_txn_expense_groceries_min_168d,model_vars_expense,-1000000
bank_txn_expense_groceries_std_168d,model_vars_expense,-1000000
bank_txn_expense_groceries_cv_168d,model_vars_expense,-1000000
bank_txn_expense_retail_sum_168d,model_vars_expense,-1000000
bank_txn_expense_retail_count_168d,model_vars_expense,-1000000
bank_txn_expense_retail_mean_168d,model_vars_expense,-1000000
bank_txn_expense_retail_median_168d,model_vars_expense,-1000000
bank_txn_expense_retail_max_168d,model_vars_expense,-1000000
bank_txn_expense_retail_min_168d,model_vars_expense,-1000000
bank_txn_expense_retail_std_168d,model_vars_expense,-1000000
bank_txn_expense_retail_cv_168d,model_vars_expense,-1000000
bank_txn_expense_departmentstores_sum_168d,model_vars_expense,-1000000
bank_txn_expense_departmentstores_count_168d,model_vars_expense,-1000000
bank_txn_expense_departmentstores_mean_168d,model_vars_expense,-1000000
bank_txn_expense_departmentstores_median_168d,model_vars_expense,-1000000
bank_txn_expense_departmentstores_max_168d,model_vars_expense,-1000000
bank_txn_expense_departmentstores_min_168d,model_vars_expense,-1000000
bank_txn_expense_departmentstores_std_168d,model_vars_expense,-1000000
bank_txn_expense_departmentstores_cv_168d,model_vars_expense,-1000000
bank_txn_expense_automotive_sum_168d,model_vars_expense,-1000000
bank_txn_expense_automotive_count_168d,model_vars_expense,-1000000
bank_txn_expense_automotive_mean_168d,model_vars_expense,-1000000
bank_txn_expense_automotive_median_168d,model_vars_expense,-1000000
bank_txn_expense_automotive_max_168d,model_vars_expense,-1000000
bank_txn_expense_automotive_min_168d,model_vars_expense,-1000000
bank_txn_expense_automotive_std_168d,model_vars_expense,-1000000
bank_txn_expense_automotive_cv_168d,model_vars_expense,-1000000
bank_txn_expense_rent_sum_168d,model_vars_expense,-1000000
bank_txn_expense_rent_count_168d,model_vars_expense,-1000000
bank_txn_expense_rent_mean_168d,model_vars_expense,-1000000
bank_txn_expense_rent_median_168d,model_vars_expense,-1000000
bank_txn_expense_rent_max_168d,model_vars_expense,-1000000
bank_txn_expense_rent_min_168d,model_vars_expense,-1000000
bank_txn_expense_rent_std_168d,model_vars_expense,-1000000
bank_txn_expense_rent_cv_168d,model_vars_expense,-1000000
bank_txn_expense_health_sum_168d,model_vars_expense,-1000000
bank_txn_expense_health_count_168d,model_vars_expense,-1000000
bank_txn_expense_health_mean_168d,model_vars_expense,-1000000
bank_txn_expense_health_median_168d,model_vars_expense,-1000000
bank_txn_expense_health_max_168d,model_vars_expense,-1000000
bank_txn_expense_health_min_168d,model_vars_expense,-1000000
bank_txn_expense_health_std_168d,model_vars_expense,-1000000
bank_txn_expense_health_cv_168d,model_vars_expense,-1000000
bank_txn_expense_utilities_sum_168d,model_vars_expense,-1000000
bank_txn_expense_utilities_count_168d,model_vars_expense,-1000000
bank_txn_expense_utilities_mean_168d,model_vars_expense,-1000000
bank_txn_expense_utilities_median_168d,model_vars_expense,-1000000
bank_txn_expense_utilities_max_168d,model_vars_expense,-1000000
bank_txn_expense_utilities_min_168d,model_vars_expense,-1000000
bank_txn_expense_utilities_std_168d,model_vars_expense,-1000000
bank_txn_expense_utilities_cv_168d,model_vars_expense,-1000000
bank_txn_expense_education_sum_168d,model_vars_expense,-1000000
bank_txn_expense_education_count_168d,model_vars_expense,-1000000
bank_txn_expense_education_mean_168d,model_vars_expense,-1000000
bank_txn_expense_education_median_168d,model_vars_expense,-1000000
bank_txn_expense_education_max_168d,model_vars_expense,-1000000
bank_txn_expense_education_min_168d,model_vars_expense,-1000000
bank_txn_expense_education_std_168d,model_vars_expense,-1000000
bank_txn_expense_education_cv_168d,model_vars_expense,-1000000
bank_txn_expense_telecommunications_sum_168d,model_vars_expense,-1000000
bank_txn_expense_telecommunications_count_168d,model_vars_expense,-1000000
bank_txn_expense_telecommunications_mean_168d,model_vars_expense,-1000000
bank_txn_expense_telecommunications_median_168d,model_vars_expense,-1000000
bank_txn_expense_telecommunications_max_168d,model_vars_expense,-1000000
bank_txn_expense_telecommunications_min_168d,model_vars_expense,-1000000
bank_txn_expense_telecommunications_std_168d,model_vars_expense,-1000000
bank_txn_expense_telecommunications_cv_168d,model_vars_expense,-1000000
bank_txn_expense_donations_sum_168d,model_vars_expense,-1000000
bank_txn_expense_donations_count_168d,model_vars_expense,-1000000
bank_txn_expense_donations_mean_168d,model_vars_expense,-1000000
bank_txn_expense_donations_median_168d,model_vars_expense,-1000000
bank_txn_expense_donations_max_168d,model_vars_expense,-1000000
bank_txn_expense_donations_min_168d,model_vars_expense,-1000000
bank_txn_expense_donations_std_168d,model_vars_expense,-1000000
bank_txn_expense_donations_cv_168d,model_vars_expense,-1000000
bank_txn_expense_centrelink_sum_168d,model_vars_expense,-1000000
bank_txn_expense_centrelink_count_168d,model_vars_expense,-1000000
bank_txn_expense_centrelink_mean_168d,model_vars_expense,-1000000
bank_txn_expense_centrelink_median_168d,model_vars_expense,-1000000
bank_txn_expense_centrelink_max_168d,model_vars_expense,-1000000
bank_txn_expense_centrelink_min_168d,model_vars_expense,-1000000
bank_txn_expense_centrelink_std_168d,model_vars_expense,-1000000
bank_txn_expense_centrelink_cv_168d,model_vars_expense,-1000000
bank_txn_expense_fees_sum_168d,model_vars_expense,-1000000
bank_txn_expense_fees_count_168d,model_vars_expense,-1000000
bank_txn_expense_fees_mean_168d,model_vars_expense,-1000000
bank_txn_expense_fees_median_168d,model_vars_expense,-1000000
bank_txn_expense_fees_max_168d,model_vars_expense,-1000000
bank_txn_expense_fees_min_168d,model_vars_expense,-1000000
bank_txn_expense_fees_std_168d,model_vars_expense,-1000000
bank_txn_expense_fees_cv_168d,model_vars_expense,-1000000
bank_txn_expense_entertainment_sum_168d,model_vars_expense,-1000000
bank_txn_expense_entertainment_count_168d,model_vars_expense,-1000000
bank_txn_expense_entertainment_mean_168d,model_vars_expense,-1000000
bank_txn_expense_entertainment_median_168d,model_vars_expense,-1000000
bank_txn_expense_entertainment_max_168d,model_vars_expense,-1000000
bank_txn_expense_entertainment_min_168d,model_vars_expense,-1000000
bank_txn_expense_entertainment_std_168d,model_vars_expense,-1000000
bank_txn_expense_entertainment_cv_168d,model_vars_expense,-1000000
bank_txn_expense_homeimprovement_sum_168d,model_vars_expense,-1000000
bank_txn_expense_homeimprovement_count_168d,model_vars_expense,-1000000
bank_txn_expense_homeimprovement_mean_168d,model_vars_expense,-1000000
bank_txn_expense_homeimprovement_median_168d,model_vars_expense,-1000000
bank_txn_expense_homeimprovement_max_168d,model_vars_expense,-1000000
bank_txn_expense_homeimprovement_min_168d,model_vars_expense,-1000000
bank_txn_expense_homeimprovement_std_168d,model_vars_expense,-1000000
bank_txn_expense_homeimprovement_cv_168d,model_vars_expense,-1000000
bank_txn_expense_transport_sum_168d,model_vars_expense,-1000000
bank_txn_expense_transport_count_168d,model_vars_expense,-1000000
bank_txn_expense_transport_mean_168d,model_vars_expense,-1000000
bank_txn_expense_transport_median_168d,model_vars_expense,-1000000
bank_txn_expense_transport_max_168d,model_vars_expense,-1000000
bank_txn_expense_transport_min_168d,model_vars_expense,-1000000
bank_txn_expense_transport_std_168d,model_vars_expense,-1000000
bank_txn_expense_transport_cv_168d,model_vars_expense,-1000000
bank_txn_expense_subscriptiontv_sum_168d,model_vars_expense,-1000000
bank_txn_expense_subscriptiontv_count_168d,model_vars_expense,-1000000
bank_txn_expense_subscriptiontv_mean_168d,model_vars_expense,-1000000
bank_txn_expense_subscriptiontv_median_168d,model_vars_expense,-1000000
bank_txn_expense_subscriptiontv_max_168d,model_vars_expense,-1000000
bank_txn_expense_subscriptiontv_min_168d,model_vars_expense,-1000000
bank_txn_expense_subscriptiontv_std_168d,model_vars_expense,-1000000
bank_txn_expense_subscriptiontv_cv_168d,model_vars_expense,-1000000
bank_txn_expense_diningout_sum_182d,model_vars_expense,-1000000
bank_txn_expense_diningout_count_182d,model_vars_expense,-1000000
bank_txn_expense_diningout_mean_182d,model_vars_expense,-1000000
bank_txn_expense_diningout_median_182d,model_vars_expense,-1000000
bank_txn_expense_diningout_max_182d,model_vars_expense,-1000000
bank_txn_expense_diningout_min_182d,model_vars_expense,-1000000
bank_txn_expense_diningout_std_182d,model_vars_expense,-1000000
bank_txn_expense_diningout_cv_182d,model_vars_expense,-1000000
bank_txn_expense_externaltransfers_sum_182d,model_vars_expense,-1000000
bank_txn_expense_externaltransfers_count_182d,model_vars_expense,-1000000
bank_txn_expense_externaltransfers_mean_182d,model_vars_expense,-1000000
bank_txn_expense_externaltransfers_median_182d,model_vars_expense,-1000000
bank_txn_expense_externaltransfers_max_182d,model_vars_expense,-1000000
bank_txn_expense_externaltransfers_min_182d,model_vars_expense,-1000000
bank_txn_expense_externaltransfers_std_182d,model_vars_expense,-1000000
bank_txn_expense_externaltransfers_cv_182d,model_vars_expense,-1000000
bank_txn_expense_internaltransfer_sum_182d,model_vars_expense,-1000000
bank_txn_expense_internaltransfer_count_182d,model_vars_expense,-1000000
bank_txn_expense_internaltransfer_mean_182d,model_vars_expense,-1000000
bank_txn_expense_internaltransfer_median_182d,model_vars_expense,-1000000
bank_txn_expense_internaltransfer_max_182d,model_vars_expense,-1000000
bank_txn_expense_internaltransfer_min_182d,model_vars_expense,-1000000
bank_txn_expense_internaltransfer_std_182d,model_vars_expense,-1000000
bank_txn_expense_internaltransfer_cv_182d,model_vars_expense,-1000000
bank_txn_expense_groceries_sum_182d,model_vars_expense,-1000000
bank_txn_expense_groceries_count_182d,model_vars_expense,-1000000
bank_txn_expense_groceries_mean_182d,model_vars_expense,-1000000
bank_txn_expense_groceries_median_182d,model_vars_expense,-1000000
bank_txn_expense_groceries_max_182d,model_vars_expense,-1000000
bank_txn_expense_groceries_min_182d,model_vars_expense,-1000000
bank_txn_expense_groceries_std_182d,model_vars_expense,-1000000
bank_txn_expense_groceries_cv_182d,model_vars_expense,-1000000
bank_txn_expense_retail_sum_182d,model_vars_expense,-1000000
bank_txn_expense_retail_count_182d,model_vars_expense,-1000000
bank_txn_expense_retail_mean_182d,model_vars_expense,-1000000
bank_txn_expense_retail_median_182d,model_vars_expense,-1000000
bank_txn_expense_retail_max_182d,model_vars_expense,-1000000
bank_txn_expense_retail_min_182d,model_vars_expense,-1000000
bank_txn_expense_retail_std_182d,model_vars_expense,-1000000
bank_txn_expense_retail_cv_182d,model_vars_expense,-1000000
bank_txn_expense_departmentstores_sum_182d,model_vars_expense,-1000000
bank_txn_expense_departmentstores_count_182d,model_vars_expense,-1000000
bank_txn_expense_departmentstores_mean_182d,model_vars_expense,-1000000
bank_txn_expense_departmentstores_median_182d,model_vars_expense,-1000000
bank_txn_expense_departmentstores_max_182d,model_vars_expense,-1000000
bank_txn_expense_departmentstores_min_182d,model_vars_expense,-1000000
bank_txn_expense_departmentstores_std_182d,model_vars_expense,-1000000
bank_txn_expense_departmentstores_cv_182d,model_vars_expense,-1000000
bank_txn_expense_automotive_sum_182d,model_vars_expense,-1000000
bank_txn_expense_automotive_count_182d,model_vars_expense,-1000000
bank_txn_expense_automotive_mean_182d,model_vars_expense,-1000000
bank_txn_expense_automotive_median_182d,model_vars_expense,-1000000
bank_txn_expense_automotive_max_182d,model_vars_expense,-1000000
bank_txn_expense_automotive_min_182d,model_vars_expense,-1000000
bank_txn_expense_automotive_std_182d,model_vars_expense,-1000000
bank_txn_expense_automotive_cv_182d,model_vars_expense,-1000000
bank_txn_expense_rent_sum_182d,model_vars_expense,-1000000
bank_txn_expense_rent_count_182d,model_vars_expense,-1000000
bank_txn_expense_rent_mean_182d,model_vars_expense,-1000000
bank_txn_expense_rent_median_182d,model_vars_expense,-1000000
bank_txn_expense_rent_max_182d,model_vars_expense,-1000000
bank_txn_expense_rent_min_182d,model_vars_expense,-1000000
bank_txn_expense_rent_std_182d,model_vars_expense,-1000000
bank_txn_expense_rent_cv_182d,model_vars_expense,-1000000
bank_txn_expense_health_sum_182d,model_vars_expense,-1000000
bank_txn_expense_health_count_182d,model_vars_expense,-1000000
bank_txn_expense_health_mean_182d,model_vars_expense,-1000000
bank_txn_expense_health_median_182d,model_vars_expense,-1000000
bank_txn_expense_health_max_182d,model_vars_expense,-1000000
bank_txn_expense_health_min_182d,model_vars_expense,-1000000
bank_txn_expense_health_std_182d,model_vars_expense,-1000000
bank_txn_expense_health_cv_182d,model_vars_expense,-1000000
bank_txn_expense_utilities_sum_182d,model_vars_expense,-1000000
bank_txn_expense_utilities_count_182d,model_vars_expense,-1000000
bank_txn_expense_utilities_mean_182d,model_vars_expense,-1000000
bank_txn_expense_utilities_median_182d,model_vars_expense,-1000000
bank_txn_expense_utilities_max_182d,model_vars_expense,-1000000
bank_txn_expense_utilities_min_182d,model_vars_expense,-1000000
bank_txn_expense_utilities_std_182d,model_vars_expense,-1000000
bank_txn_expense_utilities_cv_182d,model_vars_expense,-1000000
bank_txn_expense_education_sum_182d,model_vars_expense,-1000000
bank_txn_expense_education_count_182d,model_vars_expense,-1000000
bank_txn_expense_education_mean_182d,model_vars_expense,-1000000
bank_txn_expense_education_median_182d,model_vars_expense,-1000000
bank_txn_expense_education_max_182d,model_vars_expense,-1000000
bank_txn_expense_education_min_182d,model_vars_expense,-1000000
bank_txn_expense_education_std_182d,model_vars_expense,-1000000
bank_txn_expense_education_cv_182d,model_vars_expense,-1000000
bank_txn_expense_telecommunications_sum_182d,model_vars_expense,-1000000
bank_txn_expense_telecommunications_count_182d,model_vars_expense,-1000000
bank_txn_expense_telecommunications_mean_182d,model_vars_expense,-1000000
bank_txn_expense_telecommunications_median_182d,model_vars_expense,-1000000
bank_txn_expense_telecommunications_max_182d,model_vars_expense,-1000000
bank_txn_expense_telecommunications_min_182d,model_vars_expense,-1000000
bank_txn_expense_telecommunications_std_182d,model_vars_expense,-1000000
bank_txn_expense_telecommunications_cv_182d,model_vars_expense,-1000000
bank_txn_expense_donations_sum_182d,model_vars_expense,-1000000
bank_txn_expense_donations_count_182d,model_vars_expense,-1000000
bank_txn_expense_donations_mean_182d,model_vars_expense,-1000000
bank_txn_expense_donations_median_182d,model_vars_expense,-1000000
bank_txn_expense_donations_max_182d,model_vars_expense,-1000000
bank_txn_expense_donations_min_182d,model_vars_expense,-1000000
bank_txn_expense_donations_std_182d,model_vars_expense,-1000000
bank_txn_expense_donations_cv_182d,model_vars_expense,-1000000
bank_txn_expense_centrelink_sum_182d,model_vars_expense,-1000000
bank_txn_expense_centrelink_count_182d,model_vars_expense,-1000000
bank_txn_expense_centrelink_mean_182d,model_vars_expense,-1000000
bank_txn_expense_centrelink_median_182d,model_vars_expense,-1000000
bank_txn_expense_centrelink_max_182d,model_vars_expense,-1000000
bank_txn_expense_centrelink_min_182d,model_vars_expense,-1000000
bank_txn_expense_centrelink_std_182d,model_vars_expense,-1000000
bank_txn_expense_centrelink_cv_182d,model_vars_expense,-1000000
bank_txn_expense_fees_sum_182d,model_vars_expense,-1000000
bank_txn_expense_fees_count_182d,model_vars_expense,-1000000
bank_txn_expense_fees_mean_182d,model_vars_expense,-1000000
bank_txn_expense_fees_median_182d,model_vars_expense,-1000000
bank_txn_expense_fees_max_182d,model_vars_expense,-1000000
bank_txn_expense_fees_min_182d,model_vars_expense,-1000000
bank_txn_expense_fees_std_182d,model_vars_expense,-1000000
bank_txn_expense_fees_cv_182d,model_vars_expense,-1000000
bank_txn_expense_entertainment_sum_182d,model_vars_expense,-1000000
bank_txn_expense_entertainment_count_182d,model_vars_expense,-1000000
bank_txn_expense_entertainment_mean_182d,model_vars_expense,-1000000
bank_txn_expense_entertainment_median_182d,model_vars_expense,-1000000
bank_txn_expense_entertainment_max_182d,model_vars_expense,-1000000
bank_txn_expense_entertainment_min_182d,model_vars_expense,-1000000
bank_txn_expense_entertainment_std_182d,model_vars_expense,-1000000
bank_txn_expense_entertainment_cv_182d,model_vars_expense,-1000000
bank_txn_expense_homeimprovement_sum_182d,model_vars_expense,-1000000
bank_txn_expense_homeimprovement_count_182d,model_vars_expense,-1000000
bank_txn_expense_homeimprovement_mean_182d,model_vars_expense,-1000000
bank_txn_expense_homeimprovement_median_182d,model_vars_expense,-1000000
bank_txn_expense_homeimprovement_max_182d,model_vars_expense,-1000000
bank_txn_expense_homeimprovement_min_182d,model_vars_expense,-1000000
bank_txn_expense_homeimprovement_std_182d,model_vars_expense,-1000000
bank_txn_expense_homeimprovement_cv_182d,model_vars_expense,-1000000
bank_txn_expense_transport_sum_182d,model_vars_expense,-1000000
bank_txn_expense_transport_count_182d,model_vars_expense,-1000000
bank_txn_expense_transport_mean_182d,model_vars_expense,-1000000
bank_txn_expense_transport_median_182d,model_vars_expense,-1000000
bank_txn_expense_transport_max_182d,model_vars_expense,-1000000
bank_txn_expense_transport_min_182d,model_vars_expense,-1000000
bank_txn_expense_transport_std_182d,model_vars_expense,-1000000
bank_txn_expense_transport_cv_182d,model_vars_expense,-1000000
bank_txn_expense_subscriptiontv_sum_182d,model_vars_expense,-1000000
bank_txn_expense_subscriptiontv_count_182d,model_vars_expense,-1000000
bank_txn_expense_subscriptiontv_mean_182d,model_vars_expense,-1000000
bank_txn_expense_subscriptiontv_median_182d,model_vars_expense,-1000000
bank_txn_expense_subscriptiontv_max_182d,model_vars_expense,-1000000
bank_txn_expense_subscriptiontv_min_182d,model_vars_expense,-1000000
bank_txn_expense_subscriptiontv_std_182d,model_vars_expense,-1000000
bank_txn_expense_subscriptiontv_cv_182d,model_vars_expense,-1000000
bank_txn_expense_diningout_ratio_7d,model_vars_expense,-1000000
bank_txn_expense_externaltransfers_ratio_7d,model_vars_expense,-1000000
bank_txn_expense_internaltransfer_ratio_7d,model_vars_expense,-1000000
bank_txn_expense_groceries_ratio_7d,model_vars_expense,-1000000
bank_txn_expense_retail_ratio_7d,model_vars_expense,-1000000
bank_txn_expense_departmentstores_ratio_7d,model_vars_expense,-1000000
bank_txn_expense_automotive_ratio_7d,model_vars_expense,-1000000
bank_txn_expense_rent_ratio_7d,model_vars_expense,-1000000
bank_txn_expense_health_ratio_7d,model_vars_expense,-1000000
bank_txn_expense_utilities_ratio_7d,model_vars_expense,-1000000
bank_txn_expense_education_ratio_7d,model_vars_expense,-1000000
bank_txn_expense_telecommunications_ratio_7d,model_vars_expense,-1000000
bank_txn_expense_donations_ratio_7d,model_vars_expense,-1000000
bank_txn_expense_centrelink_ratio_7d,model_vars_expense,-1000000
bank_txn_expense_fees_ratio_7d,model_vars_expense,-1000000
bank_txn_expense_entertainment_ratio_7d,model_vars_expense,-1000000
bank_txn_expense_homeimprovement_ratio_7d,model_vars_expense,-1000000
bank_txn_expense_transport_ratio_7d,model_vars_expense,-1000000
bank_txn_expense_subscriptiontv_ratio_7d,model_vars_expense,-1000000
bank_txn_expense_diningout_ratio_14d,model_vars_expense,-1000000
bank_txn_expense_externaltransfers_ratio_14d,model_vars_expense,-1000000
bank_txn_expense_internaltransfer_ratio_14d,model_vars_expense,-1000000
bank_txn_expense_groceries_ratio_14d,model_vars_expense,-1000000
bank_txn_expense_retail_ratio_14d,model_vars_expense,-1000000
bank_txn_expense_departmentstores_ratio_14d,model_vars_expense,-1000000
bank_txn_expense_automotive_ratio_14d,model_vars_expense,-1000000
bank_txn_expense_rent_ratio_14d,model_vars_expense,-1000000
bank_txn_expense_health_ratio_14d,model_vars_expense,-1000000
bank_txn_expense_utilities_ratio_14d,model_vars_expense,-1000000
bank_txn_expense_education_ratio_14d,model_vars_expense,-1000000
bank_txn_expense_telecommunications_ratio_14d,model_vars_expense,-1000000
bank_txn_expense_donations_ratio_14d,model_vars_expense,-1000000
bank_txn_expense_centrelink_ratio_14d,model_vars_expense,-1000000
bank_txn_expense_fees_ratio_14d,model_vars_expense,-1000000
bank_txn_expense_entertainment_ratio_14d,model_vars_expense,-1000000
bank_txn_expense_homeimprovement_ratio_14d,model_vars_expense,-1000000
bank_txn_expense_transport_ratio_14d,model_vars_expense,-1000000
bank_txn_expense_subscriptiontv_ratio_14d,model_vars_expense,-1000000
bank_txn_expense_diningout_ratio_28d,model_vars_expense,-1000000
bank_txn_expense_externaltransfers_ratio_28d,model_vars_expense,-1000000
bank_txn_expense_internaltransfer_ratio_28d,model_vars_expense,-1000000
bank_txn_expense_groceries_ratio_28d,model_vars_expense,-1000000
bank_txn_expense_retail_ratio_28d,model_vars_expense,-1000000
bank_txn_expense_departmentstores_ratio_28d,model_vars_expense,-1000000
bank_txn_expense_automotive_ratio_28d,model_vars_expense,-1000000
bank_txn_expense_rent_ratio_28d,model_vars_expense,-1000000
bank_txn_expense_health_ratio_28d,model_vars_expense,-1000000
bank_txn_expense_utilities_ratio_28d,model_vars_expense,-1000000
bank_txn_expense_education_ratio_28d,model_vars_expense,-1000000
bank_txn_expense_telecommunications_ratio_28d,model_vars_expense,-1000000
bank_txn_expense_donations_ratio_28d,model_vars_expense,-1000000
bank_txn_expense_centrelink_ratio_28d,model_vars_expense,-1000000
bank_txn_expense_fees_ratio_28d,model_vars_expense,-1000000
bank_txn_expense_entertainment_ratio_28d,model_vars_expense,-1000000
bank_txn_expense_homeimprovement_ratio_28d,model_vars_expense,-1000000
bank_txn_expense_transport_ratio_28d,model_vars_expense,-1000000
bank_txn_expense_subscriptiontv_ratio_28d,model_vars_expense,-1000000
bank_txn_expense_diningout_ratio_56d,model_vars_expense,-1000000
bank_txn_expense_externaltransfers_ratio_56d,model_vars_expense,-1000000
bank_txn_expense_internaltransfer_ratio_56d,model_vars_expense,-1000000
bank_txn_expense_groceries_ratio_56d,model_vars_expense,-1000000
bank_txn_expense_retail_ratio_56d,model_vars_expense,-1000000
bank_txn_expense_departmentstores_ratio_56d,model_vars_expense,-1000000
bank_txn_expense_automotive_ratio_56d,model_vars_expense,-1000000
bank_txn_expense_rent_ratio_56d,model_vars_expense,-1000000
bank_txn_expense_health_ratio_56d,model_vars_expense,-1000000
bank_txn_expense_utilities_ratio_56d,model_vars_expense,-1000000
bank_txn_expense_education_ratio_56d,model_vars_expense,-1000000
bank_txn_expense_telecommunications_ratio_56d,model_vars_expense,-1000000
bank_txn_expense_donations_ratio_56d,model_vars_expense,-1000000
bank_txn_expense_centrelink_ratio_56d,model_vars_expense,-1000000
bank_txn_expense_fees_ratio_56d,model_vars_expense,-1000000
bank_txn_expense_entertainment_ratio_56d,model_vars_expense,-1000000
bank_txn_expense_homeimprovement_ratio_56d,model_vars_expense,-1000000
bank_txn_expense_transport_ratio_56d,model_vars_expense,-1000000
bank_txn_expense_subscriptiontv_ratio_56d,model_vars_expense,-1000000
bank_txn_expense_diningout_ratio_84d,model_vars_expense,-1000000
bank_txn_expense_externaltransfers_ratio_84d,model_vars_expense,-1000000
bank_txn_expense_internaltransfer_ratio_84d,model_vars_expense,-1000000
bank_txn_expense_groceries_ratio_84d,model_vars_expense,-1000000
bank_txn_expense_retail_ratio_84d,model_vars_expense,-1000000
bank_txn_expense_departmentstores_ratio_84d,model_vars_expense,-1000000
bank_txn_expense_automotive_ratio_84d,model_vars_expense,-1000000
bank_txn_expense_rent_ratio_84d,model_vars_expense,-1000000
bank_txn_expense_health_ratio_84d,model_vars_expense,-1000000
bank_txn_expense_utilities_ratio_84d,model_vars_expense,-1000000
bank_txn_expense_education_ratio_84d,model_vars_expense,-1000000
bank_txn_expense_telecommunications_ratio_84d,model_vars_expense,-1000000
bank_txn_expense_donations_ratio_84d,model_vars_expense,-1000000
bank_txn_expense_centrelink_ratio_84d,model_vars_expense,-1000000
bank_txn_expense_fees_ratio_84d,model_vars_expense,-1000000
bank_txn_expense_entertainment_ratio_84d,model_vars_expense,-1000000
bank_txn_expense_homeimprovement_ratio_84d,model_vars_expense,-1000000
bank_txn_expense_transport_ratio_84d,model_vars_expense,-1000000
bank_txn_expense_subscriptiontv_ratio_84d,model_vars_expense,-1000000
bank_txn_expense_diningout_ratio_168d,model_vars_expense,-1000000
bank_txn_expense_externaltransfers_ratio_168d,model_vars_expense,-1000000
bank_txn_expense_internaltransfer_ratio_168d,model_vars_expense,-1000000
bank_txn_expense_groceries_ratio_168d,model_vars_expense,-1000000
bank_txn_expense_retail_ratio_168d,model_vars_expense,-1000000
bank_txn_expense_departmentstores_ratio_168d,model_vars_expense,-1000000
bank_txn_expense_automotive_ratio_168d,model_vars_expense,-1000000
bank_txn_expense_rent_ratio_168d,model_vars_expense,-1000000
bank_txn_expense_health_ratio_168d,model_vars_expense,-1000000
bank_txn_expense_utilities_ratio_168d,model_vars_expense,-1000000
bank_txn_expense_education_ratio_168d,model_vars_expense,-1000000
bank_txn_expense_telecommunications_ratio_168d,model_vars_expense,-1000000
bank_txn_expense_donations_ratio_168d,model_vars_expense,-1000000
bank_txn_expense_centrelink_ratio_168d,model_vars_expense,-1000000
bank_txn_expense_fees_ratio_168d,model_vars_expense,-1000000
bank_txn_expense_entertainment_ratio_168d,model_vars_expense,-1000000
bank_txn_expense_homeimprovement_ratio_168d,model_vars_expense,-1000000
bank_txn_expense_transport_ratio_168d,model_vars_expense,-1000000
bank_txn_expense_subscriptiontv_ratio_168d,model_vars_expense,-1000000
bank_txn_expense_diningout_ratio_182d,model_vars_expense,-1000000
bank_txn_expense_externaltransfers_ratio_182d,model_vars_expense,-1000000
bank_txn_expense_internaltransfer_ratio_182d,model_vars_expense,-1000000
bank_txn_expense_groceries_ratio_182d,model_vars_expense,-1000000
bank_txn_expense_retail_ratio_182d,model_vars_expense,-1000000
bank_txn_expense_departmentstores_ratio_182d,model_vars_expense,-1000000
bank_txn_expense_automotive_ratio_182d,model_vars_expense,-1000000
bank_txn_expense_rent_ratio_182d,model_vars_expense,-1000000
bank_txn_expense_health_ratio_182d,model_vars_expense,-1000000
bank_txn_expense_utilities_ratio_182d,model_vars_expense,-1000000
bank_txn_expense_education_ratio_182d,model_vars_expense,-1000000
bank_txn_expense_telecommunications_ratio_182d,model_vars_expense,-1000000
bank_txn_expense_donations_ratio_182d,model_vars_expense,-1000000
bank_txn_expense_centrelink_ratio_182d,model_vars_expense,-1000000
bank_txn_expense_fees_ratio_182d,model_vars_expense,-1000000
bank_txn_expense_entertainment_ratio_182d,model_vars_expense,-1000000
bank_txn_expense_homeimprovement_ratio_182d,model_vars_expense,-1000000
bank_txn_expense_transport_ratio_182d,model_vars_expense,-1000000
bank_txn_expense_subscriptiontv_ratio_182d,model_vars_expense,-1000000
bank_txn_expense_diningout_max_ratio_7d,model_vars_expense,-1000000
bank_txn_expense_diningout_min_ratio_7d,model_vars_expense,-1000000
bank_txn_expense_externaltransfers_max_ratio_7d,model_vars_expense,-1000000
bank_txn_expense_externaltransfers_min_ratio_7d,model_vars_expense,-1000000
bank_txn_expense_internaltransfer_max_ratio_7d,model_vars_expense,-1000000
bank_txn_expense_internaltransfer_min_ratio_7d,model_vars_expense,-1000000
bank_txn_expense_groceries_max_ratio_7d,model_vars_expense,-1000000
bank_txn_expense_groceries_min_ratio_7d,model_vars_expense,-1000000
bank_txn_expense_retail_max_ratio_7d,model_vars_expense,-1000000
bank_txn_expense_retail_min_ratio_7d,model_vars_expense,-1000000
bank_txn_expense_departmentstores_max_ratio_7d,model_vars_expense,-1000000
bank_txn_expense_departmentstores_min_ratio_7d,model_vars_expense,-1000000
bank_txn_expense_automotive_max_ratio_7d,model_vars_expense,-1000000
bank_txn_expense_automotive_min_ratio_7d,model_vars_expense,-1000000
bank_txn_expense_rent_max_ratio_7d,model_vars_expense,-1000000
bank_txn_expense_rent_min_ratio_7d,model_vars_expense,-1000000
bank_txn_expense_health_max_ratio_7d,model_vars_expense,-1000000
bank_txn_expense_health_min_ratio_7d,model_vars_expense,-1000000
bank_txn_expense_utilities_max_ratio_7d,model_vars_expense,-1000000
bank_txn_expense_utilities_min_ratio_7d,model_vars_expense,-1000000
bank_txn_expense_education_max_ratio_7d,model_vars_expense,-1000000
bank_txn_expense_education_min_ratio_7d,model_vars_expense,-1000000
bank_txn_expense_telecommunications_max_ratio_7d,model_vars_expense,-1000000
bank_txn_expense_telecommunications_min_ratio_7d,model_vars_expense,-1000000
bank_txn_expense_donations_max_ratio_7d,model_vars_expense,-1000000
bank_txn_expense_donations_min_ratio_7d,model_vars_expense,-1000000
bank_txn_expense_centrelink_max_ratio_7d,model_vars_expense,-1000000
bank_txn_expense_centrelink_min_ratio_7d,model_vars_expense,-1000000
bank_txn_expense_fees_max_ratio_7d,model_vars_expense,-1000000
bank_txn_expense_fees_min_ratio_7d,model_vars_expense,-1000000
bank_txn_expense_entertainment_max_ratio_7d,model_vars_expense,-1000000
bank_txn_expense_entertainment_min_ratio_7d,model_vars_expense,-1000000
bank_txn_expense_homeimprovement_max_ratio_7d,model_vars_expense,-1000000
bank_txn_expense_homeimprovement_min_ratio_7d,model_vars_expense,-1000000
bank_txn_expense_transport_max_ratio_7d,model_vars_expense,-1000000
bank_txn_expense_transport_min_ratio_7d,model_vars_expense,-1000000
bank_txn_expense_subscriptiontv_max_ratio_7d,model_vars_expense,-1000000
bank_txn_expense_subscriptiontv_min_ratio_7d,model_vars_expense,-1000000
bank_txn_expense_diningout_max_ratio_14d,model_vars_expense,-1000000
bank_txn_expense_diningout_min_ratio_14d,model_vars_expense,-1000000
bank_txn_expense_externaltransfers_max_ratio_14d,model_vars_expense,-1000000
bank_txn_expense_externaltransfers_min_ratio_14d,model_vars_expense,-1000000
bank_txn_expense_internaltransfer_max_ratio_14d,model_vars_expense,-1000000
bank_txn_expense_internaltransfer_min_ratio_14d,model_vars_expense,-1000000
bank_txn_expense_groceries_max_ratio_14d,model_vars_expense,-1000000
bank_txn_expense_groceries_min_ratio_14d,model_vars_expense,-1000000
bank_txn_expense_retail_max_ratio_14d,model_vars_expense,-1000000
bank_txn_expense_retail_min_ratio_14d,model_vars_expense,-1000000
bank_txn_expense_departmentstores_max_ratio_14d,model_vars_expense,-1000000
bank_txn_expense_departmentstores_min_ratio_14d,model_vars_expense,-1000000
bank_txn_expense_automotive_max_ratio_14d,model_vars_expense,-1000000
bank_txn_expense_automotive_min_ratio_14d,model_vars_expense,-1000000
bank_txn_expense_rent_max_ratio_14d,model_vars_expense,-1000000
bank_txn_expense_rent_min_ratio_14d,model_vars_expense,-1000000
bank_txn_expense_health_max_ratio_14d,model_vars_expense,-1000000
bank_txn_expense_health_min_ratio_14d,model_vars_expense,-1000000
bank_txn_expense_utilities_max_ratio_14d,model_vars_expense,-1000000
bank_txn_expense_utilities_min_ratio_14d,model_vars_expense,-1000000
bank_txn_expense_education_max_ratio_14d,model_vars_expense,-1000000
bank_txn_expense_education_min_ratio_14d,model_vars_expense,-1000000
bank_txn_expense_telecommunications_max_ratio_14d,model_vars_expense,-1000000
bank_txn_expense_telecommunications_min_ratio_14d,model_vars_expense,-1000000
bank_txn_expense_donations_max_ratio_14d,model_vars_expense,-1000000
bank_txn_expense_donations_min_ratio_14d,model_vars_expense,-1000000
bank_txn_expense_centrelink_max_ratio_14d,model_vars_expense,-1000000
bank_txn_expense_centrelink_min_ratio_14d,model_vars_expense,-1000000
bank_txn_expense_fees_max_ratio_14d,model_vars_expense,-1000000
bank_txn_expense_fees_min_ratio_14d,model_vars_expense,-1000000
bank_txn_expense_entertainment_max_ratio_14d,model_vars_expense,-1000000
bank_txn_expense_entertainment_min_ratio_14d,model_vars_expense,-1000000
bank_txn_expense_homeimprovement_max_ratio_14d,model_vars_expense,-1000000
bank_txn_expense_homeimprovement_min_ratio_14d,model_vars_expense,-1000000
bank_txn_expense_transport_max_ratio_14d,model_vars_expense,-1000000
bank_txn_expense_transport_min_ratio_14d,model_vars_expense,-1000000
bank_txn_expense_subscriptiontv_max_ratio_14d,model_vars_expense,-1000000
bank_txn_expense_subscriptiontv_min_ratio_14d,model_vars_expense,-1000000
bank_txn_expense_diningout_max_ratio_28d,model_vars_expense,-1000000
bank_txn_expense_diningout_min_ratio_28d,model_vars_expense,-1000000
bank_txn_expense_externaltransfers_max_ratio_28d,model_vars_expense,-1000000
bank_txn_expense_externaltransfers_min_ratio_28d,model_vars_expense,-1000000
bank_txn_expense_internaltransfer_max_ratio_28d,model_vars_expense,-1000000
bank_txn_expense_internaltransfer_min_ratio_28d,model_vars_expense,-1000000
bank_txn_expense_groceries_max_ratio_28d,model_vars_expense,-1000000
bank_txn_expense_groceries_min_ratio_28d,model_vars_expense,-1000000
bank_txn_expense_retail_max_ratio_28d,model_vars_expense,-1000000
bank_txn_expense_retail_min_ratio_28d,model_vars_expense,-1000000
bank_txn_expense_departmentstores_max_ratio_28d,model_vars_expense,-1000000
bank_txn_expense_departmentstores_min_ratio_28d,model_vars_expense,-1000000
bank_txn_expense_automotive_max_ratio_28d,model_vars_expense,-1000000
bank_txn_expense_automotive_min_ratio_28d,model_vars_expense,-1000000
bank_txn_expense_rent_max_ratio_28d,model_vars_expense,-1000000
bank_txn_expense_rent_min_ratio_28d,model_vars_expense,-1000000
bank_txn_expense_health_max_ratio_28d,model_vars_expense,-1000000
bank_txn_expense_health_min_ratio_28d,model_vars_expense,-1000000
bank_txn_expense_utilities_max_ratio_28d,model_vars_expense,-1000000
bank_txn_expense_utilities_min_ratio_28d,model_vars_expense,-1000000
bank_txn_expense_education_max_ratio_28d,model_vars_expense,-1000000
bank_txn_expense_education_min_ratio_28d,model_vars_expense,-1000000
bank_txn_expense_telecommunications_max_ratio_28d,model_vars_expense,-1000000
bank_txn_expense_telecommunications_min_ratio_28d,model_vars_expense,-1000000
bank_txn_expense_donations_max_ratio_28d,model_vars_expense,-1000000
bank_txn_expense_donations_min_ratio_28d,model_vars_expense,-1000000
bank_txn_expense_centrelink_max_ratio_28d,model_vars_expense,-1000000
bank_txn_expense_centrelink_min_ratio_28d,model_vars_expense,-1000000
bank_txn_expense_fees_max_ratio_28d,model_vars_expense,-1000000
bank_txn_expense_fees_min_ratio_28d,model_vars_expense,-1000000
bank_txn_expense_entertainment_max_ratio_28d,model_vars_expense,-1000000
bank_txn_expense_entertainment_min_ratio_28d,model_vars_expense,-1000000
bank_txn_expense_homeimprovement_max_ratio_28d,model_vars_expense,-1000000
bank_txn_expense_homeimprovement_min_ratio_28d,model_vars_expense,-1000000
bank_txn_expense_transport_max_ratio_28d,model_vars_expense,-1000000
bank_txn_expense_transport_min_ratio_28d,model_vars_expense,-1000000
bank_txn_expense_subscriptiontv_max_ratio_28d,model_vars_expense,-1000000
bank_txn_expense_subscriptiontv_min_ratio_28d,model_vars_expense,-1000000
bank_txn_expense_diningout_max_ratio_56d,model_vars_expense,-1000000
bank_txn_expense_diningout_min_ratio_56d,model_vars_expense,-1000000
bank_txn_expense_externaltransfers_max_ratio_56d,model_vars_expense,-1000000
bank_txn_expense_externaltransfers_min_ratio_56d,model_vars_expense,-1000000
bank_txn_expense_internaltransfer_max_ratio_56d,model_vars_expense,-1000000
bank_txn_expense_internaltransfer_min_ratio_56d,model_vars_expense,-1000000
bank_txn_expense_groceries_max_ratio_56d,model_vars_expense,-1000000
bank_txn_expense_groceries_min_ratio_56d,model_vars_expense,-1000000
bank_txn_expense_retail_max_ratio_56d,model_vars_expense,-1000000
bank_txn_expense_retail_min_ratio_56d,model_vars_expense,-1000000
bank_txn_expense_departmentstores_max_ratio_56d,model_vars_expense,-1000000
bank_txn_expense_departmentstores_min_ratio_56d,model_vars_expense,-1000000
bank_txn_expense_automotive_max_ratio_56d,model_vars_expense,-1000000
bank_txn_expense_automotive_min_ratio_56d,model_vars_expense,-1000000
bank_txn_expense_rent_max_ratio_56d,model_vars_expense,-1000000
bank_txn_expense_rent_min_ratio_56d,model_vars_expense,-1000000
bank_txn_expense_health_max_ratio_56d,model_vars_expense,-1000000
bank_txn_expense_health_min_ratio_56d,model_vars_expense,-1000000
bank_txn_expense_utilities_max_ratio_56d,model_vars_expense,-1000000
bank_txn_expense_utilities_min_ratio_56d,model_vars_expense,-1000000
bank_txn_expense_education_max_ratio_56d,model_vars_expense,-1000000
bank_txn_expense_education_min_ratio_56d,model_vars_expense,-1000000
bank_txn_expense_telecommunications_max_ratio_56d,model_vars_expense,-1000000
bank_txn_expense_telecommunications_min_ratio_56d,model_vars_expense,-1000000
bank_txn_expense_donations_max_ratio_56d,model_vars_expense,-1000000
bank_txn_expense_donations_min_ratio_56d,model_vars_expense,-1000000
bank_txn_expense_centrelink_max_ratio_56d,model_vars_expense,-1000000
bank_txn_expense_centrelink_min_ratio_56d,model_vars_expense,-1000000
bank_txn_expense_fees_max_ratio_56d,model_vars_expense,-1000000
bank_txn_expense_fees_min_ratio_56d,model_vars_expense,-1000000
bank_txn_expense_entertainment_max_ratio_56d,model_vars_expense,-1000000
bank_txn_expense_entertainment_min_ratio_56d,model_vars_expense,-1000000
bank_txn_expense_homeimprovement_max_ratio_56d,model_vars_expense,-1000000
bank_txn_expense_homeimprovement_min_ratio_56d,model_vars_expense,-1000000
bank_txn_expense_transport_max_ratio_56d,model_vars_expense,-1000000
bank_txn_expense_transport_min_ratio_56d,model_vars_expense,-1000000
bank_txn_expense_subscriptiontv_max_ratio_56d,model_vars_expense,-1000000
bank_txn_expense_subscriptiontv_min_ratio_56d,model_vars_expense,-1000000
bank_txn_expense_diningout_max_ratio_84d,model_vars_expense,-1000000
bank_txn_expense_diningout_min_ratio_84d,model_vars_expense,-1000000
bank_txn_expense_externaltransfers_max_ratio_84d,model_vars_expense,-1000000
bank_txn_expense_externaltransfers_min_ratio_84d,model_vars_expense,-1000000
bank_txn_expense_internaltransfer_max_ratio_84d,model_vars_expense,-1000000
bank_txn_expense_internaltransfer_min_ratio_84d,model_vars_expense,-1000000
bank_txn_expense_groceries_max_ratio_84d,model_vars_expense,-1000000
bank_txn_expense_groceries_min_ratio_84d,model_vars_expense,-1000000
bank_txn_expense_retail_max_ratio_84d,model_vars_expense,-1000000
bank_txn_expense_retail_min_ratio_84d,model_vars_expense,-1000000
bank_txn_expense_departmentstores_max_ratio_84d,model_vars_expense,-1000000
bank_txn_expense_departmentstores_min_ratio_84d,model_vars_expense,-1000000
bank_txn_expense_automotive_max_ratio_84d,model_vars_expense,-1000000
bank_txn_expense_automotive_min_ratio_84d,model_vars_expense,-1000000
bank_txn_expense_rent_max_ratio_84d,model_vars_expense,-1000000
bank_txn_expense_rent_min_ratio_84d,model_vars_expense,-1000000
bank_txn_expense_health_max_ratio_84d,model_vars_expense,-1000000
bank_txn_expense_health_min_ratio_84d,model_vars_expense,-1000000
bank_txn_expense_utilities_max_ratio_84d,model_vars_expense,-1000000
bank_txn_expense_utilities_min_ratio_84d,model_vars_expense,-1000000
bank_txn_expense_education_max_ratio_84d,model_vars_expense,-1000000
bank_txn_expense_education_min_ratio_84d,model_vars_expense,-1000000
bank_txn_expense_telecommunications_max_ratio_84d,model_vars_expense,-1000000
bank_txn_expense_telecommunications_min_ratio_84d,model_vars_expense,-1000000
bank_txn_expense_donations_max_ratio_84d,model_vars_expense,-1000000
bank_txn_expense_donations_min_ratio_84d,model_vars_expense,-1000000
bank_txn_expense_centrelink_max_ratio_84d,model_vars_expense,-1000000
bank_txn_expense_centrelink_min_ratio_84d,model_vars_expense,-1000000
bank_txn_expense_fees_max_ratio_84d,model_vars_expense,-1000000
bank_txn_expense_fees_min_ratio_84d,model_vars_expense,-1000000
bank_txn_expense_entertainment_max_ratio_84d,model_vars_expense,-1000000
bank_txn_expense_entertainment_min_ratio_84d,model_vars_expense,-1000000
bank_txn_expense_homeimprovement_max_ratio_84d,model_vars_expense,-1000000
bank_txn_expense_homeimprovement_min_ratio_84d,model_vars_expense,-1000000
bank_txn_expense_transport_max_ratio_84d,model_vars_expense,-1000000
bank_txn_expense_transport_min_ratio_84d,model_vars_expense,-1000000
bank_txn_expense_subscriptiontv_max_ratio_84d,model_vars_expense,-1000000
bank_txn_expense_subscriptiontv_min_ratio_84d,model_vars_expense,-1000000
bank_txn_expense_diningout_max_ratio_168d,model_vars_expense,-1000000
bank_txn_expense_diningout_min_ratio_168d,model_vars_expense,-1000000
bank_txn_expense_externaltransfers_max_ratio_168d,model_vars_expense,-1000000
bank_txn_expense_externaltransfers_min_ratio_168d,model_vars_expense,-1000000
bank_txn_expense_internaltransfer_max_ratio_168d,model_vars_expense,-1000000
bank_txn_expense_internaltransfer_min_ratio_168d,model_vars_expense,-1000000
bank_txn_expense_groceries_max_ratio_168d,model_vars_expense,-1000000
bank_txn_expense_groceries_min_ratio_168d,model_vars_expense,-1000000
bank_txn_expense_retail_max_ratio_168d,model_vars_expense,-1000000
bank_txn_expense_retail_min_ratio_168d,model_vars_expense,-1000000
bank_txn_expense_departmentstores_max_ratio_168d,model_vars_expense,-1000000
bank_txn_expense_departmentstores_min_ratio_168d,model_vars_expense,-1000000
bank_txn_expense_automotive_max_ratio_168d,model_vars_expense,-1000000
bank_txn_expense_automotive_min_ratio_168d,model_vars_expense,-1000000
bank_txn_expense_rent_max_ratio_168d,model_vars_expense,-1000000
bank_txn_expense_rent_min_ratio_168d,model_vars_expense,-1000000
bank_txn_expense_health_max_ratio_168d,model_vars_expense,-1000000
bank_txn_expense_health_min_ratio_168d,model_vars_expense,-1000000
bank_txn_expense_utilities_max_ratio_168d,model_vars_expense,-1000000
bank_txn_expense_utilities_min_ratio_168d,model_vars_expense,-1000000
bank_txn_expense_education_max_ratio_168d,model_vars_expense,-1000000
bank_txn_expense_education_min_ratio_168d,model_vars_expense,-1000000
bank_txn_expense_telecommunications_max_ratio_168d,model_vars_expense,-1000000
bank_txn_expense_telecommunications_min_ratio_168d,model_vars_expense,-1000000
bank_txn_expense_donations_max_ratio_168d,model_vars_expense,-1000000
bank_txn_expense_donations_min_ratio_168d,model_vars_expense,-1000000
bank_txn_expense_centrelink_max_ratio_168d,model_vars_expense,-1000000
bank_txn_expense_centrelink_min_ratio_168d,model_vars_expense,-1000000
bank_txn_expense_fees_max_ratio_168d,model_vars_expense,-1000000
bank_txn_expense_fees_min_ratio_168d,model_vars_expense,-1000000
bank_txn_expense_entertainment_max_ratio_168d,model_vars_expense,-1000000
bank_txn_expense_entertainment_min_ratio_168d,model_vars_expense,-1000000
bank_txn_expense_homeimprovement_max_ratio_168d,model_vars_expense,-1000000
bank_txn_expense_homeimprovement_min_ratio_168d,model_vars_expense,-1000000
bank_txn_expense_transport_max_ratio_168d,model_vars_expense,-1000000
bank_txn_expense_transport_min_ratio_168d,model_vars_expense,-1000000
bank_txn_expense_subscriptiontv_max_ratio_168d,model_vars_expense,-1000000
bank_txn_expense_subscriptiontv_min_ratio_168d,model_vars_expense,-1000000
bank_txn_expense_diningout_max_ratio_182d,model_vars_expense,-1000000
bank_txn_expense_diningout_min_ratio_182d,model_vars_expense,-1000000
bank_txn_expense_externaltransfers_max_ratio_182d,model_vars_expense,-1000000
bank_txn_expense_externaltransfers_min_ratio_182d,model_vars_expense,-1000000
bank_txn_expense_internaltransfer_max_ratio_182d,model_vars_expense,-1000000
bank_txn_expense_internaltransfer_min_ratio_182d,model_vars_expense,-1000000
bank_txn_expense_groceries_max_ratio_182d,model_vars_expense,-1000000
bank_txn_expense_groceries_min_ratio_182d,model_vars_expense,-1000000
bank_txn_expense_retail_max_ratio_182d,model_vars_expense,-1000000
bank_txn_expense_retail_min_ratio_182d,model_vars_expense,-1000000
bank_txn_expense_departmentstores_max_ratio_182d,model_vars_expense,-1000000
bank_txn_expense_departmentstores_min_ratio_182d,model_vars_expense,-1000000
bank_txn_expense_automotive_max_ratio_182d,model_vars_expense,-1000000
bank_txn_expense_automotive_min_ratio_182d,model_vars_expense,-1000000
bank_txn_expense_rent_max_ratio_182d,model_vars_expense,-1000000
bank_txn_expense_rent_min_ratio_182d,model_vars_expense,-1000000
bank_txn_expense_health_max_ratio_182d,model_vars_expense,-1000000
bank_txn_expense_health_min_ratio_182d,model_vars_expense,-1000000
bank_txn_expense_utilities_max_ratio_182d,model_vars_expense,-1000000
bank_txn_expense_utilities_min_ratio_182d,model_vars_expense,-1000000
bank_txn_expense_education_max_ratio_182d,model_vars_expense,-1000000
bank_txn_expense_education_min_ratio_182d,model_vars_expense,-1000000
bank_txn_expense_telecommunications_max_ratio_182d,model_vars_expense,-1000000
bank_txn_expense_telecommunications_min_ratio_182d,model_vars_expense,-1000000
bank_txn_expense_donations_max_ratio_182d,model_vars_expense,-1000000
bank_txn_expense_donations_min_ratio_182d,model_vars_expense,-1000000
bank_txn_expense_centrelink_max_ratio_182d,model_vars_expense,-1000000
bank_txn_expense_centrelink_min_ratio_182d,model_vars_expense,-1000000
bank_txn_expense_fees_max_ratio_182d,model_vars_expense,-1000000
bank_txn_expense_fees_min_ratio_182d,model_vars_expense,-1000000
bank_txn_expense_entertainment_max_ratio_182d,model_vars_expense,-1000000
bank_txn_expense_entertainment_min_ratio_182d,model_vars_expense,-1000000
bank_txn_expense_homeimprovement_max_ratio_182d,model_vars_expense,-1000000
bank_txn_expense_homeimprovement_min_ratio_182d,model_vars_expense,-1000000
bank_txn_expense_transport_max_ratio_182d,model_vars_expense,-1000000
bank_txn_expense_transport_min_ratio_182d,model_vars_expense,-1000000
bank_txn_expense_subscriptiontv_max_ratio_182d,model_vars_expense,-1000000
bank_txn_expense_subscriptiontv_min_ratio_182d,model_vars_expense,-1000000
bank_txn_expense_diningout_daily_max_7d,model_vars_expense,-1000000
bank_txn_expense_diningout_daily_min_7d,model_vars_expense,-1000000
bank_txn_expense_externaltransfers_daily_max_7d,model_vars_expense,-1000000
bank_txn_expense_externaltransfers_daily_min_7d,model_vars_expense,-1000000
bank_txn_expense_internaltransfer_daily_max_7d,model_vars_expense,-1000000
bank_txn_expense_internaltransfer_daily_min_7d,model_vars_expense,-1000000
bank_txn_expense_groceries_daily_max_7d,model_vars_expense,-1000000
bank_txn_expense_groceries_daily_min_7d,model_vars_expense,-1000000
bank_txn_expense_retail_daily_max_7d,model_vars_expense,-1000000
bank_txn_expense_retail_daily_min_7d,model_vars_expense,-1000000
bank_txn_expense_departmentstores_daily_max_7d,model_vars_expense,-1000000
bank_txn_expense_departmentstores_daily_min_7d,model_vars_expense,-1000000
bank_txn_expense_automotive_daily_max_7d,model_vars_expense,-1000000
bank_txn_expense_automotive_daily_min_7d,model_vars_expense,-1000000
bank_txn_expense_rent_daily_max_7d,model_vars_expense,-1000000
bank_txn_expense_rent_daily_min_7d,model_vars_expense,-1000000
bank_txn_expense_health_daily_max_7d,model_vars_expense,-1000000
bank_txn_expense_health_daily_min_7d,model_vars_expense,-1000000
bank_txn_expense_utilities_daily_max_7d,model_vars_expense,-1000000
bank_txn_expense_utilities_daily_min_7d,model_vars_expense,-1000000
bank_txn_expense_education_daily_max_7d,model_vars_expense,-1000000
bank_txn_expense_education_daily_min_7d,model_vars_expense,-1000000
bank_txn_expense_telecommunications_daily_max_7d,model_vars_expense,-1000000
bank_txn_expense_telecommunications_daily_min_7d,model_vars_expense,-1000000
bank_txn_expense_donations_daily_max_7d,model_vars_expense,-1000000
bank_txn_expense_donations_daily_min_7d,model_vars_expense,-1000000
bank_txn_expense_centrelink_daily_max_7d,model_vars_expense,-1000000
bank_txn_expense_centrelink_daily_min_7d,model_vars_expense,-1000000
bank_txn_expense_fees_daily_max_7d,model_vars_expense,-1000000
bank_txn_expense_fees_daily_min_7d,model_vars_expense,-1000000
bank_txn_expense_entertainment_daily_max_7d,model_vars_expense,-1000000
bank_txn_expense_entertainment_daily_min_7d,model_vars_expense,-1000000
bank_txn_expense_homeimprovement_daily_max_7d,model_vars_expense,-1000000
bank_txn_expense_homeimprovement_daily_min_7d,model_vars_expense,-1000000
bank_txn_expense_transport_daily_max_7d,model_vars_expense,-1000000
bank_txn_expense_transport_daily_min_7d,model_vars_expense,-1000000
bank_txn_expense_subscriptiontv_daily_max_7d,model_vars_expense,-1000000
bank_txn_expense_subscriptiontv_daily_min_7d,model_vars_expense,-1000000
bank_txn_expense_diningout_daily_max_14d,model_vars_expense,-1000000
bank_txn_expense_diningout_daily_min_14d,model_vars_expense,-1000000
bank_txn_expense_externaltransfers_daily_max_14d,model_vars_expense,-1000000
bank_txn_expense_externaltransfers_daily_min_14d,model_vars_expense,-1000000
bank_txn_expense_internaltransfer_daily_max_14d,model_vars_expense,-1000000
bank_txn_expense_internaltransfer_daily_min_14d,model_vars_expense,-1000000
bank_txn_expense_groceries_daily_max_14d,model_vars_expense,-1000000
bank_txn_expense_groceries_daily_min_14d,model_vars_expense,-1000000
bank_txn_expense_retail_daily_max_14d,model_vars_expense,-1000000
bank_txn_expense_retail_daily_min_14d,model_vars_expense,-1000000
bank_txn_expense_departmentstores_daily_max_14d,model_vars_expense,-1000000
bank_txn_expense_departmentstores_daily_min_14d,model_vars_expense,-1000000
bank_txn_expense_automotive_daily_max_14d,model_vars_expense,-1000000
bank_txn_expense_automotive_daily_min_14d,model_vars_expense,-1000000
bank_txn_expense_rent_daily_max_14d,model_vars_expense,-1000000
bank_txn_expense_rent_daily_min_14d,model_vars_expense,-1000000
bank_txn_expense_health_daily_max_14d,model_vars_expense,-1000000
bank_txn_expense_health_daily_min_14d,model_vars_expense,-1000000
bank_txn_expense_utilities_daily_max_14d,model_vars_expense,-1000000
bank_txn_expense_utilities_daily_min_14d,model_vars_expense,-1000000
bank_txn_expense_education_daily_max_14d,model_vars_expense,-1000000
bank_txn_expense_education_daily_min_14d,model_vars_expense,-1000000
bank_txn_expense_telecommunications_daily_max_14d,model_vars_expense,-1000000
bank_txn_expense_telecommunications_daily_min_14d,model_vars_expense,-1000000
bank_txn_expense_donations_daily_max_14d,model_vars_expense,-1000000
bank_txn_expense_donations_daily_min_14d,model_vars_expense,-1000000
bank_txn_expense_centrelink_daily_max_14d,model_vars_expense,-1000000
bank_txn_expense_centrelink_daily_min_14d,model_vars_expense,-1000000
bank_txn_expense_fees_daily_max_14d,model_vars_expense,-1000000
bank_txn_expense_fees_daily_min_14d,model_vars_expense,-1000000
bank_txn_expense_entertainment_daily_max_14d,model_vars_expense,-1000000
bank_txn_expense_entertainment_daily_min_14d,model_vars_expense,-1000000
bank_txn_expense_homeimprovement_daily_max_14d,model_vars_expense,-1000000
bank_txn_expense_homeimprovement_daily_min_14d,model_vars_expense,-1000000
bank_txn_expense_transport_daily_max_14d,model_vars_expense,-1000000
bank_txn_expense_transport_daily_min_14d,model_vars_expense,-1000000
bank_txn_expense_subscriptiontv_daily_max_14d,model_vars_expense,-1000000
bank_txn_expense_subscriptiontv_daily_min_14d,model_vars_expense,-1000000
bank_txn_expense_diningout_daily_max_28d,model_vars_expense,-1000000
bank_txn_expense_diningout_daily_min_28d,model_vars_expense,-1000000
bank_txn_expense_externaltransfers_daily_max_28d,model_vars_expense,-1000000
bank_txn_expense_externaltransfers_daily_min_28d,model_vars_expense,-1000000
bank_txn_expense_internaltransfer_daily_max_28d,model_vars_expense,-1000000
bank_txn_expense_internaltransfer_daily_min_28d,model_vars_expense,-1000000
bank_txn_expense_groceries_daily_max_28d,model_vars_expense,-1000000
bank_txn_expense_groceries_daily_min_28d,model_vars_expense,-1000000
bank_txn_expense_retail_daily_max_28d,model_vars_expense,-1000000
bank_txn_expense_retail_daily_min_28d,model_vars_expense,-1000000
bank_txn_expense_departmentstores_daily_max_28d,model_vars_expense,-1000000
bank_txn_expense_departmentstores_daily_min_28d,model_vars_expense,-1000000
bank_txn_expense_automotive_daily_max_28d,model_vars_expense,-1000000
bank_txn_expense_automotive_daily_min_28d,model_vars_expense,-1000000
bank_txn_expense_rent_daily_max_28d,model_vars_expense,-1000000
bank_txn_expense_rent_daily_min_28d,model_vars_expense,-1000000
bank_txn_expense_health_daily_max_28d,model_vars_expense,-1000000
bank_txn_expense_health_daily_min_28d,model_vars_expense,-1000000
bank_txn_expense_utilities_daily_max_28d,model_vars_expense,-1000000
bank_txn_expense_utilities_daily_min_28d,model_vars_expense,-1000000
bank_txn_expense_education_daily_max_28d,model_vars_expense,-1000000
bank_txn_expense_education_daily_min_28d,model_vars_expense,-1000000
bank_txn_expense_telecommunications_daily_max_28d,model_vars_expense,-1000000
bank_txn_expense_telecommunications_daily_min_28d,model_vars_expense,-1000000
bank_txn_expense_donations_daily_max_28d,model_vars_expense,-1000000
bank_txn_expense_donations_daily_min_28d,model_vars_expense,-1000000
bank_txn_expense_centrelink_daily_max_28d,model_vars_expense,-1000000
bank_txn_expense_centrelink_daily_min_28d,model_vars_expense,-1000000
bank_txn_expense_fees_daily_max_28d,model_vars_expense,-1000000
bank_txn_expense_fees_daily_min_28d,model_vars_expense,-1000000
bank_txn_expense_entertainment_daily_max_28d,model_vars_expense,-1000000
bank_txn_expense_entertainment_daily_min_28d,model_vars_expense,-1000000
bank_txn_expense_homeimprovement_daily_max_28d,model_vars_expense,-1000000
bank_txn_expense_homeimprovement_daily_min_28d,model_vars_expense,-1000000
bank_txn_expense_transport_daily_max_28d,model_vars_expense,-1000000
bank_txn_expense_transport_daily_min_28d,model_vars_expense,-1000000
bank_txn_expense_subscriptiontv_daily_max_28d,model_vars_expense,-1000000
bank_txn_expense_subscriptiontv_daily_min_28d,model_vars_expense,-1000000
bank_txn_expense_diningout_daily_max_56d,model_vars_expense,-1000000
bank_txn_expense_diningout_daily_min_56d,model_vars_expense,-1000000
bank_txn_expense_externaltransfers_daily_max_56d,model_vars_expense,-1000000
bank_txn_expense_externaltransfers_daily_min_56d,model_vars_expense,-1000000
bank_txn_expense_internaltransfer_daily_max_56d,model_vars_expense,-1000000
bank_txn_expense_internaltransfer_daily_min_56d,model_vars_expense,-1000000
bank_txn_expense_groceries_daily_max_56d,model_vars_expense,-1000000
bank_txn_expense_groceries_daily_min_56d,model_vars_expense,-1000000
bank_txn_expense_retail_daily_max_56d,model_vars_expense,-1000000
bank_txn_expense_retail_daily_min_56d,model_vars_expense,-1000000
bank_txn_expense_departmentstores_daily_max_56d,model_vars_expense,-1000000
bank_txn_expense_departmentstores_daily_min_56d,model_vars_expense,-1000000
bank_txn_expense_automotive_daily_max_56d,model_vars_expense,-1000000
bank_txn_expense_automotive_daily_min_56d,model_vars_expense,-1000000
bank_txn_expense_rent_daily_max_56d,model_vars_expense,-1000000
bank_txn_expense_rent_daily_min_56d,model_vars_expense,-1000000
bank_txn_expense_health_daily_max_56d,model_vars_expense,-1000000
bank_txn_expense_health_daily_min_56d,model_vars_expense,-1000000
bank_txn_expense_utilities_daily_max_56d,model_vars_expense,-1000000
bank_txn_expense_utilities_daily_min_56d,model_vars_expense,-1000000
bank_txn_expense_education_daily_max_56d,model_vars_expense,-1000000
bank_txn_expense_education_daily_min_56d,model_vars_expense,-1000000
bank_txn_expense_telecommunications_daily_max_56d,model_vars_expense,-1000000
bank_txn_expense_telecommunications_daily_min_56d,model_vars_expense,-1000000
bank_txn_expense_donations_daily_max_56d,model_vars_expense,-1000000
bank_txn_expense_donations_daily_min_56d,model_vars_expense,-1000000
bank_txn_expense_centrelink_daily_max_56d,model_vars_expense,-1000000
bank_txn_expense_centrelink_daily_min_56d,model_vars_expense,-1000000
bank_txn_expense_fees_daily_max_56d,model_vars_expense,-1000000
bank_txn_expense_fees_daily_min_56d,model_vars_expense,-1000000
bank_txn_expense_entertainment_daily_max_56d,model_vars_expense,-1000000
bank_txn_expense_entertainment_daily_min_56d,model_vars_expense,-1000000
bank_txn_expense_homeimprovement_daily_max_56d,model_vars_expense,-1000000
bank_txn_expense_homeimprovement_daily_min_56d,model_vars_expense,-1000000
bank_txn_expense_transport_daily_max_56d,model_vars_expense,-1000000
bank_txn_expense_transport_daily_min_56d,model_vars_expense,-1000000
bank_txn_expense_subscriptiontv_daily_max_56d,model_vars_expense,-1000000
bank_txn_expense_subscriptiontv_daily_min_56d,model_vars_expense,-1000000
bank_txn_expense_diningout_daily_max_84d,model_vars_expense,-1000000
bank_txn_expense_diningout_daily_min_84d,model_vars_expense,-1000000
bank_txn_expense_externaltransfers_daily_max_84d,model_vars_expense,-1000000
bank_txn_expense_externaltransfers_daily_min_84d,model_vars_expense,-1000000
bank_txn_expense_internaltransfer_daily_max_84d,model_vars_expense,-1000000
bank_txn_expense_internaltransfer_daily_min_84d,model_vars_expense,-1000000
bank_txn_expense_groceries_daily_max_84d,model_vars_expense,-1000000
bank_txn_expense_groceries_daily_min_84d,model_vars_expense,-1000000
bank_txn_expense_retail_daily_max_84d,model_vars_expense,-1000000
bank_txn_expense_retail_daily_min_84d,model_vars_expense,-1000000
bank_txn_expense_departmentstores_daily_max_84d,model_vars_expense,-1000000
bank_txn_expense_departmentstores_daily_min_84d,model_vars_expense,-1000000
bank_txn_expense_automotive_daily_max_84d,model_vars_expense,-1000000
bank_txn_expense_automotive_daily_min_84d,model_vars_expense,-1000000
bank_txn_expense_rent_daily_max_84d,model_vars_expense,-1000000
bank_txn_expense_rent_daily_min_84d,model_vars_expense,-1000000
bank_txn_expense_health_daily_max_84d,model_vars_expense,-1000000
bank_txn_expense_health_daily_min_84d,model_vars_expense,-1000000
bank_txn_expense_utilities_daily_max_84d,model_vars_expense,-1000000
bank_txn_expense_utilities_daily_min_84d,model_vars_expense,-1000000
bank_txn_expense_education_daily_max_84d,model_vars_expense,-1000000
bank_txn_expense_education_daily_min_84d,model_vars_expense,-1000000
bank_txn_expense_telecommunications_daily_max_84d,model_vars_expense,-1000000
bank_txn_expense_telecommunications_daily_min_84d,model_vars_expense,-1000000
bank_txn_expense_donations_daily_max_84d,model_vars_expense,-1000000
bank_txn_expense_donations_daily_min_84d,model_vars_expense,-1000000
bank_txn_expense_centrelink_daily_max_84d,model_vars_expense,-1000000
bank_txn_expense_centrelink_daily_min_84d,model_vars_expense,-1000000
bank_txn_expense_fees_daily_max_84d,model_vars_expense,-1000000
bank_txn_expense_fees_daily_min_84d,model_vars_expense,-1000000
bank_txn_expense_entertainment_daily_max_84d,model_vars_expense,-1000000
bank_txn_expense_entertainment_daily_min_84d,model_vars_expense,-1000000
bank_txn_expense_homeimprovement_daily_max_84d,model_vars_expense,-1000000
bank_txn_expense_homeimprovement_daily_min_84d,model_vars_expense,-1000000
bank_txn_expense_transport_daily_max_84d,model_vars_expense,-1000000
bank_txn_expense_transport_daily_min_84d,model_vars_expense,-1000000
bank_txn_expense_subscriptiontv_daily_max_84d,model_vars_expense,-1000000
bank_txn_expense_subscriptiontv_daily_min_84d,model_vars_expense,-1000000
bank_txn_expense_diningout_daily_max_168d,model_vars_expense,-1000000
bank_txn_expense_diningout_daily_min_168d,model_vars_expense,-1000000
bank_txn_expense_externaltransfers_daily_max_168d,model_vars_expense,-1000000
bank_txn_expense_externaltransfers_daily_min_168d,model_vars_expense,-1000000
bank_txn_expense_internaltransfer_daily_max_168d,model_vars_expense,-1000000
bank_txn_expense_internaltransfer_daily_min_168d,model_vars_expense,-1000000
bank_txn_expense_groceries_daily_max_168d,model_vars_expense,-1000000
bank_txn_expense_groceries_daily_min_168d,model_vars_expense,-1000000
bank_txn_expense_retail_daily_max_168d,model_vars_expense,-1000000
bank_txn_expense_retail_daily_min_168d,model_vars_expense,-1000000
bank_txn_expense_departmentstores_daily_max_168d,model_vars_expense,-1000000
bank_txn_expense_departmentstores_daily_min_168d,model_vars_expense,-1000000
bank_txn_expense_automotive_daily_max_168d,model_vars_expense,-1000000
bank_txn_expense_automotive_daily_min_168d,model_vars_expense,-1000000
bank_txn_expense_rent_daily_max_168d,model_vars_expense,-1000000
bank_txn_expense_rent_daily_min_168d,model_vars_expense,-1000000
bank_txn_expense_health_daily_max_168d,model_vars_expense,-1000000
bank_txn_expense_health_daily_min_168d,model_vars_expense,-1000000
bank_txn_expense_utilities_daily_max_168d,model_vars_expense,-1000000
bank_txn_expense_utilities_daily_min_168d,model_vars_expense,-1000000
bank_txn_expense_education_daily_max_168d,model_vars_expense,-1000000
bank_txn_expense_education_daily_min_168d,model_vars_expense,-1000000
bank_txn_expense_telecommunications_daily_max_168d,model_vars_expense,-1000000
bank_txn_expense_telecommunications_daily_min_168d,model_vars_expense,-1000000
bank_txn_expense_donations_daily_max_168d,model_vars_expense,-1000000
bank_txn_expense_donations_daily_min_168d,model_vars_expense,-1000000
bank_txn_expense_centrelink_daily_max_168d,model_vars_expense,-1000000
bank_txn_expense_centrelink_daily_min_168d,model_vars_expense,-1000000
bank_txn_expense_fees_daily_max_168d,model_vars_expense,-1000000
bank_txn_expense_fees_daily_min_168d,model_vars_expense,-1000000
bank_txn_expense_entertainment_daily_max_168d,model_vars_expense,-1000000
bank_txn_expense_entertainment_daily_min_168d,model_vars_expense,-1000000
bank_txn_expense_homeimprovement_daily_max_168d,model_vars_expense,-1000000
bank_txn_expense_homeimprovement_daily_min_168d,model_vars_expense,-1000000
bank_txn_expense_transport_daily_max_168d,model_vars_expense,-1000000
bank_txn_expense_transport_daily_min_168d,model_vars_expense,-1000000
bank_txn_expense_subscriptiontv_daily_max_168d,model_vars_expense,-1000000
bank_txn_expense_subscriptiontv_daily_min_168d,model_vars_expense,-1000000
bank_txn_expense_diningout_daily_max_182d,model_vars_expense,-1000000
bank_txn_expense_diningout_daily_min_182d,model_vars_expense,-1000000
bank_txn_expense_externaltransfers_daily_max_182d,model_vars_expense,-1000000
bank_txn_expense_externaltransfers_daily_min_182d,model_vars_expense,-1000000
bank_txn_expense_internaltransfer_daily_max_182d,model_vars_expense,-1000000
bank_txn_expense_internaltransfer_daily_min_182d,model_vars_expense,-1000000
bank_txn_expense_groceries_daily_max_182d,model_vars_expense,-1000000
bank_txn_expense_groceries_daily_min_182d,model_vars_expense,-1000000
bank_txn_expense_retail_daily_max_182d,model_vars_expense,-1000000
bank_txn_expense_retail_daily_min_182d,model_vars_expense,-1000000
bank_txn_expense_departmentstores_daily_max_182d,model_vars_expense,-1000000
bank_txn_expense_departmentstores_daily_min_182d,model_vars_expense,-1000000
bank_txn_expense_automotive_daily_max_182d,model_vars_expense,-1000000
bank_txn_expense_automotive_daily_min_182d,model_vars_expense,-1000000
bank_txn_expense_rent_daily_max_182d,model_vars_expense,-1000000
bank_txn_expense_rent_daily_min_182d,model_vars_expense,-1000000
bank_txn_expense_health_daily_max_182d,model_vars_expense,-1000000
bank_txn_expense_health_daily_min_182d,model_vars_expense,-1000000
bank_txn_expense_utilities_daily_max_182d,model_vars_expense,-1000000
bank_txn_expense_utilities_daily_min_182d,model_vars_expense,-1000000
bank_txn_expense_education_daily_max_182d,model_vars_expense,-1000000
bank_txn_expense_education_daily_min_182d,model_vars_expense,-1000000
bank_txn_expense_telecommunications_daily_max_182d,model_vars_expense,-1000000
bank_txn_expense_telecommunications_daily_min_182d,model_vars_expense,-1000000
bank_txn_expense_donations_daily_max_182d,model_vars_expense,-1000000
bank_txn_expense_donations_daily_min_182d,model_vars_expense,-1000000
bank_txn_expense_centrelink_daily_max_182d,model_vars_expense,-1000000
bank_txn_expense_centrelink_daily_min_182d,model_vars_expense,-1000000
bank_txn_expense_fees_daily_max_182d,model_vars_expense,-1000000
bank_txn_expense_fees_daily_min_182d,model_vars_expense,-1000000
bank_txn_expense_entertainment_daily_max_182d,model_vars_expense,-1000000
bank_txn_expense_entertainment_daily_min_182d,model_vars_expense,-1000000
bank_txn_expense_homeimprovement_daily_max_182d,model_vars_expense,-1000000
bank_txn_expense_homeimprovement_daily_min_182d,model_vars_expense,-1000000
bank_txn_expense_transport_daily_max_182d,model_vars_expense,-1000000
bank_txn_expense_transport_daily_min_182d,model_vars_expense,-1000000
bank_txn_expense_subscriptiontv_daily_max_182d,model_vars_expense,-1000000
bank_txn_expense_subscriptiontv_daily_min_182d,model_vars_expense,-1000000
bank_txn_expense_diningout_1w_vs_1m,model_vars_expense,-1000000
bank_txn_expense_diningout_1m_vs_3m,model_vars_expense,-1000000
bank_txn_expense_diningout_1m_vs_6m,model_vars_expense,-1000000
bank_txn_expense_diningout_3m_vs_6m,model_vars_expense,-1000000
bank_txn_expense_externaltransfers_1w_vs_1m,model_vars_expense,-1000000
bank_txn_expense_externaltransfers_1m_vs_3m,model_vars_expense,-1000000
bank_txn_expense_externaltransfers_1m_vs_6m,model_vars_expense,-1000000
bank_txn_expense_externaltransfers_3m_vs_6m,model_vars_expense,-1000000
bank_txn_expense_internaltransfer_1w_vs_1m,model_vars_expense,-1000000
bank_txn_expense_internaltransfer_1m_vs_3m,model_vars_expense,-1000000
bank_txn_expense_internaltransfer_1m_vs_6m,model_vars_expense,-1000000
bank_txn_expense_internaltransfer_3m_vs_6m,model_vars_expense,-1000000
bank_txn_expense_groceries_1w_vs_1m,model_vars_expense,-1000000
bank_txn_expense_groceries_1m_vs_3m,model_vars_expense,-1000000
bank_txn_expense_groceries_1m_vs_6m,model_vars_expense,-1000000
bank_txn_expense_groceries_3m_vs_6m,model_vars_expense,-1000000
bank_txn_expense_retail_1w_vs_1m,model_vars_expense,-1000000
bank_txn_expense_retail_1m_vs_3m,model_vars_expense,-1000000
bank_txn_expense_retail_1m_vs_6m,model_vars_expense,-1000000
bank_txn_expense_retail_3m_vs_6m,model_vars_expense,-1000000
bank_txn_expense_departmentstores_1w_vs_1m,model_vars_expense,-1000000
bank_txn_expense_departmentstores_1m_vs_3m,model_vars_expense,-1000000
bank_txn_expense_departmentstores_1m_vs_6m,model_vars_expense,-1000000
bank_txn_expense_departmentstores_3m_vs_6m,model_vars_expense,-1000000
bank_txn_expense_automotive_1w_vs_1m,model_vars_expense,-1000000
bank_txn_expense_automotive_1m_vs_3m,model_vars_expense,-1000000
bank_txn_expense_automotive_1m_vs_6m,model_vars_expense,-1000000
bank_txn_expense_automotive_3m_vs_6m,model_vars_expense,-1000000
bank_txn_expense_rent_1w_vs_1m,model_vars_expense,-1000000
bank_txn_expense_rent_1m_vs_3m,model_vars_expense,-1000000
bank_txn_expense_rent_1m_vs_6m,model_vars_expense,-1000000
bank_txn_expense_rent_3m_vs_6m,model_vars_expense,-1000000
bank_txn_expense_health_1w_vs_1m,model_vars_expense,-1000000
bank_txn_expense_health_1m_vs_3m,model_vars_expense,-1000000
bank_txn_expense_health_1m_vs_6m,model_vars_expense,-1000000
bank_txn_expense_health_3m_vs_6m,model_vars_expense,-1000000
bank_txn_expense_utilities_1w_vs_1m,model_vars_expense,-1000000
bank_txn_expense_utilities_1m_vs_3m,model_vars_expense,-1000000
bank_txn_expense_utilities_1m_vs_6m,model_vars_expense,-1000000
bank_txn_expense_utilities_3m_vs_6m,model_vars_expense,-1000000
bank_txn_expense_education_1w_vs_1m,model_vars_expense,-1000000
bank_txn_expense_education_1m_vs_3m,model_vars_expense,-1000000
bank_txn_expense_education_1m_vs_6m,model_vars_expense,-1000000
bank_txn_expense_education_3m_vs_6m,model_vars_expense,-1000000
bank_txn_expense_telecommunications_1w_vs_1m,model_vars_expense,-1000000
bank_txn_expense_telecommunications_1m_vs_3m,model_vars_expense,-1000000
bank_txn_expense_telecommunications_1m_vs_6m,model_vars_expense,-1000000
bank_txn_expense_telecommunications_3m_vs_6m,model_vars_expense,-1000000
bank_txn_expense_donations_1w_vs_1m,model_vars_expense,-1000000
bank_txn_expense_donations_1m_vs_3m,model_vars_expense,-1000000
bank_txn_expense_donations_1m_vs_6m,model_vars_expense,-1000000
bank_txn_expense_donations_3m_vs_6m,model_vars_expense,-1000000
bank_txn_expense_centrelink_1w_vs_1m,model_vars_expense,-1000000
bank_txn_expense_centrelink_1m_vs_3m,model_vars_expense,-1000000
bank_txn_expense_centrelink_1m_vs_6m,model_vars_expense,-1000000
bank_txn_expense_centrelink_3m_vs_6m,model_vars_expense,-1000000
bank_txn_expense_fees_1w_vs_1m,model_vars_expense,-1000000
bank_txn_expense_fees_1m_vs_3m,model_vars_expense,-1000000
bank_txn_expense_fees_1m_vs_6m,model_vars_expense,-1000000
bank_txn_expense_fees_3m_vs_6m,model_vars_expense,-1000000
bank_txn_expense_entertainment_1w_vs_1m,model_vars_expense,-1000000
bank_txn_expense_entertainment_1m_vs_3m,model_vars_expense,-1000000
bank_txn_expense_entertainment_1m_vs_6m,model_vars_expense,-1000000
bank_txn_expense_entertainment_3m_vs_6m,model_vars_expense,-1000000
bank_txn_expense_homeimprovement_1w_vs_1m,model_vars_expense,-1000000
bank_txn_expense_homeimprovement_1m_vs_3m,model_vars_expense,-1000000
bank_txn_expense_homeimprovement_1m_vs_6m,model_vars_expense,-1000000
bank_txn_expense_homeimprovement_3m_vs_6m,model_vars_expense,-1000000
bank_txn_expense_transport_1w_vs_1m,model_vars_expense,-1000000
bank_txn_expense_transport_1m_vs_3m,model_vars_expense,-1000000
bank_txn_expense_transport_1m_vs_6m,model_vars_expense,-1000000
bank_txn_expense_transport_3m_vs_6m,model_vars_expense,-1000000
bank_txn_expense_subscriptiontv_1w_vs_1m,model_vars_expense,-1000000
bank_txn_expense_subscriptiontv_1m_vs_3m,model_vars_expense,-1000000
bank_txn_expense_subscriptiontv_1m_vs_6m,model_vars_expense,-1000000
bank_txn_expense_subscriptiontv_3m_vs_6m,model_vars_expense,-1000000
bank_txn_expense_diningout_growth_rate_max,model_vars_expense,-1000000
bank_txn_expense_diningout_growth_rate_min,model_vars_expense,-1000000
bank_txn_expense_externaltransfers_growth_rate_max,model_vars_expense,-1000000
bank_txn_expense_externaltransfers_growth_rate_min,model_vars_expense,-1000000
bank_txn_expense_internaltransfer_growth_rate_max,model_vars_expense,-1000000
bank_txn_expense_internaltransfer_growth_rate_min,model_vars_expense,-1000000
bank_txn_expense_groceries_growth_rate_max,model_vars_expense,-1000000
bank_txn_expense_groceries_growth_rate_min,model_vars_expense,-1000000
bank_txn_expense_retail_growth_rate_max,model_vars_expense,-1000000
bank_txn_expense_retail_growth_rate_min,model_vars_expense,-1000000
bank_txn_expense_departmentstores_growth_rate_max,model_vars_expense,-1000000
bank_txn_expense_departmentstores_growth_rate_min,model_vars_expense,-1000000
bank_txn_expense_automotive_growth_rate_max,model_vars_expense,-1000000
bank_txn_expense_automotive_growth_rate_min,model_vars_expense,-1000000
bank_txn_expense_rent_growth_rate_max,model_vars_expense,-1000000
bank_txn_expense_rent_growth_rate_min,model_vars_expense,-1000000
bank_txn_expense_health_growth_rate_max,model_vars_expense,-1000000
bank_txn_expense_health_growth_rate_min,model_vars_expense,-1000000
bank_txn_expense_utilities_growth_rate_max,model_vars_expense,-1000000
bank_txn_expense_utilities_growth_rate_min,model_vars_expense,-1000000
bank_txn_expense_education_growth_rate_max,model_vars_expense,-1000000
bank_txn_expense_education_growth_rate_min,model_vars_expense,-1000000
bank_txn_expense_telecommunications_growth_rate_max,model_vars_expense,-1000000
bank_txn_expense_telecommunications_growth_rate_min,model_vars_expense,-1000000
bank_txn_expense_donations_growth_rate_max,model_vars_expense,-1000000
bank_txn_expense_donations_growth_rate_min,model_vars_expense,-1000000
bank_txn_expense_centrelink_growth_rate_max,model_vars_expense,-1000000
bank_txn_expense_centrelink_growth_rate_min,model_vars_expense,-1000000
bank_txn_expense_fees_growth_rate_max,model_vars_expense,-1000000
bank_txn_expense_fees_growth_rate_min,model_vars_expense,-1000000
bank_txn_expense_entertainment_growth_rate_max,model_vars_expense,-1000000
bank_txn_expense_entertainment_growth_rate_min,model_vars_expense,-1000000
bank_txn_expense_homeimprovement_growth_rate_max,model_vars_expense,-1000000
bank_txn_expense_homeimprovement_growth_rate_min,model_vars_expense,-1000000
bank_txn_expense_transport_growth_rate_max,model_vars_expense,-1000000
bank_txn_expense_transport_growth_rate_min,model_vars_expense,-1000000
bank_txn_expense_subscriptiontv_growth_rate_max,model_vars_expense,-1000000
bank_txn_expense_subscriptiontv_growth_rate_min,model_vars_expense,-1000000
bank_txn_expense_diningout_max_consecutive_months,model_vars_expense,-1000000
bank_txn_expense_externaltransfers_max_consecutive_months,model_vars_expense,-1000000
bank_txn_expense_internaltransfer_max_consecutive_months,model_vars_expense,-1000000
bank_txn_expense_groceries_max_consecutive_months,model_vars_expense,-1000000
bank_txn_expense_retail_max_consecutive_months,model_vars_expense,-1000000
bank_txn_expense_departmentstores_max_consecutive_months,model_vars_expense,-1000000
bank_txn_expense_automotive_max_consecutive_months,model_vars_expense,-1000000
bank_txn_expense_rent_max_consecutive_months,model_vars_expense,-1000000
bank_txn_expense_health_max_consecutive_months,model_vars_expense,-1000000
bank_txn_expense_utilities_max_consecutive_months,model_vars_expense,-1000000
bank_txn_expense_education_max_consecutive_months,model_vars_expense,-1000000
bank_txn_expense_telecommunications_max_consecutive_months,model_vars_expense,-1000000
bank_txn_expense_donations_max_consecutive_months,model_vars_expense,-1000000
bank_txn_expense_centrelink_max_consecutive_months,model_vars_expense,-1000000
bank_txn_expense_fees_max_consecutive_months,model_vars_expense,-1000000
bank_txn_expense_entertainment_max_consecutive_months,model_vars_expense,-1000000
bank_txn_expense_homeimprovement_max_consecutive_months,model_vars_expense,-1000000
bank_txn_expense_transport_max_consecutive_months,model_vars_expense,-1000000
bank_txn_expense_subscriptiontv_max_consecutive_months,model_vars_expense,-1000000
bank_txn_expense_diningout_max_consecutive_days,model_vars_expense,-1000000
bank_txn_expense_externaltransfers_max_consecutive_days,model_vars_expense,-1000000
bank_txn_expense_internaltransfer_max_consecutive_days,model_vars_expense,-1000000
bank_txn_expense_groceries_max_consecutive_days,model_vars_expense,-1000000
bank_txn_expense_retail_max_consecutive_days,model_vars_expense,-1000000
bank_txn_expense_departmentstores_max_consecutive_days,model_vars_expense,-1000000
bank_txn_expense_automotive_max_consecutive_days,model_vars_expense,-1000000
bank_txn_expense_rent_max_consecutive_days,model_vars_expense,-1000000
bank_txn_expense_health_max_consecutive_days,model_vars_expense,-1000000
bank_txn_expense_utilities_max_consecutive_days,model_vars_expense,-1000000
bank_txn_expense_education_max_consecutive_days,model_vars_expense,-1000000
bank_txn_expense_telecommunications_max_consecutive_days,model_vars_expense,-1000000
bank_txn_expense_donations_max_consecutive_days,model_vars_expense,-1000000
bank_txn_expense_centrelink_max_consecutive_days,model_vars_expense,-1000000
bank_txn_expense_fees_max_consecutive_days,model_vars_expense,-1000000
bank_txn_expense_entertainment_max_consecutive_days,model_vars_expense,-1000000
bank_txn_expense_homeimprovement_max_consecutive_days,model_vars_expense,-1000000
bank_txn_expense_transport_max_consecutive_days,model_vars_expense,-1000000
bank_txn_expense_subscriptiontv_max_consecutive_days,model_vars_expense,-1000000
bank_txn_expense_diningout_trend_slope_7d,model_vars_expense,-1000000
bank_txn_expense_externaltransfers_trend_slope_7d,model_vars_expense,-1000000
bank_txn_expense_internaltransfer_trend_slope_7d,model_vars_expense,-1000000
bank_txn_expense_groceries_trend_slope_7d,model_vars_expense,-1000000
bank_txn_expense_retail_trend_slope_7d,model_vars_expense,-1000000
bank_txn_expense_departmentstores_trend_slope_7d,model_vars_expense,-1000000
bank_txn_expense_automotive_trend_slope_7d,model_vars_expense,-1000000
bank_txn_expense_rent_trend_slope_7d,model_vars_expense,-1000000
bank_txn_expense_health_trend_slope_7d,model_vars_expense,-1000000
bank_txn_expense_utilities_trend_slope_7d,model_vars_expense,-1000000
bank_txn_expense_education_trend_slope_7d,model_vars_expense,-1000000
bank_txn_expense_telecommunications_trend_slope_7d,model_vars_expense,-1000000
bank_txn_expense_donations_trend_slope_7d,model_vars_expense,-1000000
bank_txn_expense_centrelink_trend_slope_7d,model_vars_expense,-1000000
bank_txn_expense_fees_trend_slope_7d,model_vars_expense,-1000000
bank_txn_expense_entertainment_trend_slope_7d,model_vars_expense,-1000000
bank_txn_expense_homeimprovement_trend_slope_7d,model_vars_expense,-1000000
bank_txn_expense_transport_trend_slope_7d,model_vars_expense,-1000000
bank_txn_expense_subscriptiontv_trend_slope_7d,model_vars_expense,-1000000
bank_txn_expense_diningout_trend_slope_14d,model_vars_expense,-1000000
bank_txn_expense_externaltransfers_trend_slope_14d,model_vars_expense,-1000000
bank_txn_expense_internaltransfer_trend_slope_14d,model_vars_expense,-1000000
bank_txn_expense_groceries_trend_slope_14d,model_vars_expense,-1000000
bank_txn_expense_retail_trend_slope_14d,model_vars_expense,-1000000
bank_txn_expense_departmentstores_trend_slope_14d,model_vars_expense,-1000000
bank_txn_expense_automotive_trend_slope_14d,model_vars_expense,-1000000
bank_txn_expense_rent_trend_slope_14d,model_vars_expense,-1000000
bank_txn_expense_health_trend_slope_14d,model_vars_expense,-1000000
bank_txn_expense_utilities_trend_slope_14d,model_vars_expense,-1000000
bank_txn_expense_education_trend_slope_14d,model_vars_expense,-1000000
bank_txn_expense_telecommunications_trend_slope_14d,model_vars_expense,-1000000
bank_txn_expense_donations_trend_slope_14d,model_vars_expense,-1000000
bank_txn_expense_centrelink_trend_slope_14d,model_vars_expense,-1000000
bank_txn_expense_fees_trend_slope_14d,model_vars_expense,-1000000
bank_txn_expense_entertainment_trend_slope_14d,model_vars_expense,-1000000
bank_txn_expense_homeimprovement_trend_slope_14d,model_vars_expense,-1000000
bank_txn_expense_transport_trend_slope_14d,model_vars_expense,-1000000
bank_txn_expense_subscriptiontv_trend_slope_14d,model_vars_expense,-1000000
bank_txn_expense_diningout_trend_slope_28d,model_vars_expense,-1000000
bank_txn_expense_externaltransfers_trend_slope_28d,model_vars_expense,-1000000
bank_txn_expense_internaltransfer_trend_slope_28d,model_vars_expense,-1000000
bank_txn_expense_groceries_trend_slope_28d,model_vars_expense,-1000000
bank_txn_expense_retail_trend_slope_28d,model_vars_expense,-1000000
bank_txn_expense_departmentstores_trend_slope_28d,model_vars_expense,-1000000
bank_txn_expense_automotive_trend_slope_28d,model_vars_expense,-1000000
bank_txn_expense_rent_trend_slope_28d,model_vars_expense,-1000000
bank_txn_expense_health_trend_slope_28d,model_vars_expense,-1000000
bank_txn_expense_utilities_trend_slope_28d,model_vars_expense,-1000000
bank_txn_expense_education_trend_slope_28d,model_vars_expense,-1000000
bank_txn_expense_telecommunications_trend_slope_28d,model_vars_expense,-1000000
bank_txn_expense_donations_trend_slope_28d,model_vars_expense,-1000000
bank_txn_expense_centrelink_trend_slope_28d,model_vars_expense,-1000000
bank_txn_expense_fees_trend_slope_28d,model_vars_expense,-1000000
bank_txn_expense_entertainment_trend_slope_28d,model_vars_expense,-1000000
bank_txn_expense_homeimprovement_trend_slope_28d,model_vars_expense,-1000000
bank_txn_expense_transport_trend_slope_28d,model_vars_expense,-1000000
bank_txn_expense_subscriptiontv_trend_slope_28d,model_vars_expense,-1000000
bank_txn_expense_diningout_trend_slope_56d,model_vars_expense,-1000000
bank_txn_expense_externaltransfers_trend_slope_56d,model_vars_expense,-1000000
bank_txn_expense_internaltransfer_trend_slope_56d,model_vars_expense,-1000000
bank_txn_expense_groceries_trend_slope_56d,model_vars_expense,-1000000
bank_txn_expense_retail_trend_slope_56d,model_vars_expense,-1000000
bank_txn_expense_departmentstores_trend_slope_56d,model_vars_expense,-1000000
bank_txn_expense_automotive_trend_slope_56d,model_vars_expense,-1000000
bank_txn_expense_rent_trend_slope_56d,model_vars_expense,-1000000
bank_txn_expense_health_trend_slope_56d,model_vars_expense,-1000000
bank_txn_expense_utilities_trend_slope_56d,model_vars_expense,-1000000
bank_txn_expense_education_trend_slope_56d,model_vars_expense,-1000000
bank_txn_expense_telecommunications_trend_slope_56d,model_vars_expense,-1000000
bank_txn_expense_donations_trend_slope_56d,model_vars_expense,-1000000
bank_txn_expense_centrelink_trend_slope_56d,model_vars_expense,-1000000
bank_txn_expense_fees_trend_slope_56d,model_vars_expense,-1000000
bank_txn_expense_entertainment_trend_slope_56d,model_vars_expense,-1000000
bank_txn_expense_homeimprovement_trend_slope_56d,model_vars_expense,-1000000
bank_txn_expense_transport_trend_slope_56d,model_vars_expense,-1000000
bank_txn_expense_subscriptiontv_trend_slope_56d,model_vars_expense,-1000000
bank_txn_expense_diningout_trend_slope_84d,model_vars_expense,-1000000
bank_txn_expense_externaltransfers_trend_slope_84d,model_vars_expense,-1000000
bank_txn_expense_internaltransfer_trend_slope_84d,model_vars_expense,-1000000
bank_txn_expense_groceries_trend_slope_84d,model_vars_expense,-1000000
bank_txn_expense_retail_trend_slope_84d,model_vars_expense,-1000000
bank_txn_expense_departmentstores_trend_slope_84d,model_vars_expense,-1000000
bank_txn_expense_automotive_trend_slope_84d,model_vars_expense,-1000000
bank_txn_expense_rent_trend_slope_84d,model_vars_expense,-1000000
bank_txn_expense_health_trend_slope_84d,model_vars_expense,-1000000
bank_txn_expense_utilities_trend_slope_84d,model_vars_expense,-1000000
bank_txn_expense_education_trend_slope_84d,model_vars_expense,-1000000
bank_txn_expense_telecommunications_trend_slope_84d,model_vars_expense,-1000000
bank_txn_expense_donations_trend_slope_84d,model_vars_expense,-1000000
bank_txn_expense_centrelink_trend_slope_84d,model_vars_expense,-1000000
bank_txn_expense_fees_trend_slope_84d,model_vars_expense,-1000000
bank_txn_expense_entertainment_trend_slope_84d,model_vars_expense,-1000000
bank_txn_expense_homeimprovement_trend_slope_84d,model_vars_expense,-1000000
bank_txn_expense_transport_trend_slope_84d,model_vars_expense,-1000000
bank_txn_expense_subscriptiontv_trend_slope_84d,model_vars_expense,-1000000
bank_txn_expense_diningout_trend_slope_168d,model_vars_expense,-1000000
bank_txn_expense_externaltransfers_trend_slope_168d,model_vars_expense,-1000000
bank_txn_expense_internaltransfer_trend_slope_168d,model_vars_expense,-1000000
bank_txn_expense_groceries_trend_slope_168d,model_vars_expense,-1000000
bank_txn_expense_retail_trend_slope_168d,model_vars_expense,-1000000
bank_txn_expense_departmentstores_trend_slope_168d,model_vars_expense,-1000000
bank_txn_expense_automotive_trend_slope_168d,model_vars_expense,-1000000
bank_txn_expense_rent_trend_slope_168d,model_vars_expense,-1000000
bank_txn_expense_health_trend_slope_168d,model_vars_expense,-1000000
bank_txn_expense_utilities_trend_slope_168d,model_vars_expense,-1000000
bank_txn_expense_education_trend_slope_168d,model_vars_expense,-1000000
bank_txn_expense_telecommunications_trend_slope_168d,model_vars_expense,-1000000
bank_txn_expense_donations_trend_slope_168d,model_vars_expense,-1000000
bank_txn_expense_centrelink_trend_slope_168d,model_vars_expense,-1000000
bank_txn_expense_fees_trend_slope_168d,model_vars_expense,-1000000
bank_txn_expense_entertainment_trend_slope_168d,model_vars_expense,-1000000
bank_txn_expense_homeimprovement_trend_slope_168d,model_vars_expense,-1000000
bank_txn_expense_transport_trend_slope_168d,model_vars_expense,-1000000
bank_txn_expense_subscriptiontv_trend_slope_168d,model_vars_expense,-1000000
bank_txn_expense_diningout_trend_slope_182d,model_vars_expense,-1000000
bank_txn_expense_externaltransfers_trend_slope_182d,model_vars_expense,-1000000
bank_txn_expense_internaltransfer_trend_slope_182d,model_vars_expense,-1000000
bank_txn_expense_groceries_trend_slope_182d,model_vars_expense,-1000000
bank_txn_expense_retail_trend_slope_182d,model_vars_expense,-1000000
bank_txn_expense_departmentstores_trend_slope_182d,model_vars_expense,-1000000
bank_txn_expense_automotive_trend_slope_182d,model_vars_expense,-1000000
bank_txn_expense_rent_trend_slope_182d,model_vars_expense,-1000000
bank_txn_expense_health_trend_slope_182d,model_vars_expense,-1000000
bank_txn_expense_utilities_trend_slope_182d,model_vars_expense,-1000000
bank_txn_expense_education_trend_slope_182d,model_vars_expense,-1000000
bank_txn_expense_telecommunications_trend_slope_182d,model_vars_expense,-1000000
bank_txn_expense_donations_trend_slope_182d,model_vars_expense,-1000000
bank_txn_expense_centrelink_trend_slope_182d,model_vars_expense,-1000000
bank_txn_expense_fees_trend_slope_182d,model_vars_expense,-1000000
bank_txn_expense_entertainment_trend_slope_182d,model_vars_expense,-1000000
bank_txn_expense_homeimprovement_trend_slope_182d,model_vars_expense,-1000000
bank_txn_expense_transport_trend_slope_182d,model_vars_expense,-1000000
bank_txn_expense_subscriptiontv_trend_slope_182d,model_vars_expense,-1000000
bank_txn_expense_diningout_3rdparty_count,model_vars_expense,-1000000
bank_txn_expense_externaltransfers_3rdparty_count,model_vars_expense,-1000000
bank_txn_expense_internaltransfer_3rdparty_count,model_vars_expense,-1000000
bank_txn_expense_groceries_3rdparty_count,model_vars_expense,-1000000
bank_txn_expense_retail_3rdparty_count,model_vars_expense,-1000000
bank_txn_expense_departmentstores_3rdparty_count,model_vars_expense,-1000000
bank_txn_expense_automotive_3rdparty_count,model_vars_expense,-1000000
bank_txn_expense_rent_3rdparty_count,model_vars_expense,-1000000
bank_txn_expense_health_3rdparty_count,model_vars_expense,-1000000
bank_txn_expense_utilities_3rdparty_count,model_vars_expense,-1000000
bank_txn_expense_education_3rdparty_count,model_vars_expense,-1000000
bank_txn_expense_telecommunications_3rdparty_count,model_vars_expense,-1000000
bank_txn_expense_donations_3rdparty_count,model_vars_expense,-1000000
bank_txn_expense_centrelink_3rdparty_count,model_vars_expense,-1000000
bank_txn_expense_fees_3rdparty_count,model_vars_expense,-1000000
bank_txn_expense_entertainment_3rdparty_count,model_vars_expense,-1000000
bank_txn_expense_homeimprovement_3rdparty_count,model_vars_expense,-1000000
bank_txn_expense_transport_3rdparty_count,model_vars_expense,-1000000
bank_txn_expense_subscriptiontv_3rdparty_count,model_vars_expense,-1000000
bank_txn_expense_diningout_3rdparty_max_consecutive,model_vars_expense,-1000000
bank_txn_expense_externaltransfers_3rdparty_max_consecutive,model_vars_expense,-1000000
bank_txn_expense_internaltransfer_3rdparty_max_consecutive,model_vars_expense,-1000000
bank_txn_expense_groceries_3rdparty_max_consecutive,model_vars_expense,-1000000
bank_txn_expense_retail_3rdparty_max_consecutive,model_vars_expense,-1000000
bank_txn_expense_departmentstores_3rdparty_max_consecutive,model_vars_expense,-1000000
bank_txn_expense_automotive_3rdparty_max_consecutive,model_vars_expense,-1000000
bank_txn_expense_rent_3rdparty_max_consecutive,model_vars_expense,-1000000
bank_txn_expense_health_3rdparty_max_consecutive,model_vars_expense,-1000000
bank_txn_expense_utilities_3rdparty_max_consecutive,model_vars_expense,-1000000
bank_txn_expense_education_3rdparty_max_consecutive,model_vars_expense,-1000000
bank_txn_expense_telecommunications_3rdparty_max_consecutive,model_vars_expense,-1000000
bank_txn_expense_donations_3rdparty_max_consecutive,model_vars_expense,-1000000
bank_txn_expense_centrelink_3rdparty_max_consecutive,model_vars_expense,-1000000
bank_txn_expense_fees_3rdparty_max_consecutive,model_vars_expense,-1000000
bank_txn_expense_entertainment_3rdparty_max_consecutive,model_vars_expense,-1000000
bank_txn_expense_homeimprovement_3rdparty_max_consecutive,model_vars_expense,-1000000
bank_txn_expense_transport_3rdparty_max_consecutive,model_vars_expense,-1000000
bank_txn_expense_subscriptiontv_3rdparty_max_consecutive,model_vars_expense,-1000000
